gateway listening on port 3000
gateway request | id=49b45d29-6ff0-4ab1-a725-3e0cb0428e89 | GET /api/recommendations/1 | status=200 | durationMs=50 | upstream=recommendations | cache=n/a | source=n/a
gateway request | id=160faef8-f893-46a1-ae85-7aabb715f19e | GET /api/recommendations/1 | status=200 | durationMs=9 | upstream=recommendations | cache=n/a | source=n/a
gateway request | id=83852641-8101-4337-a4d9-cf49124c6a82 | GET /api/recommendations/1 | status=200 | durationMs=5 | upstream=recommendations | cache=n/a | source=n/a
gateway request | id=ee884c78-1141-49fe-8393-1953140f89be | GET /api/recommendations/1 | status=200 | durationMs=4 | upstream=recommendations | cache=n/a | source=n/a
gateway request | id=ecda2750-5965-464f-bc7a-0506dfae66f3 | GET /api/recommendations/1 | status=200 | durationMs=5 | upstream=recommendations | cache=n/a | source=n/a
gateway request | id=a689d95e-b52a-464e-9b4b-5826632582dc | GET /api/recommendations/1 | status=200 | durationMs=5 | upstream=recommendations | cache=n/a | source=n/a
gateway request | id=4259baa2-eba9-4f7a-b788-741ddbd65abc | GET /api/recommendations/1 | status=200 | durationMs=8 | upstream=recommendations | cache=n/a | source=n/a
gateway request | id=d90adecf-77c9-4e1c-a812-a99b9d4f4b87 | GET /api/recommendations/1 | status=200 | durationMs=7 | upstream=recommendations | cache=n/a | source=n/a
gateway request | id=c064c43b-6321-4a14-858e-0cc7fc453943 | GET /api/recommendations/1 | status=200 | durationMs=8 | upstream=recommendations | cache=n/a | source=n/a
gateway request | id=36f63b52-976d-4f65-b1c6-b94628f0daf5 | GET /api/recommendations/1 | status=200 | durationMs=7 | upstream=recommendations | cache=n/a | source=n/a
gateway request | id=aa37eea3-ee62-4b7f-86df-f8fbc567d52e | GET /api/recommendations/1 | status=200 | durationMs=6 | upstream=recommendations | cache=n/a | source=n/a
gateway request | id=e884ecd4-9902-4458-9b03-cff06113f486 | GET /api/recommendations/1 | status=200 | durationMs=5 | upstream=recommendations | cache=n/a | source=n/a
gateway request | id=598ef79e-ed3a-4bbd-a98d-a4bcfa2389b9 | GET /api/recommendations/1 | status=200 | durationMs=4 | upstream=recommendations | cache=n/a | source=n/a
gateway request | id=543ef2fa-9b4c-4790-9fcb-9a916ef6fdbb | GET /api/recommendations/1 | status=200 | durationMs=4 | upstream=recommendations | cache=n/a | source=n/a
gateway request | id=e699ae6c-e268-4e0f-bba8-7dc0722563b4 | GET /api/recommendations/1 | status=200 | durationMs=5 | upstream=recommendations | cache=n/a | source=n/a
gateway request | id=babcd3f6-05ae-42c9-88d5-601a0cc72d20 | GET /api/recommendations/1 | status=200 | durationMs=4 | upstream=recommendations | cache=n/a | source=n/a
gateway request | id=43050da8-7cc0-4b19-8b61-24ce81a3baed | GET /api/recommendations/1 | status=200 | durationMs=4 | upstream=recommendations | cache=n/a | source=n/a
gateway request | id=34281de2-c4f6-429e-a2be-1453de8953a8 | GET /api/recommendations/1 | status=200 | durationMs=6 | upstream=recommendations | cache=n/a | source=n/a
gateway request | id=134f0d2b-df7d-4aa2-a8b2-e86a00342f40 | GET /api/recommendations/1 | status=200 | durationMs=4 | upstream=recommendations | cache=n/a | source=n/a
gateway request | id=702eca0e-c98c-4c11-ba4a-930ad9d29a51 | GET /api/recommendations/1 | status=200 | durationMs=4 | upstream=recommendations | cache=n/a | source=n/a
gateway request | id=b445ff98-3458-4bc0-ad15-188e65955357 | GET /api/recommendations/1 | status=200 | durationMs=5 | upstream=recommendations | cache=n/a | source=n/a
gateway request | id=ac4e4b86-e4f8-44b7-b66f-6acbdcfbe166 | GET /api/recommendations/1 | status=200 | durationMs=5 | upstream=recommendations | cache=n/a | source=n/a
gateway request | id=d43b48d2-d519-45e8-86ea-b3f8f76c7284 | GET /api/recommendations/1 | status=200 | durationMs=4 | upstream=recommendations | cache=n/a | source=n/a
gateway request | id=7c7d4a31-224e-4461-91d1-cb4e917bda59 | GET /api/recommendations/1 | status=200 | durationMs=4 | upstream=recommendations | cache=n/a | source=n/a
gateway request | id=84f06838-8feb-4cdf-8a1f-a5af2bfef99a | GET /api/recommendations/1 | status=200 | durationMs=6 | upstream=recommendations | cache=n/a | source=n/a
gateway request | id=84a4a69a-b404-4222-986f-95f5367f2149 | GET /api/recommendations/1 | status=200 | durationMs=4 | upstream=recommendations | cache=n/a | source=n/a
gateway request | id=52789ae8-f2da-40b9-b1a9-9c6ef739ebca | GET /api/recommendations/1 | status=200 | durationMs=4 | upstream=recommendations | cache=n/a | source=n/a
gateway request | id=ecb812c3-9218-414a-a55e-82e1c2f3b940 | GET /api/recommendations/1 | status=200 | durationMs=4 | upstream=recommendations | cache=n/a | source=n/a
gateway request | id=438ad2a0-3f4a-4fc0-a4cf-aa97fa31b430 | GET /api/recommendations/1 | status=200 | durationMs=4 | upstream=recommendations | cache=n/a | source=n/a
gateway request | id=001a8230-acf5-463e-ab49-084d0bc3f040 | GET /api/recommendations/1 | status=200 | durationMs=6 | upstream=recommendations | cache=n/a | source=n/a
gateway request | id=eb3aec07-a197-4baa-936e-c652ae04d259 | GET /api/recommendations/1 | status=200 | durationMs=3 | upstream=recommendations | cache=n/a | source=n/a
gateway request | id=e6ce261d-e404-49bf-afc1-2217f9c6ce1f | GET /api/recommendations/1 | status=200 | durationMs=4 | upstream=recommendations | cache=n/a | source=n/a
gateway request | id=e2065499-9256-4b02-9023-14eeba7ff450 | GET /api/recommendations/1 | status=200 | durationMs=6 | upstream=recommendations | cache=n/a | source=n/a
gateway request | id=6a0f5ffc-f369-4d0f-aa98-61b424f8eb1f | GET /api/recommendations/1 | status=200 | durationMs=4 | upstream=recommendations | cache=n/a | source=n/a
gateway request | id=79c0def5-4531-4837-85a4-1924a2049575 | GET /api/recommendations/1 | status=200 | durationMs=7 | upstream=recommendations | cache=n/a | source=n/a
gateway request | id=b5f3299b-708c-4daa-b8d3-0ab6771d222b | GET /api/recommendations/1 | status=200 | durationMs=3 | upstream=recommendations | cache=n/a | source=n/a
gateway request | id=81018f38-8a85-416b-8a74-abeef94c2e75 | GET /api/recommendations/1 | status=200 | durationMs=5 | upstream=recommendations | cache=n/a | source=n/a
gateway request | id=50e855cd-509b-4f5d-ab2d-846242c0200b | GET /api/recommendations/1 | status=200 | durationMs=5 | upstream=recommendations | cache=n/a | source=n/a
gateway request | id=52d2343b-85ab-47d8-b6a1-b5e911c72c1b | GET /api/recommendations/1 | status=200 | durationMs=6 | upstream=recommendations | cache=n/a | source=n/a
gateway request | id=14497d5b-3dc7-4d3d-be76-554ceef4a16f | GET /api/recommendations/1 | status=200 | durationMs=4 | upstream=recommendations | cache=n/a | source=n/a
gateway request | id=2cdf76c0-5a60-4bfb-87fb-1bc71a04ffdb | GET /api/recommendations/1 | status=200 | durationMs=4 | upstream=recommendations | cache=n/a | source=n/a
gateway request | id=0726c804-33ee-4bb3-ae00-e788e0aba6f0 | GET /api/recommendations/1 | status=200 | durationMs=5 | upstream=recommendations | cache=n/a | source=n/a
gateway request | id=7703955d-b1e2-4486-b06a-cc730a83992c | GET /api/recommendations/1 | status=200 | durationMs=4 | upstream=recommendations | cache=n/a | source=n/a
gateway request | id=91602c86-e854-4626-9f63-7f3f6841b663 | GET /api/recommendations/1 | status=200 | durationMs=4 | upstream=recommendations | cache=n/a | source=n/a
gateway request | id=7bd7ea79-cf60-49ad-978d-7d7689110e58 | GET /api/recommendations/1 | status=200 | durationMs=6 | upstream=recommendations | cache=n/a | source=n/a
gateway request | id=9704473d-41d0-420f-9ba4-0c52a27bcec1 | GET /api/recommendations/1 | status=200 | durationMs=5 | upstream=recommendations | cache=n/a | source=n/a
gateway request | id=e84f0990-05b5-44f2-b9c5-c112abbb8ec2 | GET /api/recommendations/1 | status=200 | durationMs=6 | upstream=recommendations | cache=n/a | source=n/a
gateway request | id=379b518a-c4c1-4dde-afec-a71b5db275e5 | GET /api/recommendations/1 | status=200 | durationMs=4 | upstream=recommendations | cache=n/a | source=n/a
gateway request | id=be9271c9-809d-4aea-97d4-7ba58ec2c9b6 | GET /api/recommendations/1 | status=200 | durationMs=4 | upstream=recommendations | cache=n/a | source=n/a
gateway request | id=f7e5478c-b23b-4a5d-9db4-241d3f80d5ca | GET /api/recommendations/1 | status=200 | durationMs=4 | upstream=recommendations | cache=n/a | source=n/a
gateway request | id=1665c1e5-a1b7-4281-8162-310672442b4a | GET /api/recommendations/1 | status=200 | durationMs=5 | upstream=recommendations | cache=n/a | source=n/a
gateway request | id=71aad9b7-c108-4504-a701-71056ffb80b0 | GET /api/recommendations/1 | status=200 | durationMs=7 | upstream=recommendations | cache=n/a | source=n/a
gateway request | id=453b718c-29b3-45e7-b47c-2d3440f30185 | GET /api/recommendations/1 | status=200 | durationMs=4 | upstream=recommendations | cache=n/a | source=n/a
gateway request | id=2cf51c64-e4d9-49a5-ad55-8fb81fe2ca2d | GET /api/recommendations/1 | status=200 | durationMs=6 | upstream=recommendations | cache=n/a | source=n/a
gateway request | id=4b0350b7-a0f6-4076-8809-bd19c2861223 | GET /api/recommendations/1 | status=200 | durationMs=4 | upstream=recommendations | cache=n/a | source=n/a
gateway request | id=5b7b5a30-c94d-4cfa-914f-47e38e2088fa | GET /api/recommendations/1 | status=200 | durationMs=4 | upstream=recommendations | cache=n/a | source=n/a
gateway request | id=d35b55ae-1473-475e-b4e2-24f297a144c9 | GET /api/recommendations/1 | status=200 | durationMs=4 | upstream=recommendations | cache=n/a | source=n/a
gateway request | id=0d581450-6eae-4d91-acfb-8b0cbc425a53 | GET /api/recommendations/1 | status=200 | durationMs=4 | upstream=recommendations | cache=n/a | source=n/a
gateway request | id=3b09bb18-40f3-4e1e-8229-6e1f8f688f9f | GET /api/recommendations/1 | status=200 | durationMs=6 | upstream=recommendations | cache=n/a | source=n/a
gateway request | id=b0321f54-e926-4ea8-ae1e-d42210fdecf8 | GET /api/recommendations/1 | status=200 | durationMs=4 | upstream=recommendations | cache=n/a | source=n/a
gateway request | id=bd5c843a-8dee-4e16-8072-1a1baefcca6f | GET /api/recommendations/1 | status=200 | durationMs=6 | upstream=recommendations | cache=n/a | source=n/a
gateway request | id=77ff8c52-ce6f-4d5a-ae4f-5452a89177e9 | GET /api/recommendations/1 | status=200 | durationMs=4 | upstream=recommendations | cache=n/a | source=n/a
gateway request | id=67b4b61e-baf0-40e4-9f0b-caded1d2880c | GET /api/recommendations/1 | status=200 | durationMs=3 | upstream=recommendations | cache=n/a | source=n/a
gateway request | id=d8eaed06-0a7a-4bce-be05-c35fe612aa9c | GET /api/recommendations/1 | status=200 | durationMs=3 | upstream=recommendations | cache=n/a | source=n/a
gateway request | id=c67e931d-94bb-4165-8162-283fd770f57b | GET /api/recommendations/1 | status=200 | durationMs=4 | upstream=recommendations | cache=n/a | source=n/a
gateway request | id=eadc6328-106c-42d6-93b9-de51736a9f89 | GET /api/recommendations/1 | status=200 | durationMs=4 | upstream=recommendations | cache=n/a | source=n/a
gateway request | id=a000a4ab-881e-47fd-aa70-415c6479947d | GET /api/recommendations/1 | status=200 | durationMs=6 | upstream=recommendations | cache=n/a | source=n/a
gateway request | id=f17e8c0f-9864-4714-9065-84756da1a0ea | GET /api/recommendations/1 | status=200 | durationMs=3 | upstream=recommendations | cache=n/a | source=n/a
gateway request | id=9b5ecdc8-f33b-4b5d-a92e-8db7318c5c29 | GET /api/recommendations/1 | status=200 | durationMs=6 | upstream=recommendations | cache=n/a | source=n/a
gateway request | id=de4919e7-1144-4a88-afd0-f8e7efc7ade0 | GET /api/recommendations/1 | status=200 | durationMs=4 | upstream=recommendations | cache=n/a | source=n/a
gateway request | id=628c5c68-8899-4f1d-a979-807a08951cb7 | GET /api/recommendations/1 | status=200 | durationMs=5 | upstream=recommendations | cache=n/a | source=n/a
gateway request | id=75586593-8486-415f-b917-640335204f01 | GET /api/recommendations/1 | status=200 | durationMs=4 | upstream=recommendations | cache=n/a | source=n/a
gateway request | id=47f19c9e-9994-4e94-85a5-16da0a5799e9 | GET /api/recommendations/1 | status=200 | durationMs=3 | upstream=recommendations | cache=n/a | source=n/a
gateway request | id=ee645619-45c7-49b4-a636-8ebec9ba2ff3 | GET /api/recommendations/1 | status=200 | durationMs=4 | upstream=recommendations | cache=n/a | source=n/a
gateway request | id=ace16439-efc0-4c89-82b6-49c7fb9a12f3 | GET /api/recommendations/1 | status=200 | durationMs=6 | upstream=recommendations | cache=n/a | source=n/a
gateway request | id=54a93500-99a1-4510-8531-6d027593c2b6 | GET /api/recommendations/1 | status=200 | durationMs=4 | upstream=recommendations | cache=n/a | source=n/a
gateway request | id=d0b49840-0b73-49b7-a872-c0c32b0e0cdb | GET /api/recommendations/1 | status=200 | durationMs=6 | upstream=recommendations | cache=n/a | source=n/a
gateway request | id=23af30a2-070a-4056-995a-0948e52ad016 | GET /api/recommendations/1 | status=200 | durationMs=4 | upstream=recommendations | cache=n/a | source=n/a
gateway request | id=79608917-ec24-4d44-bbcf-9486a061f589 | GET /api/recommendations/1 | status=200 | durationMs=6 | upstream=recommendations | cache=n/a | source=n/a
gateway request | id=d5e226b0-00d2-48d0-8610-8d46fdd1287d | GET /api/recommendations/1 | status=200 | durationMs=6 | upstream=recommendations | cache=n/a | source=n/a
gateway request | id=129fa965-12e7-44c1-94f1-70faf4ea8ff8 | GET /api/recommendations/1 | status=200 | durationMs=4 | upstream=recommendations | cache=n/a | source=n/a
gateway request | id=c4aeb13b-b5b4-460c-bd03-a735045a0e89 | GET /api/recommendations/1 | status=200 | durationMs=4 | upstream=recommendations | cache=n/a | source=n/a
gateway request | id=0e295add-1607-4236-9aab-922aec062e61 | GET /api/recommendations/1 | status=200 | durationMs=4 | upstream=recommendations | cache=n/a | source=n/a
gateway request | id=0579a424-3fec-459c-97c7-152a39a8ddc7 | GET /api/recommendations/1 | status=200 | durationMs=7 | upstream=recommendations | cache=n/a | source=n/a
gateway request | id=4f59ad6a-a254-4612-9778-02db5cd49cd3 | GET /api/recommendations/1 | status=200 | durationMs=4 | upstream=recommendations | cache=n/a | source=n/a
gateway request | id=7de3d265-4b98-4ca9-aa89-9f8f0c3aeb4a | GET /api/recommendations/1 | status=200 | durationMs=4 | upstream=recommendations | cache=n/a | source=n/a
gateway request | id=615f8bc7-1080-49ab-b02e-17221df8a997 | GET /api/recommendations/1 | status=200 | durationMs=3 | upstream=recommendations | cache=n/a | source=n/a
gateway request | id=4ce0dc92-fbfa-4c01-9137-2711bda2340d | GET /api/recommendations/1 | status=200 | durationMs=5 | upstream=recommendations | cache=n/a | source=n/a
gateway request | id=a8e6859a-113b-4cd6-bef7-83b574d27629 | GET /api/recommendations/1 | status=200 | durationMs=6 | upstream=recommendations | cache=n/a | source=n/a
gateway request | id=3eed9b57-13ca-4fdd-a630-4ecbfb3dbf2c | GET /api/recommendations/1 | status=200 | durationMs=3 | upstream=recommendations | cache=n/a | source=n/a
gateway request | id=dadca64a-fe1f-4bed-83f5-82b9bf40973b | GET /api/recommendations/1 | status=200 | durationMs=4 | upstream=recommendations | cache=n/a | source=n/a
gateway request | id=c1299a7d-834f-42d6-a592-5789f958f318 | GET /api/recommendations/1 | status=200 | durationMs=3 | upstream=recommendations | cache=n/a | source=n/a
gateway request | id=82dd66ec-cb76-4597-b17a-077b1bd56ed5 | GET /api/recommendations/1 | status=200 | durationMs=6 | upstream=recommendations | cache=n/a | source=n/a
gateway request | id=b521feec-ee3c-4fb7-bcd8-a3e8358c60a9 | GET /api/recommendations/1 | status=200 | durationMs=3 | upstream=recommendations | cache=n/a | source=n/a
gateway request | id=9197b691-563b-4f77-9d16-b71f7cdb32bb | GET /api/recommendations/1 | status=200 | durationMs=4 | upstream=recommendations | cache=n/a | source=n/a
gateway request | id=0eb3679b-628c-4db4-ad1a-ce49c9ba0804 | GET /api/recommendations/1 | status=200 | durationMs=4 | upstream=recommendations | cache=n/a | source=n/a
gateway request | id=fd9029e5-715e-48ce-b035-1a62663c3dd1 | GET /api/recommendations/1 | status=200 | durationMs=4 | upstream=recommendations | cache=n/a | source=n/a
gateway request | id=223336b5-c2dc-4d80-a764-ad4f5839db95 | GET /api/recommendations/1 | status=200 | durationMs=6 | upstream=recommendations | cache=n/a | source=n/a
gateway request | id=4bcd8ba2-3c19-4968-87c8-36bee6fc733c | GET /api/recommendations/1 | status=200 | durationMs=4 | upstream=recommendations | cache=n/a | source=n/a
gateway request | id=ce62f9dc-02ec-4ed9-b3e0-fff01775be53 | GET /api/recommendations/1 | status=200 | durationMs=3 | upstream=recommendations | cache=n/a | source=n/a
gateway request | id=b8851141-9880-4686-a2ab-b2a0a7cb2255 | GET /api/recommendations/1 | status=200 | durationMs=3 | upstream=recommendations | cache=n/a | source=n/a
gateway request | id=ee4d6ba8-404d-4fb3-8cff-8980d4b9c29d | GET /api/recommendations/1 | status=200 | durationMs=2 | upstream=recommendations | cache=n/a | source=n/a
gateway request | id=4c9bab14-d04c-4f89-903a-fa824dd58d7d | GET /api/recommendations/1 | status=200 | durationMs=5 | upstream=recommendations | cache=n/a | source=n/a
gateway request | id=004b4e73-1ba3-43f9-82be-47a546bb91b3 | GET /api/recommendations/1 | status=200 | durationMs=4 | upstream=recommendations | cache=n/a | source=n/a
gateway request | id=0c1beaad-650c-4c35-bb34-e4ee2bdd429c | GET /api/recommendations/1 | status=200 | durationMs=3 | upstream=recommendations | cache=n/a | source=n/a
gateway request | id=7ae50f09-1e5d-4f9f-b888-27e1afc04905 | GET /api/recommendations/1 | status=200 | durationMs=4 | upstream=recommendations | cache=n/a | source=n/a
gateway request | id=e5a5215c-1eb0-46b1-8bc5-5abab9e0d0e5 | GET /api/recommendations/1 | status=200 | durationMs=4 | upstream=recommendations | cache=n/a | source=n/a
gateway request | id=a65b7bb8-63fd-40cc-a9fe-4d9e8b5f6c62 | GET /api/recommendations/1 | status=200 | durationMs=6 | upstream=recommendations | cache=n/a | source=n/a
gateway request | id=01135cd7-e68e-46cd-ad28-616c19a432a0 | GET /api/recommendations/1 | status=200 | durationMs=3 | upstream=recommendations | cache=n/a | source=n/a
gateway request | id=7ca6fad6-ef4f-4141-b7aa-83b61d5d7f1e | GET /api/recommendations/1 | status=200 | durationMs=4 | upstream=recommendations | cache=n/a | source=n/a
gateway request | id=ac02830b-527b-4d83-8379-46208b41386e | GET /api/recommendations/1 | status=200 | durationMs=3 | upstream=recommendations | cache=n/a | source=n/a
gateway request | id=f3af2c27-8bd4-47d1-87e4-b51d0a0102f3 | GET /api/recommendations/1 | status=200 | durationMs=5 | upstream=recommendations | cache=n/a | source=n/a
gateway request | id=4a7a2e67-8b78-455d-8841-e26612ec9c2e | GET /api/recommendations/1 | status=200 | durationMs=7 | upstream=recommendations | cache=n/a | source=n/a
gateway request | id=98554f2b-9b9e-40a2-b01c-fa9af843a370 | GET /api/recommendations/1 | status=200 | durationMs=4 | upstream=recommendations | cache=n/a | source=n/a
gateway request | id=e29ca0b9-7cd9-4b60-a16e-d2a3129592c8 | GET /api/recommendations/1 | status=200 | durationMs=3 | upstream=recommendations | cache=n/a | source=n/a
gateway request | id=2a75b727-f46f-42ed-92f8-40d762f8e058 | GET /api/recommendations/1 | status=200 | durationMs=3 | upstream=recommendations | cache=n/a | source=n/a
gateway request | id=541265bf-1344-4212-8c57-d13378ced2ee | GET /api/recommendations/1 | status=200 | durationMs=3 | upstream=recommendations | cache=n/a | source=n/a
gateway request | id=a6cbc7b0-7b45-4377-a774-4b8d90565332 | GET /api/recommendations/1 | status=200 | durationMs=6 | upstream=recommendations | cache=n/a | source=n/a
gateway request | id=eebc2edb-73ff-479f-8679-a8a9d8663c71 | GET /api/recommendations/1 | status=200 | durationMs=4 | upstream=recommendations | cache=n/a | source=n/a
gateway request | id=297e52cc-4356-44ef-9175-41678e7488c4 | GET /api/recommendations/1 | status=200 | durationMs=5 | upstream=recommendations | cache=n/a | source=n/a
gateway request | id=355a1603-b8d3-440e-898d-b88df2ee79e0 | GET /api/recommendations/1 | status=200 | durationMs=4 | upstream=recommendations | cache=n/a | source=n/a
gateway request | id=72aff85d-7ccf-4b0e-b349-89e4fccf2b22 | GET /api/recommendations/1 | status=200 | durationMs=4 | upstream=recommendations | cache=n/a | source=n/a
gateway request | id=68357179-6c6f-43fb-a3d9-b4bef15850e3 | GET /api/recommendations/1 | status=200 | durationMs=3 | upstream=recommendations | cache=n/a | source=n/a
gateway request | id=a4a15f7e-5952-430e-aadb-09e2df68907f | GET /api/recommendations/1 | status=200 | durationMs=6 | upstream=recommendations | cache=n/a | source=n/a
gateway request | id=f75ca239-b412-4628-a4a7-c6cd01ab8c68 | GET /api/recommendations/1 | status=200 | durationMs=4 | upstream=recommendations | cache=n/a | source=n/a
gateway request | id=f14ac45f-da55-4cf0-9d6a-15e8f4ab3d80 | GET /api/recommendations/1 | status=200 | durationMs=1 | upstream=recommendations | cache=n/a | source=n/a
gateway request | id=f62d66dc-980e-4e6f-8db9-b4a0c084f03f | GET /api/recommendations/1 | status=200 | durationMs=2 | upstream=recommendations | cache=n/a | source=n/a
gateway request | id=aba40ab0-5410-4ea3-bea7-fb09ed34c7fc | GET /api/recommendations/1 | status=200 | durationMs=4 | upstream=recommendations | cache=n/a | source=n/a
gateway request | id=d58bc762-ad5a-4d24-a205-6644ccbf5a15 | GET /api/recommendations/1 | status=200 | durationMs=3 | upstream=recommendations | cache=n/a | source=n/a
gateway request | id=d9cfbad4-0744-4fb7-b725-73d707ce5de7 | GET /api/recommendations/1 | status=200 | durationMs=2 | upstream=recommendations | cache=n/a | source=n/a
gateway request | id=2dffebd3-72b4-4145-a8b6-ed974e07e04c | GET /api/recommendations/1 | status=200 | durationMs=4 | upstream=recommendations | cache=n/a | source=n/a
gateway request | id=077ec837-8411-4a13-b337-745a34e30401 | GET /api/recommendations/1 | status=200 | durationMs=3 | upstream=recommendations | cache=n/a | source=n/a
gateway request | id=54d2614b-3f74-4ec6-abb1-57714e7a001f | GET /api/recommendations/1 | status=200 | durationMs=4 | upstream=recommendations | cache=n/a | source=n/a
gateway request | id=115fd6fb-58e2-4c06-b979-9a5e12999ffc | GET /api/recommendations/1 | status=200 | durationMs=3 | upstream=recommendations | cache=n/a | source=n/a
gateway request | id=6d10d89b-068b-4617-8efb-37cee0e83028 | GET /api/recommendations/1 | status=200 | durationMs=4 | upstream=recommendations | cache=n/a | source=n/a
gateway request | id=80f3b620-6397-49a0-88ff-83c50afc5c91 | GET /api/recommendations/1 | status=200 | durationMs=5 | upstream=recommendations | cache=n/a | source=n/a
gateway request | id=4f9b9ae3-a195-4d60-ada9-fa13127972f8 | GET /api/recommendations/1 | status=200 | durationMs=2 | upstream=recommendations | cache=n/a | source=n/a
gateway request | id=531f0951-8f3f-450a-8282-874d98147358 | GET /api/recommendations/1 | status=200 | durationMs=4 | upstream=recommendations | cache=n/a | source=n/a
gateway request | id=776a2e2a-4599-4740-82ee-dfd99204d901 | GET /api/recommendations/1 | status=200 | durationMs=3 | upstream=recommendations | cache=n/a | source=n/a
gateway request | id=36e1d770-7196-48e3-862f-86313423ec3e | GET /api/recommendations/1 | status=200 | durationMs=5 | upstream=recommendations | cache=n/a | source=n/a
gateway request | id=13cc4308-0ba7-44b4-9fa6-4e090259d6e2 | GET /api/recommendations/1 | status=200 | durationMs=3 | upstream=recommendations | cache=n/a | source=n/a
gateway request | id=13957272-5330-457b-9ff1-2801d5896b71 | GET /api/recommendations/1 | status=200 | durationMs=4 | upstream=recommendations | cache=n/a | source=n/a
gateway request | id=00577260-1079-4431-a4c8-05e62db969ed | GET /api/recommendations/1 | status=200 | durationMs=4 | upstream=recommendations | cache=n/a | source=n/a
gateway request | id=98022399-90d0-4796-a87a-d08f62c5ba1b | GET /api/recommendations/1 | status=200 | durationMs=5 | upstream=recommendations | cache=n/a | source=n/a
gateway request | id=717a019b-d07e-4c85-b393-f16b23950d1e | GET /api/recommendations/1 | status=200 | durationMs=4 | upstream=recommendations | cache=n/a | source=n/a
gateway request | id=efbf2764-aedc-4c96-bfb9-fa6bfb989262 | GET /api/recommendations/1 | status=200 | durationMs=3 | upstream=recommendations | cache=n/a | source=n/a
gateway request | id=de479d38-9297-42e1-a256-bce322e6af23 | GET /api/recommendations/1 | status=200 | durationMs=3 | upstream=recommendations | cache=n/a | source=n/a
gateway request | id=63e4b93e-2928-4a31-ab17-cc728170d634 | GET /api/recommendations/1 | status=200 | durationMs=2 | upstream=recommendations | cache=n/a | source=n/a
gateway request | id=e16d5bf8-8e17-4ea2-9300-78a98fe76117 | GET /api/recommendations/1 | status=200 | durationMs=3 | upstream=recommendations | cache=n/a | source=n/a
gateway request | id=2c3dd94b-6889-4a4c-b748-008b9e8902c8 | GET /api/recommendations/1 | status=200 | durationMs=3 | upstream=recommendations | cache=n/a | source=n/a
gateway request | id=5faa68f5-8113-4564-b436-850f44bccb7e | GET /api/recommendations/1 | status=200 | durationMs=4 | upstream=recommendations | cache=n/a | source=n/a
gateway request | id=02ac6e35-457d-4047-bc31-e9281ee9ec91 | GET /api/recommendations/1 | status=200 | durationMs=3 | upstream=recommendations | cache=n/a | source=n/a
gateway request | id=b0378845-8b25-4dd1-b9f2-2fd5eb792c85 | GET /api/recommendations/1 | status=200 | durationMs=3 | upstream=recommendations | cache=n/a | source=n/a
gateway request | id=3ad6ee17-72bb-4d8d-8fc8-78f0eed67b2e | GET /api/recommendations/1 | status=200 | durationMs=4 | upstream=recommendations | cache=n/a | source=n/a
gateway request | id=97de40bc-09a8-463e-9557-2469f7eb7f98 | GET /api/recommendations/1 | status=200 | durationMs=3 | upstream=recommendations | cache=n/a | source=n/a
gateway request | id=f298d62d-365c-42ce-a181-c3fc73428454 | GET /api/recommendations/1 | status=200 | durationMs=4 | upstream=recommendations | cache=n/a | source=n/a
gateway request | id=901b540d-432f-492b-af54-919082898eb3 | GET /api/recommendations/1 | status=200 | durationMs=4 | upstream=recommendations | cache=n/a | source=n/a
gateway request | id=96357a76-c3b4-460d-93f1-939fb92bd5ec | GET /api/recommendations/1 | status=200 | durationMs=5 | upstream=recommendations | cache=n/a | source=n/a
gateway request | id=5a3ee18f-71a5-4bae-bf77-f5ed9adbb7e4 | GET /api/recommendations/1 | status=200 | durationMs=5 | upstream=recommendations | cache=n/a | source=n/a
gateway request | id=1b06cb7d-62bb-4a06-8a75-506ee5eba968 | GET /api/recommendations/1 | status=200 | durationMs=4 | upstream=recommendations | cache=n/a | source=n/a
gateway request | id=df03a517-398e-4975-8db0-e750c8369cce | GET /api/recommendations/1 | status=200 | durationMs=3 | upstream=recommendations | cache=n/a | source=n/a
gateway request | id=de224033-1f51-4b58-b8d3-0bbaa29bfd40 | GET /api/recommendations/1 | status=200 | durationMs=4 | upstream=recommendations | cache=n/a | source=n/a
gateway request | id=a731622c-82a3-4154-80cf-e6efbe84f068 | GET /api/recommendations/1 | status=200 | durationMs=3 | upstream=recommendations | cache=n/a | source=n/a
gateway request | id=6f0082c4-116a-4e9b-a8c6-90e0b66abd0f | GET /api/recommendations/1 | status=200 | durationMs=3 | upstream=recommendations | cache=n/a | source=n/a
gateway request | id=55b6ca59-ca52-4fbb-af77-368037bbd51d | GET /api/recommendations/1 | status=200 | durationMs=4 | upstream=recommendations | cache=n/a | source=n/a
gateway request | id=d2394489-d3cd-451b-8d65-d166ebdbdea8 | GET /api/recommendations/1 | status=200 | durationMs=5 | upstream=recommendations | cache=n/a | source=n/a
gateway request | id=c41d100d-6ec6-441c-9ecf-3837b3b37b6e | GET /api/recommendations/1 | status=200 | durationMs=4 | upstream=recommendations | cache=n/a | source=n/a
gateway request | id=bdbd5a12-cb67-421a-bb0b-c4424464a4dd | GET /api/recommendations/1 | status=200 | durationMs=3 | upstream=recommendations | cache=n/a | source=n/a
gateway request | id=2301ddea-6400-4124-8923-37b62c8497a0 | GET /api/recommendations/1 | status=200 | durationMs=3 | upstream=recommendations | cache=n/a | source=n/a
gateway request | id=9518fbed-8c6e-48c4-b88f-f998d6d50c7f | GET /api/recommendations/1 | status=200 | durationMs=6 | upstream=recommendations | cache=n/a | source=n/a
gateway request | id=9885ab46-9346-41fb-90c4-05cc7a0827f0 | GET /api/recommendations/1 | status=200 | durationMs=6 | upstream=recommendations | cache=n/a | source=n/a
gateway request | id=d259a558-3a44-41e3-97fc-0abfd9c47923 | GET /api/recommendations/1 | status=200 | durationMs=4 | upstream=recommendations | cache=n/a | source=n/a
gateway request | id=def79bcf-a0f1-4a5c-a049-bb83ef7f5ed5 | GET /api/recommendations/1 | status=200 | durationMs=4 | upstream=recommendations | cache=n/a | source=n/a
gateway request | id=93369deb-49f0-48d9-baaa-b4eba72654ce | GET /api/recommendations/1 | status=200 | durationMs=3 | upstream=recommendations | cache=n/a | source=n/a
gateway request | id=e58530dc-eeea-4382-bc88-9bd0fe37309f | GET /api/recommendations/1 | status=200 | durationMs=4 | upstream=recommendations | cache=n/a | source=n/a
gateway request | id=a32e2644-9558-4982-819d-bfb61c9165df | GET /api/recommendations/1 | status=200 | durationMs=3 | upstream=recommendations | cache=n/a | source=n/a
gateway request | id=8e72c90c-5a59-4453-a7d0-72a1e6a7de95 | GET /api/recommendations/1 | status=200 | durationMs=3 | upstream=recommendations | cache=n/a | source=n/a
gateway request | id=17b4d7d1-1cf4-4956-8ce6-5a04b2bf7d10 | GET /api/recommendations/1 | status=200 | durationMs=3 | upstream=recommendations | cache=n/a | source=n/a
gateway request | id=c00390c4-d1d5-46d7-9e39-779394e3a049 | GET /api/recommendations/1 | status=200 | durationMs=6 | upstream=recommendations | cache=n/a | source=n/a
gateway request | id=d8ab4ed5-dc43-41c1-bb69-e1173de1a922 | GET /api/recommendations/1 | status=200 | durationMs=4 | upstream=recommendations | cache=n/a | source=n/a
gateway request | id=bbecf69d-5c0b-4da4-b1fb-709512491c4b | GET /api/recommendations/1 | status=200 | durationMs=4 | upstream=recommendations | cache=n/a | source=n/a
gateway request | id=4555555d-2969-4e0e-84e4-801b7ed4c987 | GET /api/recommendations/1 | status=200 | durationMs=4 | upstream=recommendations | cache=n/a | source=n/a
gateway request | id=f4455fc6-9286-4263-b671-2743f84ea107 | GET /api/recommendations/1 | status=200 | durationMs=3 | upstream=recommendations | cache=n/a | source=n/a
gateway request | id=b359ed76-30ae-47e9-8169-3d03476755bd | GET /api/recommendations/1 | status=200 | durationMs=4 | upstream=recommendations | cache=n/a | source=n/a
gateway request | id=eb530f36-7f03-452b-881c-0c879c88e61f | GET /api/recommendations/1 | status=200 | durationMs=3 | upstream=recommendations | cache=n/a | source=n/a
gateway request | id=0338909b-ce4e-4a80-ae95-175538c01484 | GET /api/recommendations/1 | status=200 | durationMs=3 | upstream=recommendations | cache=n/a | source=n/a
gateway request | id=cabee502-399a-419e-b06f-8f8b40642eaa | GET /api/recommendations/1 | status=200 | durationMs=3 | upstream=recommendations | cache=n/a | source=n/a
gateway request | id=f44f9903-16a5-4ae9-9cef-69fc47400ca8 | GET /api/recommendations/1 | status=200 | durationMs=4 | upstream=recommendations | cache=n/a | source=n/a
gateway request | id=31e10fa1-34f2-4eca-9a72-8bea8bcb00ef | GET /api/recommendations/1 | status=200 | durationMs=3 | upstream=recommendations | cache=n/a | source=n/a
gateway request | id=208953c4-3101-41cb-bbac-732e852587f7 | GET /api/recommendations/1 | status=200 | durationMs=4 | upstream=recommendations | cache=n/a | source=n/a
gateway request | id=078bfe02-5f27-49fa-abcd-fe12342832d3 | GET /api/recommendations/1 | status=200 | durationMs=3 | upstream=recommendations | cache=n/a | source=n/a
gateway request | id=2a243bce-8134-4767-905b-ecabf46eedc3 | GET /api/recommendations/1 | status=200 | durationMs=5 | upstream=recommendations | cache=n/a | source=n/a
gateway request | id=94ef6e31-c0b5-4a8a-905d-1de2ac8acdbf | GET /api/recommendations/1 | status=200 | durationMs=4 | upstream=recommendations | cache=n/a | source=n/a
gateway request | id=9dcdeeb8-2876-404f-9acc-5cc770f0bb78 | GET /api/recommendations/1 | status=200 | durationMs=3 | upstream=recommendations | cache=n/a | source=n/a
gateway request | id=95f493aa-aa39-41cd-ab73-212cc40d382c | GET /api/recommendations/1 | status=200 | durationMs=4 | upstream=recommendations | cache=n/a | source=n/a
gateway request | id=af44f459-88f4-454c-898d-4e602e9a514f | GET /api/recommendations/1 | status=200 | durationMs=4 | upstream=recommendations | cache=n/a | source=n/a
gateway request | id=f869a387-df87-4de7-b6a9-39cf8eacc17c | GET /api/recommendations/1 | status=200 | durationMs=3 | upstream=recommendations | cache=n/a | source=n/a
gateway request | id=9cc16f3a-ec78-456b-8cc3-056093a2e491 | GET /api/recommendations/1 | status=200 | durationMs=4 | upstream=recommendations | cache=n/a | source=n/a
gateway request | id=6b99f193-8ec5-4002-8f10-348b308111ad | GET /api/recommendations/1 | status=200 | durationMs=4 | upstream=recommendations | cache=n/a | source=n/a
gateway request | id=17f94b66-ccd8-4743-bd74-3bcfd846e3cc | GET /api/recommendations/1 | status=200 | durationMs=2 | upstream=recommendations | cache=n/a | source=n/a
gateway request | id=b3466280-1062-4228-a87f-98f39a9cbca2 | GET /api/recommendations/1 | status=200 | durationMs=2 | upstream=recommendations | cache=n/a | source=n/a
gateway request | id=da894129-5015-4f8e-906e-83865bcf62bd | GET /api/recommendations/1 | status=200 | durationMs=2 | upstream=recommendations | cache=n/a | source=n/a
gateway request | id=95e24a01-635e-4852-927e-f69069df7b88 | GET /api/recommendations/1 | status=200 | durationMs=3 | upstream=recommendations | cache=n/a | source=n/a
gateway request | id=1dbf9241-938a-4bef-b4e8-dc5666712e7b | GET /api/recommendations/1 | status=200 | durationMs=4 | upstream=recommendations | cache=n/a | source=n/a
gateway request | id=15186b9f-7395-44b0-8143-3ad2b64583fb | GET /api/recommendations/1 | status=200 | durationMs=3 | upstream=recommendations | cache=n/a | source=n/a
gateway request | id=22ddc83a-0672-4357-ae82-3a4b674504e4 | GET /api/recommendations/1 | status=200 | durationMs=6 | upstream=recommendations | cache=n/a | source=n/a
gateway request | id=8c366da8-eae3-4e74-933e-5011589fa445 | GET /api/recommendations/1 | status=200 | durationMs=4 | upstream=recommendations | cache=n/a | source=n/a
gateway request | id=a0c741a6-210b-499c-b703-e70b1c16f77c | GET /api/recommendations/1 | status=200 | durationMs=3 | upstream=recommendations | cache=n/a | source=n/a
gateway request | id=e7b636f6-e19a-46ed-aaee-54ab57c0bf8f | GET /api/recommendations/1 | status=200 | durationMs=5 | upstream=recommendations | cache=n/a | source=n/a
gateway request | id=a750dca0-603e-4e2f-b99d-b54faaa985a1 | GET /api/recommendations/1 | status=200 | durationMs=4 | upstream=recommendations | cache=n/a | source=n/a
gateway request | id=545258fb-4b59-4635-a372-c053f8acef3f | GET /api/recommendations/1 | status=200 | durationMs=5 | upstream=recommendations | cache=n/a | source=n/a
gateway request | id=b26d31b1-7f26-4123-a9c8-c091e7e97d53 | GET /api/recommendations/1 | status=200 | durationMs=3 | upstream=recommendations | cache=n/a | source=n/a
gateway request | id=c6698bb7-41a2-4d07-aa53-22e20ea41290 | GET /api/recommendations/1 | status=200 | durationMs=4 | upstream=recommendations | cache=n/a | source=n/a
gateway request | id=aaf22f22-a7ae-4ecf-a2b2-bb499e0167dc | GET /api/recommendations/1 | status=200 | durationMs=3 | upstream=recommendations | cache=n/a | source=n/a
gateway request | id=f64a6c54-a346-4bf9-87e7-7ebd29f5b350 | GET /api/recommendations/1 | status=200 | durationMs=3 | upstream=recommendations | cache=n/a | source=n/a
gateway request | id=df65dfa8-00b8-4e6b-a678-873a3666ec0f | GET /api/recommendations/1 | status=200 | durationMs=3 | upstream=recommendations | cache=n/a | source=n/a
gateway request | id=6666bdfa-cc4b-479d-952b-bac48d0a64e1 | GET /api/recommendations/1 | status=200 | durationMs=4 | upstream=recommendations | cache=n/a | source=n/a
gateway request | id=0087a819-e89f-4cdd-907d-19219ed19a35 | GET /api/recommendations/1 | status=200 | durationMs=4 | upstream=recommendations | cache=n/a | source=n/a
gateway request | id=e0bdf46b-9599-407f-af67-029ce19f7b1b | GET /api/recommendations/1 | status=200 | durationMs=3 | upstream=recommendations | cache=n/a | source=n/a
gateway request | id=935e58fb-127a-4263-8dd4-1ffb6b0eb7a3 | GET /api/recommendations/1 | status=200 | durationMs=6 | upstream=recommendations | cache=n/a | source=n/a
gateway request | id=c6db2ba9-e840-420a-800b-d78cfe93c4cf | GET /api/recommendations/1 | status=200 | durationMs=3 | upstream=recommendations | cache=n/a | source=n/a
gateway request | id=97375df6-032e-46b1-af77-9723536d7cf9 | GET /api/recommendations/1 | status=200 | durationMs=3 | upstream=recommendations | cache=n/a | source=n/a
gateway request | id=e931e50c-5b7d-4951-820a-5ef5d3a59404 | GET /api/recommendations/1 | status=200 | durationMs=5 | upstream=recommendations | cache=n/a | source=n/a
gateway request | id=61f59489-3277-430d-a27c-db37e67dea2d | GET /api/recommendations/1 | status=200 | durationMs=5 | upstream=recommendations | cache=n/a | source=n/a
gateway request | id=9ef42458-3bcd-47a0-9950-78e13d80d330 | GET /api/recommendations/1 | status=200 | durationMs=5 | upstream=recommendations | cache=n/a | source=n/a
gateway request | id=d5526575-a228-460e-9c1d-7acd9a63ed55 | GET /api/recommendations/1 | status=200 | durationMs=3 | upstream=recommendations | cache=n/a | source=n/a
gateway request | id=41278c2b-3081-46fd-a31c-dc0f7111198d | GET /api/recommendations/1 | status=200 | durationMs=3 | upstream=recommendations | cache=n/a | source=n/a
gateway request | id=eb0d89a9-8d48-4228-9272-58ea4e177e53 | GET /api/recommendations/1 | status=200 | durationMs=3 | upstream=recommendations | cache=n/a | source=n/a
gateway request | id=1dc88c14-12e2-45e0-835b-a8657426c7ae | GET /api/recommendations/1 | status=200 | durationMs=3 | upstream=recommendations | cache=n/a | source=n/a
gateway request | id=b41ee628-a954-478a-8eac-dd6dba89b338 | GET /api/recommendations/1 | status=200 | durationMs=4 | upstream=recommendations | cache=n/a | source=n/a
gateway request | id=1f8dbb3e-112b-4bc3-923b-b8f245acbdff | GET /api/recommendations/1 | status=200 | durationMs=4 | upstream=recommendations | cache=n/a | source=n/a
gateway request | id=abbe432c-5808-4015-8ef5-6cfb2009cdbb | GET /api/recommendations/1 | status=200 | durationMs=4 | upstream=recommendations | cache=n/a | source=n/a
gateway request | id=07c20205-e961-4d34-9a15-7e9effcc2d72 | GET /api/recommendations/1 | status=200 | durationMs=3 | upstream=recommendations | cache=n/a | source=n/a
gateway request | id=c57ae1d2-54af-463e-8dc4-45dd272f4568 | GET /api/recommendations/1 | status=200 | durationMs=1 | upstream=recommendations | cache=n/a | source=n/a
gateway request | id=61b71787-cb3d-4c9b-a029-d4d70d842bb6 | GET /api/recommendations/1 | status=200 | durationMs=5 | upstream=recommendations | cache=n/a | source=n/a
gateway request | id=84872162-bdf3-4d8e-bcfd-7a160033fd54 | GET /api/recommendations/1 | status=200 | durationMs=4 | upstream=recommendations | cache=n/a | source=n/a
gateway request | id=861cc1cb-e476-4e56-bdd9-f4d9938c302f | GET /api/recommendations/1 | status=200 | durationMs=3 | upstream=recommendations | cache=n/a | source=n/a
gateway request | id=a786ef81-aa59-4ce8-8388-39ed6826c245 | GET /api/recommendations/1 | status=200 | durationMs=4 | upstream=recommendations | cache=n/a | source=n/a
gateway request | id=258523a8-2a09-41e6-ae68-713d29113832 | GET /api/recommendations/1 | status=200 | durationMs=3 | upstream=recommendations | cache=n/a | source=n/a
gateway request | id=3e09125d-7a02-4fe2-ab0c-51fc010ad46e | GET /api/recommendations/1 | status=200 | durationMs=4 | upstream=recommendations | cache=n/a | source=n/a
gateway request | id=2e95b61f-e847-4e14-8625-9b9c70bc81cb | GET /api/recommendations/1 | status=200 | durationMs=3 | upstream=recommendations | cache=n/a | source=n/a
gateway request | id=b214ce9e-ba7d-487f-8781-13d5016cc916 | GET /api/recommendations/1 | status=200 | durationMs=3 | upstream=recommendations | cache=n/a | source=n/a
gateway request | id=41f90397-24c2-4722-9155-362db90ef8b3 | GET /api/recommendations/1 | status=200 | durationMs=5 | upstream=recommendations | cache=n/a | source=n/a
gateway request | id=ece363ef-f96f-4ebc-b1e5-b3410cf869b3 | GET /api/recommendations/1 | status=200 | durationMs=3 | upstream=recommendations | cache=n/a | source=n/a
gateway request | id=379c7446-8a60-4afd-a97d-2e96b9d5197d | GET /api/recommendations/1 | status=200 | durationMs=3 | upstream=recommendations | cache=n/a | source=n/a
gateway request | id=10a6a908-4d74-40b8-9ef8-a842037de20e | GET /api/recommendations/1 | status=200 | durationMs=5 | upstream=recommendations | cache=n/a | source=n/a
gateway request | id=346544fc-894b-4a24-8f5e-f30997ad4d5c | GET /api/recommendations/1 | status=200 | durationMs=4 | upstream=recommendations | cache=n/a | source=n/a
gateway request | id=426183fe-c648-4e4b-9904-9a99f59f352e | GET /api/recommendations/1 | status=200 | durationMs=4 | upstream=recommendations | cache=n/a | source=n/a
gateway request | id=23a2c2c1-a6fc-4c2d-a0aa-c3801794be9e | GET /api/recommendations/1 | status=200 | durationMs=3 | upstream=recommendations | cache=n/a | source=n/a
gateway request | id=f09bf631-f7f8-411a-a6f0-c38d29a27d86 | GET /api/recommendations/1 | status=200 | durationMs=5 | upstream=recommendations | cache=n/a | source=n/a
gateway request | id=12ceb1f5-bc7c-49cb-9728-f76a60e8ca80 | GET /api/recommendations/1 | status=200 | durationMs=5 | upstream=recommendations | cache=n/a | source=n/a
gateway request | id=be7fcfda-88fb-4a68-88aa-2a2ae1750d9a | GET /api/recommendations/1 | status=200 | durationMs=6 | upstream=recommendations | cache=n/a | source=n/a
gateway request | id=b99bed78-f284-4a10-9038-40239b9e2ca8 | GET /api/recommendations/1 | status=200 | durationMs=3 | upstream=recommendations | cache=n/a | source=n/a
gateway request | id=6c66820b-a0fd-47b0-93ae-a4ab41b4b4b7 | GET /api/recommendations/1 | status=200 | durationMs=3 | upstream=recommendations | cache=n/a | source=n/a
gateway request | id=b8e11c54-6416-4db2-bc2b-b054c63d996f | GET /api/recommendations/1 | status=200 | durationMs=4 | upstream=recommendations | cache=n/a | source=n/a
gateway request | id=d42fe4e3-9dad-4697-9a8a-8c3a63735e69 | GET /api/recommendations/1 | status=200 | durationMs=5 | upstream=recommendations | cache=n/a | source=n/a
gateway request | id=eb1f7f84-8975-47dc-9337-1329aa04a647 | GET /api/recommendations/1 | status=200 | durationMs=4 | upstream=recommendations | cache=n/a | source=n/a
gateway request | id=ef8b0663-6518-45c6-8cc2-79e24fabec62 | GET /api/recommendations/1 | status=200 | durationMs=3 | upstream=recommendations | cache=n/a | source=n/a
gateway request | id=4702d9f5-8128-4fea-b563-3cbf88386337 | GET /api/recommendations/1 | status=200 | durationMs=3 | upstream=recommendations | cache=n/a | source=n/a
gateway request | id=51466e93-6c25-41e2-a1c3-71011109bad7 | GET /api/recommendations/1 | status=200 | durationMs=3 | upstream=recommendations | cache=n/a | source=n/a
gateway request | id=7b1ab93d-b7dd-4ced-b88a-ee9ae3b3dde0 | GET /api/recommendations/1 | status=200 | durationMs=4 | upstream=recommendations | cache=n/a | source=n/a
gateway request | id=7e7fe95e-9b84-4f28-8e76-61f6485396f0 | GET /api/recommendations/1 | status=200 | durationMs=4 | upstream=recommendations | cache=n/a | source=n/a
gateway request | id=412c2c67-b817-407a-bfea-8ffa7b2059dd | GET /api/recommendations/1 | status=200 | durationMs=3 | upstream=recommendations | cache=n/a | source=n/a
gateway request | id=412bb637-58aa-498b-9547-61af8664ca51 | GET /api/recommendations/1 | status=200 | durationMs=3 | upstream=recommendations | cache=n/a | source=n/a
gateway request | id=65cba2ae-ea7c-4141-8e65-0243497d1c84 | GET /api/recommendations/1 | status=200 | durationMs=4 | upstream=recommendations | cache=n/a | source=n/a
gateway request | id=ca78b589-a10f-4461-9b22-30a5d00916ce | GET /api/recommendations/1 | status=200 | durationMs=3 | upstream=recommendations | cache=n/a | source=n/a
gateway request | id=63c1fb95-df97-4e63-a05a-491db598e7c2 | GET /api/recommendations/1 | status=200 | durationMs=3 | upstream=recommendations | cache=n/a | source=n/a
gateway request | id=83d5ea07-0abc-495a-ae2b-f365df62619a | GET /api/recommendations/1 | status=200 | durationMs=4 | upstream=recommendations | cache=n/a | source=n/a
gateway request | id=139c719d-61e9-4f24-98f6-4bc5f2618be0 | GET /api/recommendations/1 | status=200 | durationMs=1 | upstream=recommendations | cache=n/a | source=n/a
gateway request | id=8c43ba07-f91a-41be-a472-6a30423cf7de | GET /api/recommendations/1 | status=200 | durationMs=2 | upstream=recommendations | cache=n/a | source=n/a
gateway request | id=c3302a74-27ad-4ae5-83dc-6585daf5d3c7 | GET /api/recommendations/1 | status=200 | durationMs=3 | upstream=recommendations | cache=n/a | source=n/a
gateway request | id=4c6a4acd-1dc3-47e1-a88f-70f4a35741f8 | GET /api/recommendations/1 | status=200 | durationMs=4 | upstream=recommendations | cache=n/a | source=n/a
gateway request | id=c87b3c90-4235-479d-8781-683b3a46028a | GET /api/recommendations/1 | status=200 | durationMs=4 | upstream=recommendations | cache=n/a | source=n/a
gateway request | id=d79d742c-ea35-4502-ace3-ca2cf8689e92 | GET /api/recommendations/1 | status=200 | durationMs=4 | upstream=recommendations | cache=n/a | source=n/a
gateway request | id=8cbd85a5-e62a-4b34-ac1f-ed93c80aa6b1 | GET /api/recommendations/1 | status=200 | durationMs=4 | upstream=recommendations | cache=n/a | source=n/a
gateway request | id=6d7080fb-7f15-4735-b0ec-17c57dbc21bf | GET /api/recommendations/1 | status=200 | durationMs=4 | upstream=recommendations | cache=n/a | source=n/a
gateway request | id=0c7a15ec-68db-46fb-84e5-e8cde8213069 | GET /api/recommendations/1 | status=200 | durationMs=3 | upstream=recommendations | cache=n/a | source=n/a
gateway request | id=109beed5-ea92-4641-8dc6-8e7edb8aaa2e | GET /api/recommendations/1 | status=200 | durationMs=5 | upstream=recommendations | cache=n/a | source=n/a
gateway request | id=86100e5e-b984-4fa0-973b-25bf5d948cc8 | GET /api/recommendations/1 | status=200 | durationMs=3 | upstream=recommendations | cache=n/a | source=n/a
gateway request | id=1ea538bd-a25c-4543-a56d-e93c4915c7f1 | GET /api/recommendations/1 | status=200 | durationMs=10 | upstream=recommendations | cache=n/a | source=n/a
gateway request | id=dec99a03-8f97-43f6-898d-3a9c98624fed | GET /api/recommendations/1 | status=200 | durationMs=6 | upstream=recommendations | cache=n/a | source=n/a
gateway request | id=b6121f80-e76a-471f-9efb-e9363b9edacb | GET /api/recommendations/1 | status=200 | durationMs=7 | upstream=recommendations | cache=n/a | source=n/a
gateway request | id=b55886cc-7727-4b75-bd31-3face31f02b1 | GET /api/recommendations/1 | status=200 | durationMs=4 | upstream=recommendations | cache=n/a | source=n/a
gateway request | id=3d37fa07-b3e7-4e62-8230-3503198a98cd | GET /api/recommendations/1 | status=200 | durationMs=4 | upstream=recommendations | cache=n/a | source=n/a
gateway request | id=7e4773ba-21d3-4d7c-91f0-135df16174aa | GET /api/recommendations/1 | status=200 | durationMs=3 | upstream=recommendations | cache=n/a | source=n/a
gateway request | id=1a56d39a-9b4e-4e92-af0c-34e9c43fc417 | GET /api/recommendations/1 | status=200 | durationMs=3 | upstream=recommendations | cache=n/a | source=n/a
gateway request | id=bedc2d02-c1fe-4a75-b885-c9d4bc01ad1c | GET /api/recommendations/1 | status=200 | durationMs=3 | upstream=recommendations | cache=n/a | source=n/a
gateway request | id=fa500b75-50c7-47ea-8857-16da82226ba2 | GET /api/recommendations/1 | status=200 | durationMs=4 | upstream=recommendations | cache=n/a | source=n/a
gateway request | id=8b94dd00-9095-4b8d-897a-5b87339e7fb8 | GET /api/recommendations/1 | status=200 | durationMs=3 | upstream=recommendations | cache=n/a | source=n/a
gateway request | id=d30f1ccb-814a-4526-9c23-e95e0ed715a3 | GET /api/recommendations/1 | status=200 | durationMs=3 | upstream=recommendations | cache=n/a | source=n/a
gateway request | id=f11bce39-9ed2-433a-bfee-856f3b586b95 | GET /api/recommendations/1 | status=200 | durationMs=4 | upstream=recommendations | cache=n/a | source=n/a
gateway request | id=a487a30f-b24d-4f9d-825e-0cf804ff30a4 | GET /api/recommendations/1 | status=200 | durationMs=4 | upstream=recommendations | cache=n/a | source=n/a
gateway request | id=71fc54e1-5e3e-42ca-b87d-49f18a59365e | GET /api/recommendations/1 | status=200 | durationMs=4 | upstream=recommendations | cache=n/a | source=n/a
gateway request | id=43ef77a1-a16b-43b3-b8da-83bc64bace9d | GET /api/recommendations/1 | status=200 | durationMs=3 | upstream=recommendations | cache=n/a | source=n/a
gateway request | id=efde3a7d-13ae-4191-934e-c373f82a0a29 | GET /api/recommendations/1 | status=200 | durationMs=5 | upstream=recommendations | cache=n/a | source=n/a
gateway request | id=a8b5af7c-0823-4c0d-8b6c-574f93a49ce7 | GET /api/recommendations/1 | status=200 | durationMs=4 | upstream=recommendations | cache=n/a | source=n/a
gateway request | id=40d9a611-2574-4e93-8b83-ad8e626ce500 | GET /api/recommendations/1 | status=200 | durationMs=4 | upstream=recommendations | cache=n/a | source=n/a
gateway request | id=37542bbf-533a-43c9-8415-0cb1b83ca988 | GET /api/recommendations/1 | status=200 | durationMs=5 | upstream=recommendations | cache=n/a | source=n/a
gateway request | id=79f4e80d-1ca2-4b2c-87d1-3bffd975c220 | GET /api/recommendations/1 | status=200 | durationMs=4 | upstream=recommendations | cache=n/a | source=n/a
gateway request | id=c12bde33-9874-4d06-9843-8a2ffdf822f7 | GET /api/recommendations/1 | status=200 | durationMs=3 | upstream=recommendations | cache=n/a | source=n/a
gateway request | id=0ab8705c-655a-4cb0-8997-72404aefa779 | GET /api/recommendations/1 | status=200 | durationMs=4 | upstream=recommendations | cache=n/a | source=n/a
gateway request | id=a51ac755-1491-4c47-bf09-f6ab7e4f6973 | GET /api/recommendations/1 | status=200 | durationMs=4 | upstream=recommendations | cache=n/a | source=n/a
gateway request | id=4b2a721c-81dc-4d02-85ce-f1da6fda8752 | GET /api/recommendations/1 | status=200 | durationMs=4 | upstream=recommendations | cache=n/a | source=n/a
gateway request | id=6973227a-96d8-4b46-ac42-3882a8e86b9c | GET /api/recommendations/1 | status=200 | durationMs=3 | upstream=recommendations | cache=n/a | source=n/a
gateway request | id=0d0f39df-c9de-49d4-95f4-fcaa44e20c52 | GET /api/recommendations/1 | status=200 | durationMs=3 | upstream=recommendations | cache=n/a | source=n/a
gateway request | id=3293f5ae-6801-4e80-bcfa-682a4fefdae7 | GET /api/recommendations/1 | status=200 | durationMs=6 | upstream=recommendations | cache=n/a | source=n/a
gateway request | id=8dee8604-d4e9-40b1-aeba-322bfa02fd6a | GET /api/recommendations/1 | status=200 | durationMs=3 | upstream=recommendations | cache=n/a | source=n/a
gateway request | id=428cea44-ec3b-4bb0-9bca-70d85b701358 | GET /api/recommendations/1 | status=200 | durationMs=4 | upstream=recommendations | cache=n/a | source=n/a
gateway request | id=ae0cfd16-135d-44dc-ad08-44bebd53adf3 | GET /api/recommendations/1 | status=200 | durationMs=4 | upstream=recommendations | cache=n/a | source=n/a
gateway request | id=9d9a8485-6bf9-4d02-b21a-5478b1a4548b | GET /api/recommendations/1 | status=200 | durationMs=3 | upstream=recommendations | cache=n/a | source=n/a
gateway request | id=0296fec4-5e3f-4385-9a72-1fa95dc4bebd | GET /api/recommendations/1 | status=200 | durationMs=3 | upstream=recommendations | cache=n/a | source=n/a
gateway request | id=82a83e21-9650-46ad-99eb-6217444c0bd7 | GET /api/recommendations/1 | status=200 | durationMs=3 | upstream=recommendations | cache=n/a | source=n/a
gateway request | id=9adf6879-eab8-40e2-88af-bdb962ea6591 | GET /api/recommendations/1 | status=200 | durationMs=3 | upstream=recommendations | cache=n/a | source=n/a
gateway request | id=e3d9beb2-bc2c-4ede-87e5-4be92e38f161 | GET /api/recommendations/1 | status=200 | durationMs=5 | upstream=recommendations | cache=n/a | source=n/a
gateway request | id=00e1cc73-2df8-4ec7-9ec1-0713c9c05010 | GET /api/recommendations/1 | status=200 | durationMs=6 | upstream=recommendations | cache=n/a | source=n/a
gateway request | id=b8be724e-9626-48ac-9823-5b37da3d40b0 | GET /api/recommendations/1 | status=200 | durationMs=4 | upstream=recommendations | cache=n/a | source=n/a
gateway request | id=c3cbcf2f-c1ee-40a0-8b1d-370717bab36f | GET /api/recommendations/1 | status=200 | durationMs=4 | upstream=recommendations | cache=n/a | source=n/a
gateway request | id=0a03a0cb-439b-478a-89f2-b6f46adf6d70 | GET /api/recommendations/1 | status=200 | durationMs=3 | upstream=recommendations | cache=n/a | source=n/a
gateway request | id=49711d13-9b05-47a1-b5d7-13de2b30ed23 | GET /api/recommendations/1 | status=200 | durationMs=3 | upstream=recommendations | cache=n/a | source=n/a
gateway request | id=02fc38dd-a4bd-4783-8671-f4f797680211 | GET /api/recommendations/1 | status=200 | durationMs=3 | upstream=recommendations | cache=n/a | source=n/a
gateway request | id=37d07fad-a659-483e-a2ca-505caab524c8 | GET /api/recommendations/1 | status=200 | durationMs=4 | upstream=recommendations | cache=n/a | source=n/a
gateway request | id=66351328-4d8f-4ca1-8c9d-eb0a347843ca | GET /api/recommendations/1 | status=200 | durationMs=4 | upstream=recommendations | cache=n/a | source=n/a
gateway request | id=be379c80-a68e-4b8c-b642-e268bcc6238b | GET /api/recommendations/1 | status=200 | durationMs=4 | upstream=recommendations | cache=n/a | source=n/a
gateway request | id=7366f0fc-2a2c-4ca0-94f9-f1bc48e389b1 | GET /api/recommendations/1 | status=200 | durationMs=3 | upstream=recommendations | cache=n/a | source=n/a
gateway request | id=1fad48c8-ee86-4cb3-a853-a58d8186c211 | GET /api/recommendations/1 | status=200 | durationMs=6 | upstream=recommendations | cache=n/a | source=n/a
gateway request | id=9c0cd77a-d255-4dc0-81e5-192872d97fe4 | GET /api/recommendations/1 | status=200 | durationMs=5 | upstream=recommendations | cache=n/a | source=n/a
gateway request | id=4cee133f-151f-4edc-bc8a-97bfa6b18044 | GET /api/recommendations/1 | status=200 | durationMs=6 | upstream=recommendations | cache=n/a | source=n/a
gateway request | id=2547bfcc-8cb8-401d-9d68-2399372d1559 | GET /api/recommendations/1 | status=200 | durationMs=3 | upstream=recommendations | cache=n/a | source=n/a
gateway request | id=cf21dfde-5c06-4021-ae49-a495f4f40c57 | GET /api/recommendations/1 | status=200 | durationMs=8 | upstream=recommendations | cache=n/a | source=n/a
gateway request | id=e447a75b-f844-4458-b280-e7596cfd7b45 | GET /api/recommendations/1 | status=200 | durationMs=7 | upstream=recommendations | cache=n/a | source=n/a
gateway request | id=12adf8f3-142e-426f-8515-f8db61da38d4 | GET /api/recommendations/1 | status=200 | durationMs=3 | upstream=recommendations | cache=n/a | source=n/a
gateway request | id=aa8d7356-e7e4-481d-b333-e08f7ca30fcb | GET /api/recommendations/1 | status=200 | durationMs=4 | upstream=recommendations | cache=n/a | source=n/a
gateway request | id=20968370-8ff7-4fad-b54b-e721301e7750 | GET /api/recommendations/1 | status=200 | durationMs=5 | upstream=recommendations | cache=n/a | source=n/a
gateway request | id=d7ed555f-cde1-406f-870c-45c3bcb573d0 | GET /api/recommendations/1 | status=200 | durationMs=3 | upstream=recommendations | cache=n/a | source=n/a
gateway request | id=a582b8ca-b63a-4564-ad1c-6df161ac3007 | GET /api/recommendations/1 | status=200 | durationMs=4 | upstream=recommendations | cache=n/a | source=n/a
gateway request | id=0457082a-c1a7-416b-b1dc-f2cf309959b9 | GET /api/recommendations/1 | status=200 | durationMs=5 | upstream=recommendations | cache=n/a | source=n/a
gateway request | id=a1ff4984-291a-4e9e-8f80-9dd221c155ee | GET /api/recommendations/1 | status=200 | durationMs=4 | upstream=recommendations | cache=n/a | source=n/a
gateway request | id=a62e5419-7d9f-4fdb-82b4-f6a4c371b994 | GET /api/recommendations/1 | status=200 | durationMs=4 | upstream=recommendations | cache=n/a | source=n/a
gateway request | id=a78632ed-4b55-40c0-9468-89056c89abf9 | GET /api/recommendations/1 | status=200 | durationMs=4 | upstream=recommendations | cache=n/a | source=n/a
gateway request | id=66e5909f-d074-44d3-9e0a-4f82b179f548 | GET /api/recommendations/1 | status=200 | durationMs=4 | upstream=recommendations | cache=n/a | source=n/a
gateway request | id=baff0ba5-cea9-4d56-8536-1f1fda871bbd | GET /api/recommendations/1 | status=200 | durationMs=4 | upstream=recommendations | cache=n/a | source=n/a
gateway request | id=5c976a11-b0f5-4632-a4dd-e2ae2c8dbd09 | GET /api/recommendations/1 | status=200 | durationMs=4 | upstream=recommendations | cache=n/a | source=n/a
gateway request | id=3cd64730-9169-4959-a13a-1ec650e91731 | GET /api/recommendations/1 | status=200 | durationMs=4 | upstream=recommendations | cache=n/a | source=n/a
gateway request | id=54ccfe39-53cf-4975-826f-0e26d700aefb | GET /api/recommendations/1 | status=200 | durationMs=3 | upstream=recommendations | cache=n/a | source=n/a
gateway request | id=9c05a9c1-d04c-4b44-bd68-c634452c0eea | GET /api/recommendations/1 | status=200 | durationMs=2 | upstream=recommendations | cache=n/a | source=n/a
gateway request | id=e431e7d0-4f95-49c1-ba9e-422e5596e18d | GET /api/recommendations/1 | status=200 | durationMs=3 | upstream=recommendations | cache=n/a | source=n/a
gateway request | id=b84d2ff6-28cd-4e20-a439-09a9a3ab6171 | GET /api/recommendations/1 | status=200 | durationMs=3 | upstream=recommendations | cache=n/a | source=n/a
gateway request | id=23f599a0-249a-4ca2-b113-251dd318f1b9 | GET /api/recommendations/1 | status=200 | durationMs=3 | upstream=recommendations | cache=n/a | source=n/a
gateway request | id=79be3ac9-62cd-467b-9a3d-22e3f4b6ccf3 | GET /api/recommendations/1 | status=200 | durationMs=3 | upstream=recommendations | cache=n/a | source=n/a
gateway request | id=e9483ec1-7922-414d-8d10-156ad0c7eb86 | GET /api/recommendations/1 | status=200 | durationMs=3 | upstream=recommendations | cache=n/a | source=n/a
gateway request | id=e3992deb-a2b0-4d71-b51b-767087756878 | GET /api/recommendations/1 | status=200 | durationMs=8 | upstream=recommendations | cache=n/a | source=n/a
gateway request | id=6378b3fb-d1d6-4fe5-95e7-bf8fedf03cd9 | GET /api/recommendations/1 | status=200 | durationMs=3 | upstream=recommendations | cache=n/a | source=n/a
gateway request | id=3bc5c939-91d8-48e6-bdf2-a095783a7230 | GET /api/recommendations/1 | status=200 | durationMs=3 | upstream=recommendations | cache=n/a | source=n/a
gateway request | id=f48ee7a6-5524-4183-bdf3-7c2fd78f8880 | GET /api/recommendations/1 | status=200 | durationMs=4 | upstream=recommendations | cache=n/a | source=n/a
gateway request | id=40f60840-ec7b-4b3d-811b-a4629ec42c59 | GET /api/recommendations/1 | status=200 | durationMs=3 | upstream=recommendations | cache=n/a | source=n/a
gateway request | id=1b69719c-4b5b-4475-b9c8-392cdbfc52bb | GET /api/recommendations/1 | status=200 | durationMs=3 | upstream=recommendations | cache=n/a | source=n/a
gateway request | id=be7146d7-f41d-4360-b9b2-e0c389585ad2 | GET /api/recommendations/1 | status=200 | durationMs=3 | upstream=recommendations | cache=n/a | source=n/a
gateway request | id=e2e5ec2e-5668-4242-8045-f54ed6799156 | GET /api/recommendations/1 | status=200 | durationMs=4 | upstream=recommendations | cache=n/a | source=n/a
gateway request | id=c57c9c4a-cb32-4486-906b-c26e3b3bf66d | GET /api/recommendations/1 | status=200 | durationMs=3 | upstream=recommendations | cache=n/a | source=n/a
gateway request | id=c1034121-6292-4546-b561-15bdb5dac904 | GET /api/recommendations/1 | status=200 | durationMs=3 | upstream=recommendations | cache=n/a | source=n/a
gateway request | id=362efb68-82a0-499b-a998-f0eb8b6f28ab | GET /api/recommendations/1 | status=200 | durationMs=3 | upstream=recommendations | cache=n/a | source=n/a
gateway request | id=b4455b9b-2a8f-4f18-95bb-a2de0fbe539a | GET /api/recommendations/1 | status=200 | durationMs=4 | upstream=recommendations | cache=n/a | source=n/a
gateway request | id=f4239c51-85cc-49f1-915f-a7a821bf5d45 | GET /api/recommendations/1 | status=200 | durationMs=4 | upstream=recommendations | cache=n/a | source=n/a
gateway request | id=7ef41ad9-dedd-4506-aabb-4b61babf3753 | GET /api/recommendations/1 | status=200 | durationMs=4 | upstream=recommendations | cache=n/a | source=n/a
gateway request | id=6f1d15f6-1b85-4477-ae98-6e958310a3c4 | GET /api/recommendations/1 | status=200 | durationMs=3 | upstream=recommendations | cache=n/a | source=n/a
gateway request | id=90f40cb8-c5be-4100-80e1-1703077d86a5 | GET /api/recommendations/1 | status=200 | durationMs=5 | upstream=recommendations | cache=n/a | source=n/a
gateway request | id=0fffc0e6-c823-4f2e-bfde-f08a8348ea8c | GET /api/recommendations/1 | status=200 | durationMs=4 | upstream=recommendations | cache=n/a | source=n/a
gateway request | id=ae61752e-646c-48e5-a2ae-dd0fe2e24dd5 | GET /api/recommendations/1 | status=200 | durationMs=4 | upstream=recommendations | cache=n/a | source=n/a
gateway request | id=16efbb04-32bd-45b6-b773-a792fee76994 | GET /api/recommendations/1 | status=200 | durationMs=3 | upstream=recommendations | cache=n/a | source=n/a
gateway request | id=c44657db-62b2-4223-b424-906edebcdb21 | GET /api/recommendations/1 | status=200 | durationMs=4 | upstream=recommendations | cache=n/a | source=n/a
gateway request | id=d13451c9-28b0-433b-8574-ca46c2f77bd7 | GET /api/recommendations/1 | status=200 | durationMs=4 | upstream=recommendations | cache=n/a | source=n/a
gateway request | id=10cdd633-be3d-43be-b8d7-29439a9792e6 | GET /api/recommendations/1 | status=200 | durationMs=4 | upstream=recommendations | cache=n/a | source=n/a
gateway request | id=57dba266-9e63-45a9-91ef-35f3103ef27d | GET /api/recommendations/1 | status=200 | durationMs=4 | upstream=recommendations | cache=n/a | source=n/a
gateway request | id=d440252d-56ff-46e7-8526-e877905ebaa3 | GET /api/recommendations/1 | status=200 | durationMs=3 | upstream=recommendations | cache=n/a | source=n/a
gateway request | id=402e31d8-fda7-4697-96d1-a77bb8d87e67 | GET /api/recommendations/1 | status=200 | durationMs=4 | upstream=recommendations | cache=n/a | source=n/a
gateway request | id=8908cf13-072a-4ca0-aa19-a6d1025bf2a6 | GET /api/recommendations/1 | status=200 | durationMs=3 | upstream=recommendations | cache=n/a | source=n/a
gateway request | id=5cc8aa66-8b57-4f32-8b05-78eb08b7963c | GET /api/recommendations/1 | status=200 | durationMs=4 | upstream=recommendations | cache=n/a | source=n/a
gateway request | id=a10518d2-9d54-4c07-9edf-4a856a309901 | GET /api/recommendations/1 | status=200 | durationMs=5 | upstream=recommendations | cache=n/a | source=n/a
gateway request | id=0ef70d35-5750-4ae3-a271-1349bde7fe99 | GET /api/recommendations/1 | status=200 | durationMs=2 | upstream=recommendations | cache=n/a | source=n/a
gateway request | id=59384e3c-e4e6-41c8-80e4-733e3673266b | GET /api/recommendations/1 | status=200 | durationMs=3 | upstream=recommendations | cache=n/a | source=n/a
gateway request | id=939365c7-8777-4c02-888f-30154a791418 | GET /api/recommendations/1 | status=200 | durationMs=2 | upstream=recommendations | cache=n/a | source=n/a
gateway request | id=9fb2c1de-a294-4097-8ac1-ae8aa649d1b3 | GET /api/recommendations/1 | status=200 | durationMs=2 | upstream=recommendations | cache=n/a | source=n/a
gateway request | id=306e6656-0198-4bb3-ba81-6405f808a334 | GET /api/recommendations/1 | status=200 | durationMs=3 | upstream=recommendations | cache=n/a | source=n/a
gateway request | id=d45baa37-0ef7-4810-8380-92804d56b5d0 | GET /api/recommendations/1 | status=200 | durationMs=3 | upstream=recommendations | cache=n/a | source=n/a
gateway request | id=896ddc02-c19f-4031-9b9f-bd5d839a487d | GET /api/recommendations/1 | status=200 | durationMs=3 | upstream=recommendations | cache=n/a | source=n/a
gateway request | id=cde86f62-5fae-403e-8478-de0848b5bc0d | GET /api/recommendations/1 | status=200 | durationMs=3 | upstream=recommendations | cache=n/a | source=n/a
gateway request | id=11b3d16b-fce0-40b9-94e3-b3998d8f0976 | GET /api/recommendations/1 | status=200 | durationMs=3 | upstream=recommendations | cache=n/a | source=n/a
gateway request | id=ed132065-25d7-46b0-ba7b-56c61a37a003 | GET /api/recommendations/1 | status=200 | durationMs=2 | upstream=recommendations | cache=n/a | source=n/a
gateway request | id=31dc0f26-ddb4-4a8d-9f06-0be66d339d29 | GET /api/recommendations/1 | status=200 | durationMs=2 | upstream=recommendations | cache=n/a | source=n/a
gateway request | id=6a514c0e-8d65-40b3-b754-221ea5b00d07 | GET /api/recommendations/1 | status=200 | durationMs=3 | upstream=recommendations | cache=n/a | source=n/a
gateway request | id=33a05f49-9f31-4caf-a77c-9cc230c83aad | GET /api/recommendations/1 | status=200 | durationMs=2 | upstream=recommendations | cache=n/a | source=n/a
gateway request | id=f421c20e-81fa-4140-aca0-49b3968f6297 | GET /api/recommendations/1 | status=200 | durationMs=3 | upstream=recommendations | cache=n/a | source=n/a
gateway request | id=40400304-3b9b-47a5-b52b-2e518c11e7f1 | GET /api/recommendations/1 | status=200 | durationMs=3 | upstream=recommendations | cache=n/a | source=n/a
gateway request | id=435e5f2b-e922-43d0-997a-79e43ea72172 | GET /api/recommendations/1 | status=200 | durationMs=3 | upstream=recommendations | cache=n/a | source=n/a
gateway request | id=f92d252a-edfa-4c55-bcfc-a625c50ec959 | GET /api/recommendations/1 | status=200 | durationMs=4 | upstream=recommendations | cache=n/a | source=n/a
gateway request | id=1cbc4cc3-48d3-499f-9aa0-754ba6ac7431 | GET /api/recommendations/1 | status=200 | durationMs=5 | upstream=recommendations | cache=n/a | source=n/a
gateway request | id=9a3fc1b9-01cf-430e-b24e-93002ae16ff5 | GET /api/recommendations/1 | status=200 | durationMs=5 | upstream=recommendations | cache=n/a | source=n/a
gateway request | id=83f35a22-c7f1-4538-baa7-f7bd09de16b9 | GET /api/recommendations/1 | status=200 | durationMs=5 | upstream=recommendations | cache=n/a | source=n/a
gateway request | id=23043d18-99ae-4dee-8942-e69537d9acbc | GET /api/recommendations/1 | status=200 | durationMs=3 | upstream=recommendations | cache=n/a | source=n/a
gateway request | id=c7296ceb-ce1c-4832-aaab-d8ba80928888 | GET /api/recommendations/1 | status=200 | durationMs=3 | upstream=recommendations | cache=n/a | source=n/a
gateway request | id=95ab4c51-111d-407a-b9a4-8c0865997183 | GET /api/recommendations/1 | status=200 | durationMs=4 | upstream=recommendations | cache=n/a | source=n/a
gateway request | id=b97a9904-96e8-4ac7-91d2-bebee784e685 | GET /api/recommendations/1 | status=200 | durationMs=3 | upstream=recommendations | cache=n/a | source=n/a
gateway request | id=a8eb6679-a0b2-4fe3-a106-19d22aab5a25 | GET /api/recommendations/1 | status=200 | durationMs=3 | upstream=recommendations | cache=n/a | source=n/a
gateway request | id=fb3705e6-2e8f-46f1-93b2-90651d3423d3 | GET /api/recommendations/1 | status=200 | durationMs=3 | upstream=recommendations | cache=n/a | source=n/a
gateway request | id=35503cab-fe31-4040-8b05-1d9c665861a0 | GET /api/recommendations/1 | status=200 | durationMs=3 | upstream=recommendations | cache=n/a | source=n/a
gateway request | id=58c099cf-4ee7-4e3c-9885-02ada1362a3f | GET /api/recommendations/1 | status=200 | durationMs=3 | upstream=recommendations | cache=n/a | source=n/a
gateway request | id=aa824a34-619a-4494-a196-73f152b65407 | GET /api/recommendations/1 | status=200 | durationMs=5 | upstream=recommendations | cache=n/a | source=n/a
gateway request | id=5e2fb138-e21e-461d-80db-ed7c9db112e9 | GET /api/recommendations/1 | status=200 | durationMs=4 | upstream=recommendations | cache=n/a | source=n/a
gateway request | id=35c718e1-9a31-41b1-bffb-e70a5fdada8d | GET /api/recommendations/1 | status=200 | durationMs=3 | upstream=recommendations | cache=n/a | source=n/a
gateway request | id=d73ba79e-efd3-481d-b277-ab1208da3adc | GET /api/recommendations/1 | status=200 | durationMs=3 | upstream=recommendations | cache=n/a | source=n/a
gateway request | id=514652a9-e9af-4958-b832-d06c44f24d6f | GET /api/recommendations/1 | status=200 | durationMs=6 | upstream=recommendations | cache=n/a | source=n/a
gateway request | id=51be874b-9621-465d-8b0c-2b31f8988d14 | GET /api/recommendations/1 | status=200 | durationMs=5 | upstream=recommendations | cache=n/a | source=n/a
gateway request | id=31a88e18-1de3-46fd-a13c-27b23c7498b2 | GET /api/recommendations/1 | status=200 | durationMs=5 | upstream=recommendations | cache=n/a | source=n/a
gateway request | id=88709df5-b4f6-43bf-baef-410fc26cde13 | GET /api/recommendations/1 | status=200 | durationMs=3 | upstream=recommendations | cache=n/a | source=n/a
gateway request | id=53a1f5f4-ca6f-4cb2-aed6-75542c9c4eff | GET /api/recommendations/1 | status=200 | durationMs=4 | upstream=recommendations | cache=n/a | source=n/a
gateway request | id=81f9f8f9-57a5-4e8f-810b-599b883b248b | GET /api/recommendations/1 | status=200 | durationMs=4 | upstream=recommendations | cache=n/a | source=n/a
gateway request | id=6a6cb42a-a50a-4423-8eb6-f00e58af9a44 | GET /api/recommendations/1 | status=200 | durationMs=4 | upstream=recommendations | cache=n/a | source=n/a
gateway request | id=00b63b59-4dc7-4dac-91d5-4fed9c3e0bf0 | GET /api/recommendations/1 | status=200 | durationMs=3 | upstream=recommendations | cache=n/a | source=n/a
gateway request | id=1d1ffa1c-9c40-490b-8e68-e822847203c2 | GET /api/recommendations/1 | status=200 | durationMs=3 | upstream=recommendations | cache=n/a | source=n/a
gateway request | id=805d4710-9c70-4cfc-b207-9c9c83b10da3 | GET /api/recommendations/1 | status=200 | durationMs=3 | upstream=recommendations | cache=n/a | source=n/a
gateway request | id=34579669-374c-4923-9328-54e86e4e06fc | GET /api/recommendations/1 | status=200 | durationMs=3 | upstream=recommendations | cache=n/a | source=n/a
gateway request | id=4cd7d12f-cd2a-47ef-9226-fe646f4302eb | GET /api/recommendations/1 | status=200 | durationMs=5 | upstream=recommendations | cache=n/a | source=n/a
gateway request | id=6d1f9dce-9e67-466f-952f-a5a014fbfc82 | GET /api/recommendations/1 | status=200 | durationMs=3 | upstream=recommendations | cache=n/a | source=n/a
gateway request | id=9545fc33-a18c-438e-8fce-9fc8f1652eb7 | GET /api/recommendations/1 | status=200 | durationMs=4 | upstream=recommendations | cache=n/a | source=n/a
gateway request | id=97f560a2-5552-46ff-9246-055cf9bfa0e6 | GET /api/recommendations/1 | status=200 | durationMs=4 | upstream=recommendations | cache=n/a | source=n/a
gateway request | id=e17ac2d6-8a08-4a59-91e6-ac276e2ea046 | GET /api/recommendations/1 | status=200 | durationMs=6 | upstream=recommendations | cache=n/a | source=n/a
gateway request | id=6a55a919-5095-4a0a-a235-adbdb764ac68 | GET /api/recommendations/1 | status=200 | durationMs=6 | upstream=recommendations | cache=n/a | source=n/a
gateway request | id=222d4245-22e4-4021-be8a-a7252f9f90d0 | GET /api/recommendations/1 | status=200 | durationMs=3 | upstream=recommendations | cache=n/a | source=n/a
gateway request | id=bbd6a116-e469-4185-a9e2-1d100aa3946e | GET /api/recommendations/1 | status=200 | durationMs=3 | upstream=recommendations | cache=n/a | source=n/a
gateway request | id=05093927-b521-4492-869c-bca0967dab61 | GET /api/recommendations/1 | status=200 | durationMs=4 | upstream=recommendations | cache=n/a | source=n/a
gateway request | id=41b6c6e3-99a5-4903-a94a-74c6af24ff81 | GET /api/recommendations/1 | status=200 | durationMs=5 | upstream=recommendations | cache=n/a | source=n/a
gateway request | id=a90a8b82-63da-43e3-b5ee-fe66a11bd5d3 | GET /api/recommendations/1 | status=200 | durationMs=4 | upstream=recommendations | cache=n/a | source=n/a
gateway request | id=61bd6b32-f105-43ea-bd24-0f261b87d97c | GET /api/recommendations/1 | status=200 | durationMs=3 | upstream=recommendations | cache=n/a | source=n/a
gateway request | id=8cfb1bfc-55c9-47a3-8e0a-31a36383bf3a | GET /api/recommendations/1 | status=200 | durationMs=4 | upstream=recommendations | cache=n/a | source=n/a
gateway request | id=faaa6223-99b4-4a1a-a767-fb12f65f8663 | GET /api/recommendations/1 | status=200 | durationMs=3 | upstream=recommendations | cache=n/a | source=n/a
gateway request | id=bebab500-3c5b-4642-9bbe-393ba4f69353 | GET /api/recommendations/1 | status=200 | durationMs=3 | upstream=recommendations | cache=n/a | source=n/a
gateway request | id=bda15ce2-a9f7-45fd-ad31-19db2d6077e7 | GET /api/recommendations/1 | status=200 | durationMs=4 | upstream=recommendations | cache=n/a | source=n/a
gateway request | id=bf08108d-f0dd-4cd7-81a1-d73fbc89395a | GET /api/recommendations/1 | status=200 | durationMs=3 | upstream=recommendations | cache=n/a | source=n/a
gateway request | id=1c28ff70-0bbd-4c19-9e62-942fc1b052a1 | GET /api/recommendations/1 | status=200 | durationMs=3 | upstream=recommendations | cache=n/a | source=n/a
gateway request | id=fd5325a9-f471-40fc-b9a4-0b498fc8ed6a | GET /api/recommendations/1 | status=200 | durationMs=3 | upstream=recommendations | cache=n/a | source=n/a
gateway request | id=df803c13-ace6-4d27-b474-422a20f1a2cd | GET /api/recommendations/1 | status=200 | durationMs=4 | upstream=recommendations | cache=n/a | source=n/a
gateway request | id=f99db9e3-f775-4fe8-aba4-8c1d0d58db1f | GET /api/recommendations/1 | status=200 | durationMs=4 | upstream=recommendations | cache=n/a | source=n/a
gateway request | id=3c302fda-f8e1-453c-b2a2-e101d64f9e38 | GET /api/recommendations/1 | status=200 | durationMs=5 | upstream=recommendations | cache=n/a | source=n/a
gateway request | id=be64d7b2-a896-450e-8a8c-00761a6b8b05 | GET /api/recommendations/1 | status=200 | durationMs=3 | upstream=recommendations | cache=n/a | source=n/a
gateway request | id=e7343591-38b9-4ef3-bc9a-610a9eea16cd | GET /api/recommendations/1 | status=200 | durationMs=4 | upstream=recommendations | cache=n/a | source=n/a
gateway request | id=3f53326d-4ccf-436b-8c72-a2401279837c | GET /api/recommendations/1 | status=200 | durationMs=5 | upstream=recommendations | cache=n/a | source=n/a
gateway request | id=8958a133-3c40-4e2b-ac96-b2464bf0c7c8 | GET /api/recommendations/1 | status=200 | durationMs=4 | upstream=recommendations | cache=n/a | source=n/a
gateway request | id=c4a30dce-8996-438b-994b-b45e3f47be48 | GET /api/recommendations/1 | status=200 | durationMs=5 | upstream=recommendations | cache=n/a | source=n/a
gateway request | id=fb39b519-f67a-4f0f-b1d7-8596898bf7ab | GET /api/recommendations/1 | status=200 | durationMs=3 | upstream=recommendations | cache=n/a | source=n/a
gateway request | id=276d313f-6c80-4ff2-b3bb-0556bbfe329c | GET /api/recommendations/1 | status=200 | durationMs=3 | upstream=recommendations | cache=n/a | source=n/a
gateway request | id=3b0195c2-905c-456e-839c-beca1136903a | GET /api/recommendations/1 | status=200 | durationMs=3 | upstream=recommendations | cache=n/a | source=n/a
gateway request | id=9215242e-3ad0-469f-b0cf-b623630f926a | GET /api/recommendations/1 | status=200 | durationMs=3 | upstream=recommendations | cache=n/a | source=n/a
gateway request | id=a04f6419-f8d1-42fd-afd9-38285e7b0b73 | GET /api/recommendations/1 | status=200 | durationMs=2 | upstream=recommendations | cache=n/a | source=n/a
gateway request | id=2ec340a7-db5e-4ffe-8040-9cc878fed8f0 | GET /api/recommendations/1 | status=200 | durationMs=3 | upstream=recommendations | cache=n/a | source=n/a
gateway request | id=e650f1d5-f455-4597-a214-7e41796fb894 | GET /api/recommendations/1 | status=200 | durationMs=2 | upstream=recommendations | cache=n/a | source=n/a
gateway request | id=24200302-15f0-40eb-8176-509c38d0d027 | GET /api/recommendations/1 | status=200 | durationMs=5 | upstream=recommendations | cache=n/a | source=n/a
gateway request | id=e358985f-e332-4897-9c0a-c3d2a1c05a1b | GET /api/recommendations/1 | status=200 | durationMs=5 | upstream=recommendations | cache=n/a | source=n/a
gateway request | id=24aa3fd1-556c-4f71-9e6a-2e37f71a2a39 | GET /api/recommendations/1 | status=200 | durationMs=4 | upstream=recommendations | cache=n/a | source=n/a
gateway request | id=7f4f9029-5732-4f2a-80fb-cb82a26fc3eb | GET /api/recommendations/1 | status=200 | durationMs=2 | upstream=recommendations | cache=n/a | source=n/a
gateway request | id=c0cd3f7b-1320-46e2-88d4-7c35c493488d | GET /api/recommendations/1 | status=200 | durationMs=3 | upstream=recommendations | cache=n/a | source=n/a
gateway request | id=9defdca6-165d-45e7-af7b-80a913d65d69 | GET /api/recommendations/1 | status=200 | durationMs=4 | upstream=recommendations | cache=n/a | source=n/a
gateway request | id=3511ac8b-4850-46a9-bdf9-aaba18ce6c73 | GET /api/recommendations/1 | status=200 | durationMs=3 | upstream=recommendations | cache=n/a | source=n/a
gateway request | id=cf3f4489-fd6f-4681-b0af-913b59145272 | GET /api/recommendations/1 | status=200 | durationMs=4 | upstream=recommendations | cache=n/a | source=n/a
gateway request | id=c7180a97-3dc1-473f-839b-fedd30a33d2e | GET /api/recommendations/1 | status=200 | durationMs=4 | upstream=recommendations | cache=n/a | source=n/a
gateway request | id=6c0069e8-eb8b-46e0-a7e2-e2ad814d3b24 | GET /api/recommendations/1 | status=200 | durationMs=4 | upstream=recommendations | cache=n/a | source=n/a
gateway request | id=9d67d3b5-16ae-43b9-bd09-0886de3a5bd3 | GET /api/recommendations/1 | status=200 | durationMs=3 | upstream=recommendations | cache=n/a | source=n/a
gateway request | id=11b63095-2c5a-4e43-bdcd-010844238011 | GET /api/recommendations/1 | status=200 | durationMs=4 | upstream=recommendations | cache=n/a | source=n/a
gateway request | id=e012a2e1-5dee-4b73-8301-e31e8749a4d1 | GET /api/recommendations/1 | status=200 | durationMs=4 | upstream=recommendations | cache=n/a | source=n/a
gateway request | id=6a0fee96-bc2c-4a03-a4bf-59f63eb9539d | GET /api/recommendations/1 | status=200 | durationMs=4 | upstream=recommendations | cache=n/a | source=n/a
gateway request | id=58a08ca0-782e-4e83-9e9e-5f290c996055 | GET /api/recommendations/1 | status=200 | durationMs=3 | upstream=recommendations | cache=n/a | source=n/a
gateway request | id=b536e394-d254-41ad-8184-6c6404a240ee | GET /api/recommendations/1 | status=200 | durationMs=6 | upstream=recommendations | cache=n/a | source=n/a
gateway request | id=5221fd7f-0e00-425a-b298-4586a239aca9 | GET /api/recommendations/1 | status=200 | durationMs=6 | upstream=recommendations | cache=n/a | source=n/a
gateway request | id=2a6244fe-edcd-4d22-9479-835571e15b1b | GET /api/recommendations/1 | status=200 | durationMs=3 | upstream=recommendations | cache=n/a | source=n/a
gateway request | id=97228bf8-a7cd-4c13-8aa7-e101a369d2f8 | GET /api/recommendations/1 | status=200 | durationMs=3 | upstream=recommendations | cache=n/a | source=n/a
gateway request | id=69e8e365-1bd3-458f-b7ba-95cbef112414 | GET /api/recommendations/1 | status=200 | durationMs=4 | upstream=recommendations | cache=n/a | source=n/a
gateway request | id=7e31b5b7-f122-42c0-b601-98efadbfb36b | GET /api/recommendations/1 | status=200 | durationMs=4 | upstream=recommendations | cache=n/a | source=n/a
gateway request | id=a0b46272-95fe-4034-92ce-e2c0af8f7a6a | GET /api/recommendations/1 | status=200 | durationMs=4 | upstream=recommendations | cache=n/a | source=n/a
gateway request | id=93ba824b-eeff-42f1-b5e2-7cd3dcf80f96 | GET /api/recommendations/1 | status=200 | durationMs=5 | upstream=recommendations | cache=n/a | source=n/a
gateway request | id=c1ae7452-aeb2-4dd2-af16-f6041c91e6fa | GET /api/recommendations/1 | status=200 | durationMs=3 | upstream=recommendations | cache=n/a | source=n/a
gateway request | id=30bb1969-247b-40b6-84e0-e874978b7865 | GET /api/recommendations/1 | status=200 | durationMs=4 | upstream=recommendations | cache=n/a | source=n/a
gateway request | id=648ec513-47a9-4e87-9e24-7173af8b14a0 | GET /api/recommendations/1 | status=200 | durationMs=3 | upstream=recommendations | cache=n/a | source=n/a
gateway request | id=ae1a3052-3c50-454f-9992-892bdf33eae0 | GET /api/recommendations/1 | status=200 | durationMs=5 | upstream=recommendations | cache=n/a | source=n/a
gateway request | id=faa7fa24-ce3c-492c-8876-2ca8c56eb230 | GET /api/recommendations/1 | status=200 | durationMs=4 | upstream=recommendations | cache=n/a | source=n/a
gateway request | id=fe4949eb-a745-4767-9683-ea8753cd128b | GET /api/recommendations/1 | status=200 | durationMs=4 | upstream=recommendations | cache=n/a | source=n/a
gateway request | id=f06681ac-79ed-40e5-a6ad-c2e142af8a79 | GET /api/recommendations/1 | status=200 | durationMs=3 | upstream=recommendations | cache=n/a | source=n/a
gateway request | id=3e7f695d-9685-4da1-ac5c-cffae9c3dc66 | GET /api/recommendations/1 | status=200 | durationMs=4 | upstream=recommendations | cache=n/a | source=n/a
gateway request | id=1be3eac4-de6a-4992-86f3-3fb557c7b164 | GET /api/recommendations/1 | status=200 | durationMs=4 | upstream=recommendations | cache=n/a | source=n/a
gateway request | id=f3373f7f-1d24-4b5f-aeec-d8edecd8f35e | GET /api/recommendations/1 | status=200 | durationMs=4 | upstream=recommendations | cache=n/a | source=n/a
gateway request | id=319c605a-104f-4e96-863c-cb2bfebcea8a | GET /api/recommendations/1 | status=200 | durationMs=3 | upstream=recommendations | cache=n/a | source=n/a
gateway request | id=c1e834ef-06ba-4aba-aa08-641cc445b8a7 | GET /api/recommendations/1 | status=200 | durationMs=3 | upstream=recommendations | cache=n/a | source=n/a
gateway request | id=e1f3f3d5-6a17-44e6-b6e6-5eb4e40ef03b | GET /api/recommendations/1 | status=200 | durationMs=4 | upstream=recommendations | cache=n/a | source=n/a
gateway request | id=fd52d203-3e46-4e6d-aa7b-430eb63d8ef0 | GET /api/recommendations/1 | status=200 | durationMs=3 | upstream=recommendations | cache=n/a | source=n/a
gateway request | id=7d9d0ae7-0206-45c6-80f6-5113ecd784f8 | GET /api/recommendations/1 | status=200 | durationMs=2 | upstream=recommendations | cache=n/a | source=n/a
gateway request | id=4e618508-01d9-46c3-a7a6-ba8ba6cf8029 | GET /api/recommendations/1 | status=200 | durationMs=4 | upstream=recommendations | cache=n/a | source=n/a
gateway request | id=a7c02d91-9b11-41b5-8186-be4f7ecf2a43 | GET /api/recommendations/1 | status=200 | durationMs=4 | upstream=recommendations | cache=n/a | source=n/a
gateway request | id=2b46c2be-bcdc-4c74-bd82-f604a67f2647 | GET /api/recommendations/1 | status=200 | durationMs=3 | upstream=recommendations | cache=n/a | source=n/a
gateway request | id=ea78707b-3f97-4b70-9fc8-25d20e32a065 | GET /api/recommendations/1 | status=200 | durationMs=4 | upstream=recommendations | cache=n/a | source=n/a
gateway request | id=01bda086-c423-4a08-adf6-7d8693ece16c | GET /api/recommendations/1 | status=200 | durationMs=3 | upstream=recommendations | cache=n/a | source=n/a
gateway request | id=483769c6-f33b-49d2-a77b-afb8e692ba80 | GET /api/recommendations/1 | status=200 | durationMs=4 | upstream=recommendations | cache=n/a | source=n/a
gateway request | id=a4304b64-ceb7-4a3d-8281-11d07556178c | GET /api/recommendations/1 | status=200 | durationMs=5 | upstream=recommendations | cache=n/a | source=n/a
gateway request | id=82c2a9b7-fa2b-4601-bca1-66c85e64de7e | GET /api/recommendations/1 | status=200 | durationMs=3 | upstream=recommendations | cache=n/a | source=n/a
gateway request | id=fe0ec2bd-3541-442a-91fd-9b900b108775 | GET /api/recommendations/1 | status=200 | durationMs=3 | upstream=recommendations | cache=n/a | source=n/a
gateway request | id=97526f28-514b-4164-8e79-c0ff55c65aeb | GET /api/recommendations/1 | status=200 | durationMs=5 | upstream=recommendations | cache=n/a | source=n/a
gateway request | id=25938f18-22ec-4b04-9edb-15ff0d8c9c06 | GET /api/recommendations/1 | status=200 | durationMs=4 | upstream=recommendations | cache=n/a | source=n/a
gateway request | id=2ebbbf43-1e50-4341-9ef0-57a96cde8ab7 | GET /api/recommendations/1 | status=200 | durationMs=4 | upstream=recommendations | cache=n/a | source=n/a
gateway request | id=b1a210c2-3c82-4535-86e1-43d0e00f5f6f | GET /api/recommendations/1 | status=200 | durationMs=4 | upstream=recommendations | cache=n/a | source=n/a
gateway request | id=8e6da7d8-6a8f-482b-9566-a134c8db345b | GET /api/recommendations/1 | status=200 | durationMs=5 | upstream=recommendations | cache=n/a | source=n/a
gateway request | id=aec50bba-db0d-4c8a-9403-081026e8b07e | GET /api/recommendations/1 | status=200 | durationMs=4 | upstream=recommendations | cache=n/a | source=n/a
gateway request | id=39da2789-6f48-401c-97ac-f6bd0169d519 | GET /api/recommendations/1 | status=200 | durationMs=5 | upstream=recommendations | cache=n/a | source=n/a
gateway request | id=49d7cd2f-4eb0-4d5d-b5de-9a558a4162c5 | GET /api/recommendations/1 | status=200 | durationMs=5 | upstream=recommendations | cache=n/a | source=n/a
gateway request | id=ddb379d8-873b-4dbb-85e9-17425496fca1 | GET /api/recommendations/1 | status=200 | durationMs=7 | upstream=recommendations | cache=n/a | source=n/a
gateway request | id=724cb436-f361-4484-ba28-febb97111cc5 | GET /api/recommendations/1 | status=200 | durationMs=4 | upstream=recommendations | cache=n/a | source=n/a
gateway request | id=c604b1b6-4f47-4e85-b01c-1b0b5f3d33a8 | GET /api/recommendations/1 | status=200 | durationMs=6 | upstream=recommendations | cache=n/a | source=n/a
gateway request | id=90dba8c6-a996-4dff-bab9-b0da0f262446 | GET /api/recommendations/1 | status=200 | durationMs=6 | upstream=recommendations | cache=n/a | source=n/a
gateway request | id=31f49676-65b2-4f7d-b867-f425b2ca6c02 | GET /api/recommendations/1 | status=200 | durationMs=3 | upstream=recommendations | cache=n/a | source=n/a
gateway request | id=595b6582-32d9-4f78-9c5c-5e7e8fa686f8 | GET /api/recommendations/1 | status=200 | durationMs=3 | upstream=recommendations | cache=n/a | source=n/a
gateway request | id=329ab27d-a9fd-4d25-a0f6-96dbdab0f790 | GET /api/recommendations/1 | status=200 | durationMs=3 | upstream=recommendations | cache=n/a | source=n/a
gateway request | id=9699f62f-4c24-4981-bea4-5eed3ec6918a | GET /api/recommendations/1 | status=200 | durationMs=4 | upstream=recommendations | cache=n/a | source=n/a
gateway request | id=8a134daa-bbd5-4b61-9c99-efc6fb02ee16 | GET /api/recommendations/1 | status=200 | durationMs=5 | upstream=recommendations | cache=n/a | source=n/a
gateway request | id=f84f75b2-90f4-40bd-ac44-178918984217 | GET /api/recommendations/1 | status=200 | durationMs=4 | upstream=recommendations | cache=n/a | source=n/a
gateway request | id=523645af-23fe-45bc-8d2e-b97199ad330c | GET /api/recommendations/1 | status=200 | durationMs=5 | upstream=recommendations | cache=n/a | source=n/a
gateway request | id=55d5e90d-3b0e-4f2f-a2f7-a781ea44ce23 | GET /api/recommendations/1 | status=200 | durationMs=5 | upstream=recommendations | cache=n/a | source=n/a
gateway request | id=29310eec-8bbc-4e68-ad80-9bfbd16f9d95 | GET /api/recommendations/1 | status=200 | durationMs=3 | upstream=recommendations | cache=n/a | source=n/a
gateway request | id=5db9f06a-6d49-4e76-814c-b65999f89d58 | GET /api/recommendations/1 | status=200 | durationMs=4 | upstream=recommendations | cache=n/a | source=n/a
gateway request | id=e52c722b-5a92-4cd7-9313-0512ad001202 | GET /api/recommendations/1 | status=200 | durationMs=4 | upstream=recommendations | cache=n/a | source=n/a
gateway request | id=078a97a0-9fe9-4f17-8b31-065dc8e0b94c | GET /api/recommendations/1 | status=200 | durationMs=3 | upstream=recommendations | cache=n/a | source=n/a
gateway request | id=0a400e48-413e-420a-88a6-003a9cf4f317 | GET /api/recommendations/1 | status=200 | durationMs=4 | upstream=recommendations | cache=n/a | source=n/a
gateway request | id=7634a08a-59f2-4f80-a43a-ae53f9a6470f | GET /api/recommendations/1 | status=200 | durationMs=2 | upstream=recommendations | cache=n/a | source=n/a
gateway request | id=58f7b0f5-a417-4bde-a8be-462fb46e2a1b | GET /api/recommendations/1 | status=200 | durationMs=3 | upstream=recommendations | cache=n/a | source=n/a
gateway request | id=136307fb-5a8e-4332-a162-9be7a781c46a | GET /api/recommendations/1 | status=200 | durationMs=4 | upstream=recommendations | cache=n/a | source=n/a
gateway request | id=e75fbc91-238c-4751-8888-a2f5912a1160 | GET /api/recommendations/1 | status=200 | durationMs=4 | upstream=recommendations | cache=n/a | source=n/a
gateway request | id=f508c2f6-f6d6-4dac-ba5b-aa6054ba307a | GET /api/recommendations/1 | status=200 | durationMs=3 | upstream=recommendations | cache=n/a | source=n/a
gateway request | id=eadeb059-e506-4c53-8864-332487f0124f | GET /api/recommendations/1 | status=200 | durationMs=4 | upstream=recommendations | cache=n/a | source=n/a
gateway request | id=af9e8958-7256-4476-901a-033a8687eb87 | GET /api/recommendations/1 | status=200 | durationMs=4 | upstream=recommendations | cache=n/a | source=n/a
gateway request | id=96020f8c-c9df-426d-b801-4f4ee51b5df0 | GET /api/recommendations/1 | status=200 | durationMs=4 | upstream=recommendations | cache=n/a | source=n/a
gateway request | id=7e63bdbc-a932-4e01-be13-2a84285af018 | GET /api/recommendations/1 | status=200 | durationMs=3 | upstream=recommendations | cache=n/a | source=n/a
gateway request | id=cd119814-049f-4915-bbe4-d97e75827b39 | GET /api/recommendations/1 | status=200 | durationMs=4 | upstream=recommendations | cache=n/a | source=n/a
gateway request | id=4f7a8ae7-8872-4287-a22c-3d933d9a870c | GET /api/recommendations/1 | status=200 | durationMs=3 | upstream=recommendations | cache=n/a | source=n/a
gateway request | id=a38245f7-e584-4f7d-a5a7-c6a232483c23 | GET /api/recommendations/1 | status=200 | durationMs=4 | upstream=recommendations | cache=n/a | source=n/a
gateway request | id=8af326b5-a15f-49e9-88db-75db37357ff4 | GET /api/recommendations/1 | status=200 | durationMs=3 | upstream=recommendations | cache=n/a | source=n/a
gateway request | id=1e4bb287-c971-4dfc-b3f1-1b45fa1dfac2 | GET /api/recommendations/1 | status=200 | durationMs=3 | upstream=recommendations | cache=n/a | source=n/a
gateway request | id=3fa2b6b4-9566-4ddc-8ede-fdf9f789b8ea | GET /api/recommendations/1 | status=200 | durationMs=3 | upstream=recommendations | cache=n/a | source=n/a
gateway request | id=8ba44b67-5e40-4a44-8e61-f3cc96b355c2 | GET /api/recommendations/1 | status=200 | durationMs=4 | upstream=recommendations | cache=n/a | source=n/a
gateway request | id=19fc2d3f-8c35-40d4-bc03-1298234126c5 | GET /api/recommendations/1 | status=200 | durationMs=5 | upstream=recommendations | cache=n/a | source=n/a
gateway request | id=2ed9cbda-3441-40dd-b2a7-960f320a4aa9 | GET /api/recommendations/1 | status=200 | durationMs=3 | upstream=recommendations | cache=n/a | source=n/a
gateway request | id=272ffd06-e065-468b-ab77-a4688e72a735 | GET /api/recommendations/1 | status=200 | durationMs=4 | upstream=recommendations | cache=n/a | source=n/a
gateway request | id=f43e6fe9-cf27-4b79-8756-6869f164eec7 | GET /api/recommendations/1 | status=200 | durationMs=4 | upstream=recommendations | cache=n/a | source=n/a
gateway request | id=88d65415-ba48-4b80-9381-43be660ed109 | GET /api/recommendations/1 | status=200 | durationMs=2 | upstream=recommendations | cache=n/a | source=n/a
gateway request | id=44a21c7e-4966-4089-b1f1-17a1fd4ae686 | GET /api/recommendations/1 | status=200 | durationMs=2 | upstream=recommendations | cache=n/a | source=n/a
gateway request | id=b1c630d1-0deb-42ab-9072-81acf05c86f0 | GET /api/recommendations/1 | status=200 | durationMs=2 | upstream=recommendations | cache=n/a | source=n/a
gateway request | id=eb9d3186-a0f0-415c-8a6e-ee5eea32970b | GET /api/recommendations/1 | status=200 | durationMs=2 | upstream=recommendations | cache=n/a | source=n/a
gateway request | id=3dc0ead3-6f9a-4c93-b413-df66431baa5a | GET /api/recommendations/1 | status=200 | durationMs=2 | upstream=recommendations | cache=n/a | source=n/a
gateway request | id=725bae78-5cf9-4f9c-8b3a-143d819fa39c | GET /api/recommendations/1 | status=200 | durationMs=2 | upstream=recommendations | cache=n/a | source=n/a
gateway request | id=88257872-7116-4e8a-8082-dbbfa0402f4d | GET /api/recommendations/1 | status=200 | durationMs=3 | upstream=recommendations | cache=n/a | source=n/a
gateway request | id=f85b4fa5-a2cb-40f5-847d-e1f76f0dfe84 | GET /api/recommendations/1 | status=200 | durationMs=3 | upstream=recommendations | cache=n/a | source=n/a
gateway request | id=1f75aeaa-1bfa-4a98-ae3c-7d02c3b321f3 | GET /api/recommendations/1 | status=200 | durationMs=2 | upstream=recommendations | cache=n/a | source=n/a
gateway request | id=7dae3577-ebbb-4cc4-93fe-0cd31bf4374f | GET /api/recommendations/1 | status=200 | durationMs=3 | upstream=recommendations | cache=n/a | source=n/a
gateway request | id=71e13705-a792-409e-afa7-72e3792a3d29 | GET /api/recommendations/1 | status=200 | durationMs=4 | upstream=recommendations | cache=n/a | source=n/a
gateway request | id=0d60b844-84b4-425f-9428-63d4c789898d | GET /api/recommendations/1 | status=200 | durationMs=3 | upstream=recommendations | cache=n/a | source=n/a
gateway request | id=0683dce7-2841-4b35-bab6-adc3b0579893 | GET /api/recommendations/1 | status=200 | durationMs=4 | upstream=recommendations | cache=n/a | source=n/a
gateway request | id=e3834e14-997e-42a7-85d6-4742fe21a207 | GET /api/recommendations/1 | status=200 | durationMs=5 | upstream=recommendations | cache=n/a | source=n/a
gateway request | id=acc650b9-228f-426b-9b43-b31cc12d34c6 | GET /api/recommendations/1 | status=200 | durationMs=5 | upstream=recommendations | cache=n/a | source=n/a
gateway request | id=5924bb5b-33bd-42b8-83e5-adc231ebad35 | GET /api/recommendations/1 | status=200 | durationMs=4 | upstream=recommendations | cache=n/a | source=n/a
gateway request | id=4668cad8-a541-4f1d-810f-96611cb5f391 | GET /api/recommendations/1 | status=200 | durationMs=5 | upstream=recommendations | cache=n/a | source=n/a
gateway request | id=c6aec245-02e5-4816-83c0-3be0841ab785 | GET /api/recommendations/1 | status=200 | durationMs=6 | upstream=recommendations | cache=n/a | source=n/a
gateway request | id=9ac0c7cf-2e87-4f7c-8bdf-3fdb6a97c23a | GET /api/recommendations/1 | status=200 | durationMs=3 | upstream=recommendations | cache=n/a | source=n/a
gateway request | id=4ec4d6bb-0606-4f8e-a1ca-eb754c3091b3 | GET /api/recommendations/1 | status=200 | durationMs=3 | upstream=recommendations | cache=n/a | source=n/a
gateway request | id=e859e325-b5cb-4724-9243-e69bdfbf8d65 | GET /api/recommendations/1 | status=200 | durationMs=4 | upstream=recommendations | cache=n/a | source=n/a
gateway request | id=20e865bd-7688-4296-97f7-256d841b4ff4 | GET /api/recommendations/1 | status=200 | durationMs=3 | upstream=recommendations | cache=n/a | source=n/a
gateway request | id=f92c458e-ac49-4a64-b50e-60ff32fa626b | GET /api/recommendations/1 | status=200 | durationMs=3 | upstream=recommendations | cache=n/a | source=n/a
gateway request | id=696f768b-b351-4064-9e4f-0871715cd98e | GET /api/recommendations/1 | status=200 | durationMs=2 | upstream=recommendations | cache=n/a | source=n/a
gateway request | id=d9fc3111-a046-4806-8a7c-798080ec5cdc | GET /api/recommendations/1 | status=200 | durationMs=4 | upstream=recommendations | cache=n/a | source=n/a
gateway request | id=e6cee602-cef8-4956-b686-fa80f1178c01 | GET /api/recommendations/1 | status=200 | durationMs=2 | upstream=recommendations | cache=n/a | source=n/a
gateway request | id=48e7b97a-a5c3-4aa5-8e55-d76d82739468 | GET /api/recommendations/1 | status=200 | durationMs=3 | upstream=recommendations | cache=n/a | source=n/a
gateway request | id=125392d2-8c47-4bf5-a069-4985fee7adf6 | GET /api/recommendations/1 | status=200 | durationMs=3 | upstream=recommendations | cache=n/a | source=n/a
gateway request | id=ae3b61e6-fd34-411a-b555-f690f4d6c460 | GET /api/recommendations/1 | status=200 | durationMs=5 | upstream=recommendations | cache=n/a | source=n/a
gateway request | id=70669c8e-e1b6-48bd-beae-c4b7dc6dcda4 | GET /api/recommendations/1 | status=200 | durationMs=4 | upstream=recommendations | cache=n/a | source=n/a
gateway request | id=cd23777a-2517-4d5c-8499-6a8f7e6d0c73 | GET /api/recommendations/1 | status=200 | durationMs=2 | upstream=recommendations | cache=n/a | source=n/a
gateway request | id=41fa37fb-8e05-4923-b393-95f55517c9a4 | GET /api/recommendations/1 | status=200 | durationMs=3 | upstream=recommendations | cache=n/a | source=n/a
gateway request | id=73cb9994-2a21-4795-b2f8-3dca4e645b47 | GET /api/recommendations/1 | status=200 | durationMs=2 | upstream=recommendations | cache=n/a | source=n/a
gateway request | id=40c0f034-d720-44fd-a8c4-7a6ff3413d33 | GET /api/recommendations/1 | status=200 | durationMs=3 | upstream=recommendations | cache=n/a | source=n/a
gateway request | id=a97e4464-ddc7-4d00-8518-16c58c34178b | GET /api/recommendations/1 | status=200 | durationMs=3 | upstream=recommendations | cache=n/a | source=n/a
gateway request | id=2a233386-1282-426f-92c8-b967f3045d90 | GET /api/recommendations/1 | status=200 | durationMs=3 | upstream=recommendations | cache=n/a | source=n/a
gateway request | id=ed1555cf-9a23-4279-946d-cf8183f6f7df | GET /api/recommendations/1 | status=200 | durationMs=5 | upstream=recommendations | cache=n/a | source=n/a
gateway request | id=51b9e2f9-40b6-40ca-8f48-60f8c60d0546 | GET /api/recommendations/1 | status=200 | durationMs=5 | upstream=recommendations | cache=n/a | source=n/a
gateway request | id=942d681e-45bb-486d-aafc-c93de335c259 | GET /api/recommendations/1 | status=200 | durationMs=3 | upstream=recommendations | cache=n/a | source=n/a
gateway request | id=af3426b0-7dfb-4c36-b663-4ad38f89933a | GET /api/recommendations/1 | status=200 | durationMs=5 | upstream=recommendations | cache=n/a | source=n/a
gateway request | id=24b11c6c-591c-4ef0-8441-6869d2a7952b | GET /api/recommendations/1 | status=200 | durationMs=4 | upstream=recommendations | cache=n/a | source=n/a
gateway request | id=92be6b69-0941-4cb3-800c-19b9dee38ee2 | GET /api/recommendations/1 | status=200 | durationMs=4 | upstream=recommendations | cache=n/a | source=n/a
gateway request | id=52d7fe5f-8d81-4140-89b0-325a8b97b814 | GET /api/recommendations/1 | status=200 | durationMs=4 | upstream=recommendations | cache=n/a | source=n/a
gateway request | id=d30ecaf6-28b4-49e1-9f82-f8fea8ee0800 | GET /api/recommendations/1 | status=200 | durationMs=2 | upstream=recommendations | cache=n/a | source=n/a
gateway request | id=3b34df4d-3437-421d-ae9c-7f39bf061d40 | GET /api/recommendations/1 | status=200 | durationMs=3 | upstream=recommendations | cache=n/a | source=n/a
gateway request | id=3c2ee7ca-04d7-4f95-973d-55e1158857f7 | GET /api/recommendations/1 | status=200 | durationMs=7 | upstream=recommendations | cache=n/a | source=n/a
gateway request | id=7b4b9eef-9fcc-4179-b114-756c6da23d32 | GET /api/recommendations/1 | status=200 | durationMs=4 | upstream=recommendations | cache=n/a | source=n/a
gateway request | id=a46b4ce1-ebe0-41d1-8f5e-8502890ecd22 | GET /api/recommendations/1 | status=200 | durationMs=5 | upstream=recommendations | cache=n/a | source=n/a
gateway request | id=c5aa8d69-6d22-4757-b87f-0c7c5d3dd0dc | GET /api/recommendations/1 | status=200 | durationMs=5 | upstream=recommendations | cache=n/a | source=n/a
gateway request | id=d38cf66e-2ab3-4769-8289-d9f61f3c0682 | GET /api/recommendations/1 | status=200 | durationMs=4 | upstream=recommendations | cache=n/a | source=n/a
gateway request | id=63eb2d75-1515-4356-9ed9-ab7130360ed6 | GET /api/recommendations/1 | status=200 | durationMs=2 | upstream=recommendations | cache=n/a | source=n/a
gateway request | id=461348be-48a2-4855-95c5-ba2a5ed9b0df | GET /api/recommendations/1 | status=200 | durationMs=6 | upstream=recommendations | cache=n/a | source=n/a
gateway request | id=83d56579-2518-4e0e-999a-e4490135fcb2 | GET /api/recommendations/1 | status=200 | durationMs=5 | upstream=recommendations | cache=n/a | source=n/a
gateway request | id=0045b69c-c8e5-4599-a0b4-e9b3cb6b336d | GET /api/recommendations/1 | status=200 | durationMs=3 | upstream=recommendations | cache=n/a | source=n/a
gateway request | id=bc103c19-d59f-4cb5-acf2-266e2214b89a | GET /api/recommendations/1 | status=200 | durationMs=5 | upstream=recommendations | cache=n/a | source=n/a
gateway request | id=5d87563f-1dbd-41da-9f92-a13857a94b0e | GET /api/recommendations/1 | status=200 | durationMs=5 | upstream=recommendations | cache=n/a | source=n/a
gateway request | id=74253319-40d0-4250-9085-f60bc00c65fa | GET /api/recommendations/1 | status=200 | durationMs=6 | upstream=recommendations | cache=n/a | source=n/a
gateway request | id=dea11577-a57f-41d8-98e9-766ff984ffea | GET /api/recommendations/1 | status=200 | durationMs=3 | upstream=recommendations | cache=n/a | source=n/a
gateway request | id=4668cafb-5132-4400-8d4a-35b77ecb3d47 | GET /api/recommendations/1 | status=200 | durationMs=6 | upstream=recommendations | cache=n/a | source=n/a
gateway request | id=5c51ecfe-7d20-4aa5-bd6f-29da13fb414b | GET /api/recommendations/1 | status=200 | durationMs=6 | upstream=recommendations | cache=n/a | source=n/a
gateway request | id=582f63cd-35c2-476a-bc10-d19bab49cc37 | GET /api/recommendations/1 | status=200 | durationMs=4 | upstream=recommendations | cache=n/a | source=n/a
gateway request | id=2872ff86-9444-41a6-a93f-c65232c77880 | GET /api/recommendations/1 | status=200 | durationMs=4 | upstream=recommendations | cache=n/a | source=n/a
gateway request | id=ae47bc2f-e89f-4a62-9cc3-5bece92c6766 | GET /api/recommendations/1 | status=200 | durationMs=2 | upstream=recommendations | cache=n/a | source=n/a
gateway request | id=7d5b6a18-fb7c-4c8e-8e64-df42b6124cbe | GET /api/recommendations/1 | status=200 | durationMs=3 | upstream=recommendations | cache=n/a | source=n/a
gateway request | id=9237c205-77e2-4d58-a74c-21a3ffd51708 | GET /api/recommendations/1 | status=200 | durationMs=3 | upstream=recommendations | cache=n/a | source=n/a
gateway request | id=5b277912-7c79-4238-a304-0954d598a217 | GET /api/recommendations/1 | status=200 | durationMs=9 | upstream=recommendations | cache=n/a | source=n/a
gateway request | id=a53972e6-b052-4d15-b3b6-3956e3aa32a6 | GET /api/recommendations/1 | status=200 | durationMs=3 | upstream=recommendations | cache=n/a | source=n/a
gateway request | id=94fadfa3-861f-4b35-a753-c81f369c72e5 | GET /api/recommendations/1 | status=200 | durationMs=3 | upstream=recommendations | cache=n/a | source=n/a
gateway request | id=a5c81f8f-08c4-4e80-acb8-bcacf6036a07 | GET /api/recommendations/1 | status=200 | durationMs=3 | upstream=recommendations | cache=n/a | source=n/a
gateway request | id=b90f88a0-2d0f-41b6-bcae-6c7dcb6fdd03 | GET /api/recommendations/1 | status=200 | durationMs=4 | upstream=recommendations | cache=n/a | source=n/a
gateway request | id=d56730be-ed5f-4aa7-a5fd-514e8da9a307 | GET /api/recommendations/1 | status=200 | durationMs=3 | upstream=recommendations | cache=n/a | source=n/a
gateway request | id=097b19b1-58af-46dc-9b53-7f218c209ff4 | GET /api/recommendations/1 | status=200 | durationMs=3 | upstream=recommendations | cache=n/a | source=n/a
gateway request | id=208d9bdd-936b-4fda-9ec3-6f30d2546360 | GET /api/recommendations/1 | status=200 | durationMs=2 | upstream=recommendations | cache=n/a | source=n/a
gateway request | id=09d00d72-140f-426c-94d5-9d6546c048cc | GET /api/recommendations/1 | status=200 | durationMs=3 | upstream=recommendations | cache=n/a | source=n/a
gateway request | id=2463d907-b2d1-4dd4-9e64-07382bd1ad7a | GET /api/recommendations/1 | status=200 | durationMs=3 | upstream=recommendations | cache=n/a | source=n/a
gateway request | id=00e09e8e-9761-4200-9e66-ff0a13b6344f | GET /api/recommendations/1 | status=200 | durationMs=4 | upstream=recommendations | cache=n/a | source=n/a
gateway request | id=e48c6d1e-511c-4655-87e2-8f63cb51db25 | GET /api/recommendations/1 | status=200 | durationMs=3 | upstream=recommendations | cache=n/a | source=n/a
gateway request | id=349cd741-68b4-4b95-a575-ce611ee0e3fe | GET /api/recommendations/1 | status=200 | durationMs=2 | upstream=recommendations | cache=n/a | source=n/a
gateway request | id=a718de29-7f88-4dd9-a74c-80ba3be9139a | GET /api/recommendations/1 | status=200 | durationMs=2 | upstream=recommendations | cache=n/a | source=n/a
gateway request | id=d591f47a-109e-490b-96ad-f30932eed93c | GET /api/recommendations/1 | status=200 | durationMs=2 | upstream=recommendations | cache=n/a | source=n/a
gateway request | id=679e88ed-acb1-4cec-8806-3b2c0047cadd | GET /api/recommendations/1 | status=200 | durationMs=3 | upstream=recommendations | cache=n/a | source=n/a
gateway request | id=17196f9d-333e-4c61-ad86-5b54f5c8fc51 | GET /api/recommendations/1 | status=200 | durationMs=4 | upstream=recommendations | cache=n/a | source=n/a
gateway request | id=c9feac87-5219-488f-960d-ec6b1e1ad436 | GET /api/recommendations/1 | status=200 | durationMs=5 | upstream=recommendations | cache=n/a | source=n/a
gateway request | id=ae3748b3-c1a0-4e8f-9b64-370793e50ce8 | GET /api/recommendations/1 | status=200 | durationMs=4 | upstream=recommendations | cache=n/a | source=n/a
gateway request | id=13f2a232-4c82-43b9-9afd-cedd55253380 | GET /api/recommendations/1 | status=200 | durationMs=6 | upstream=recommendations | cache=n/a | source=n/a
gateway request | id=97a56f02-4242-43d7-bd28-02b9ed296fd6 | GET /api/recommendations/1 | status=200 | durationMs=5 | upstream=recommendations | cache=n/a | source=n/a
gateway request | id=bf87afed-7843-486d-b9df-ecb952f817d3 | GET /api/recommendations/1 | status=200 | durationMs=5 | upstream=recommendations | cache=n/a | source=n/a
gateway request | id=e517a65c-7636-45fa-ab1c-1b12133e25ff | GET /api/recommendations/1 | status=200 | durationMs=3 | upstream=recommendations | cache=n/a | source=n/a
gateway request | id=a65cab25-d6e7-456b-9357-a91f37824400 | GET /api/recommendations/1 | status=200 | durationMs=3 | upstream=recommendations | cache=n/a | source=n/a
gateway request | id=89498531-34cd-4feb-a330-97917e64fabe | GET /api/recommendations/1 | status=200 | durationMs=3 | upstream=recommendations | cache=n/a | source=n/a
gateway request | id=fbf2b9e0-bd38-438a-809e-335b8682cbfb | GET /api/recommendations/1 | status=200 | durationMs=4 | upstream=recommendations | cache=n/a | source=n/a
gateway request | id=dc490574-2acf-4465-b0a4-957f78132567 | GET /api/recommendations/1 | status=200 | durationMs=4 | upstream=recommendations | cache=n/a | source=n/a
gateway request | id=bcd6c054-8350-4ee9-bf83-b972f0770025 | GET /api/recommendations/1 | status=200 | durationMs=2 | upstream=recommendations | cache=n/a | source=n/a
gateway request | id=02956d6e-c805-4c80-a01e-4e15e824b922 | GET /api/recommendations/1 | status=200 | durationMs=3 | upstream=recommendations | cache=n/a | source=n/a
gateway request | id=0a0f7baf-6564-4ab5-b8e0-2bdeda46c76b | GET /api/recommendations/1 | status=200 | durationMs=2 | upstream=recommendations | cache=n/a | source=n/a
gateway request | id=8bac5552-bfb9-4d25-acab-e8f564fff8eb | GET /api/recommendations/1 | status=200 | durationMs=2 | upstream=recommendations | cache=n/a | source=n/a
gateway request | id=c8a87407-5015-49d5-816c-ed2bc25d29b7 | GET /api/recommendations/1 | status=200 | durationMs=3 | upstream=recommendations | cache=n/a | source=n/a
gateway request | id=4f6948cd-04bd-45c2-b76d-13a229b048f6 | GET /api/recommendations/1 | status=200 | durationMs=4 | upstream=recommendations | cache=n/a | source=n/a
gateway request | id=1588a5ae-8646-4028-a9e3-11eb3dfbf275 | GET /api/recommendations/1 | status=200 | durationMs=3 | upstream=recommendations | cache=n/a | source=n/a
gateway request | id=bc320e04-8b57-43ff-86e5-6f23ebbbc609 | GET /api/recommendations/1 | status=200 | durationMs=5 | upstream=recommendations | cache=n/a | source=n/a
gateway request | id=223f50f2-935c-4414-a7b2-ec808242f3b0 | GET /api/recommendations/1 | status=200 | durationMs=4 | upstream=recommendations | cache=n/a | source=n/a
gateway request | id=8b78c3e0-93dc-4abb-8a57-95af5ec1d7e5 | GET /api/recommendations/1 | status=200 | durationMs=3 | upstream=recommendations | cache=n/a | source=n/a
gateway request | id=f5764a68-0dee-4eca-8205-b624f790ef32 | GET /api/recommendations/1 | status=200 | durationMs=3 | upstream=recommendations | cache=n/a | source=n/a
gateway request | id=4e76419a-176d-412f-a3f4-b963b02ebf8a | GET /api/recommendations/1 | status=200 | durationMs=3 | upstream=recommendations | cache=n/a | source=n/a
gateway request | id=c9207188-d155-4df9-9482-95528f7a4b94 | GET /api/recommendations/1 | status=200 | durationMs=4 | upstream=recommendations | cache=n/a | source=n/a
gateway request | id=97f6fc26-a579-4974-b8ae-1a9a798e11b2 | GET /api/recommendations/1 | status=200 | durationMs=4 | upstream=recommendations | cache=n/a | source=n/a
gateway request | id=d4aef1d3-e698-433a-a321-6628eeab536c | GET /api/recommendations/1 | status=200 | durationMs=3 | upstream=recommendations | cache=n/a | source=n/a
gateway request | id=cfef3cd2-3529-4613-a9bc-363208027d81 | GET /api/recommendations/1 | status=200 | durationMs=4 | upstream=recommendations | cache=n/a | source=n/a
gateway request | id=6b596a65-c7da-4570-a115-9114c0219156 | GET /api/recommendations/1 | status=200 | durationMs=4 | upstream=recommendations | cache=n/a | source=n/a
gateway request | id=2f8dc7db-ce6f-4360-85a6-f92355a62d1b | GET /api/recommendations/1 | status=200 | durationMs=3 | upstream=recommendations | cache=n/a | source=n/a
gateway request | id=74b03b65-9455-4367-bf54-a0557557d474 | GET /api/recommendations/1 | status=200 | durationMs=4 | upstream=recommendations | cache=n/a | source=n/a
gateway request | id=de06d5be-1b0c-4a72-84f7-2170a5d785eb | GET /api/recommendations/1 | status=200 | durationMs=6 | upstream=recommendations | cache=n/a | source=n/a
gateway request | id=12dd9d26-1616-4a23-b113-f9bf3ee27947 | GET /api/recommendations/1 | status=200 | durationMs=6 | upstream=recommendations | cache=n/a | source=n/a
gateway request | id=d609509a-d27c-48ef-91ba-355983fd40b7 | GET /api/recommendations/1 | status=200 | durationMs=5 | upstream=recommendations | cache=n/a | source=n/a
gateway request | id=33074229-4f86-4b52-b7f6-d8f867a841c7 | GET /api/recommendations/1 | status=200 | durationMs=3 | upstream=recommendations | cache=n/a | source=n/a
gateway request | id=5ebc2a1d-2351-4c48-bda7-62261709a453 | GET /api/recommendations/1 | status=200 | durationMs=3 | upstream=recommendations | cache=n/a | source=n/a
gateway request | id=82da5bbf-ac97-4fae-b036-91fcc045984f | GET /api/recommendations/1 | status=200 | durationMs=4 | upstream=recommendations | cache=n/a | source=n/a
gateway request | id=2ca9c385-b3b1-4e91-ba69-3a9e66829d15 | GET /api/recommendations/1 | status=200 | durationMs=4 | upstream=recommendations | cache=n/a | source=n/a
gateway request | id=28785909-1886-4052-81ef-e7b7d0c20e48 | GET /api/recommendations/1 | status=200 | durationMs=3 | upstream=recommendations | cache=n/a | source=n/a
gateway request | id=206b09a7-538d-4ff3-a0ab-77eed4780e2e | GET /api/recommendations/1 | status=200 | durationMs=2 | upstream=recommendations | cache=n/a | source=n/a
gateway request | id=c37e8380-08e9-4968-a6b6-0693504578ea | GET /api/recommendations/1 | status=200 | durationMs=4 | upstream=recommendations | cache=n/a | source=n/a
gateway request | id=f7e2ff91-01bc-43c8-ba06-04b2071a3320 | GET /api/recommendations/1 | status=200 | durationMs=4 | upstream=recommendations | cache=n/a | source=n/a
gateway request | id=ae39b069-9f58-462f-9cb8-9e0edc6648ed | GET /api/recommendations/1 | status=200 | durationMs=3 | upstream=recommendations | cache=n/a | source=n/a
gateway request | id=d41581aa-ac45-4862-b171-8bb976099d2c | GET /api/recommendations/1 | status=200 | durationMs=3 | upstream=recommendations | cache=n/a | source=n/a
gateway request | id=4c563bc9-32e5-471b-af1d-2119a7956165 | GET /api/recommendations/1 | status=200 | durationMs=2 | upstream=recommendations | cache=n/a | source=n/a
gateway request | id=804f5f82-2c8e-4ccf-b1f3-29a1e8823cf0 | GET /api/recommendations/1 | status=200 | durationMs=4 | upstream=recommendations | cache=n/a | source=n/a
gateway request | id=cd4e4785-0738-4727-9b6f-55ea13513446 | GET /api/recommendations/1 | status=200 | durationMs=3 | upstream=recommendations | cache=n/a | source=n/a
gateway request | id=b94c26d0-c6d8-457b-b819-8448a709ec9d | GET /api/recommendations/1 | status=200 | durationMs=4 | upstream=recommendations | cache=n/a | source=n/a
gateway request | id=1044cb0f-1430-4e40-a9c1-ce64484739d2 | GET /api/recommendations/1 | status=200 | durationMs=4 | upstream=recommendations | cache=n/a | source=n/a
gateway request | id=f4dcc8ec-ab3b-4ce0-aaf0-400d935b58f7 | GET /api/recommendations/1 | status=200 | durationMs=4 | upstream=recommendations | cache=n/a | source=n/a
gateway request | id=452e4fc1-0416-4057-b09e-0dd3d7df4e53 | GET /api/recommendations/1 | status=200 | durationMs=3 | upstream=recommendations | cache=n/a | source=n/a
gateway request | id=6bfceee1-7f8a-42ba-8fed-ebd6155b6518 | GET /api/recommendations/1 | status=200 | durationMs=2 | upstream=recommendations | cache=n/a | source=n/a
gateway request | id=92c65d20-0c67-4a6c-a24f-a122a0ce26f5 | GET /api/recommendations/1 | status=200 | durationMs=3 | upstream=recommendations | cache=n/a | source=n/a
gateway request | id=1f6f1868-b7d2-4eda-9742-60d55e0409e6 | GET /api/recommendations/1 | status=200 | durationMs=2 | upstream=recommendations | cache=n/a | source=n/a
gateway request | id=16851dc6-b8ba-4bfc-98d2-7b1715696115 | GET /api/recommendations/1 | status=200 | durationMs=3 | upstream=recommendations | cache=n/a | source=n/a
gateway request | id=0114d6e0-b0ed-458e-84e1-ec0235f81289 | GET /api/recommendations/1 | status=200 | durationMs=5 | upstream=recommendations | cache=n/a | source=n/a
gateway request | id=746e7dbc-a24b-4d52-8fa3-0bb4979bc5ac | GET /api/recommendations/1 | status=200 | durationMs=4 | upstream=recommendations | cache=n/a | source=n/a
gateway request | id=6c623e93-8ad4-43f1-8db1-cf07e0570c67 | GET /api/recommendations/1 | status=200 | durationMs=3 | upstream=recommendations | cache=n/a | source=n/a
gateway request | id=1e680cb1-5d19-43b8-abda-e4673dbc05b0 | GET /api/recommendations/1 | status=200 | durationMs=3 | upstream=recommendations | cache=n/a | source=n/a
gateway request | id=db61b91c-c63e-4ccf-a919-41c7cae621c3 | GET /api/recommendations/1 | status=200 | durationMs=3 | upstream=recommendations | cache=n/a | source=n/a
gateway request | id=28b987cb-aa8d-48e8-b28a-ee1bbfc343a9 | GET /api/recommendations/1 | status=200 | durationMs=5 | upstream=recommendations | cache=n/a | source=n/a
gateway request | id=2e716200-2448-4fa9-8c22-34085546d9eb | GET /api/recommendations/1 | status=200 | durationMs=3 | upstream=recommendations | cache=n/a | source=n/a
gateway request | id=ef6756b3-4c55-46b3-8d6a-893b8aff2c29 | GET /api/recommendations/1 | status=200 | durationMs=3 | upstream=recommendations | cache=n/a | source=n/a
gateway request | id=147e1761-b02d-464b-82a8-0f233f496e2d | GET /api/recommendations/1 | status=200 | durationMs=3 | upstream=recommendations | cache=n/a | source=n/a
gateway request | id=dbf48522-9df2-4f78-99ab-f7ab316df1e1 | GET /api/recommendations/1 | status=200 | durationMs=4 | upstream=recommendations | cache=n/a | source=n/a
gateway request | id=44bd74df-d099-49ef-b4a4-2ca0297db3e6 | GET /api/recommendations/1 | status=200 | durationMs=5 | upstream=recommendations | cache=n/a | source=n/a
gateway request | id=6155eca9-7a19-4595-9756-e9db2907c51f | GET /api/recommendations/1 | status=200 | durationMs=4 | upstream=recommendations | cache=n/a | source=n/a
gateway request | id=396b38de-3640-4beb-a41c-120e4f69fbad | GET /api/recommendations/1 | status=200 | durationMs=3 | upstream=recommendations | cache=n/a | source=n/a
gateway request | id=3397f940-a415-4e2b-a242-809fb14721f7 | GET /api/recommendations/1 | status=200 | durationMs=4 | upstream=recommendations | cache=n/a | source=n/a
gateway request | id=68aab2f1-5bbf-40cd-aa62-574f3c842b9c | GET /api/recommendations/1 | status=200 | durationMs=4 | upstream=recommendations | cache=n/a | source=n/a
gateway request | id=123b8953-8b01-4ea3-988b-0eafe6e6906a | GET /api/recommendations/1 | status=200 | durationMs=2 | upstream=recommendations | cache=n/a | source=n/a
gateway request | id=7cda47c8-156f-45d5-bc46-2b7edbb33336 | GET /api/recommendations/1 | status=200 | durationMs=4 | upstream=recommendations | cache=n/a | source=n/a
gateway request | id=3a0468a1-98f8-40c2-b943-f1b65a44b88b | GET /api/recommendations/1 | status=200 | durationMs=5 | upstream=recommendations | cache=n/a | source=n/a
gateway request | id=539b8f59-3cf8-4a84-b146-118394826911 | GET /api/recommendations/1 | status=200 | durationMs=4 | upstream=recommendations | cache=n/a | source=n/a
gateway request | id=ba0758f1-413b-40b0-88a2-da15f855af5f | GET /api/recommendations/1 | status=200 | durationMs=5 | upstream=recommendations | cache=n/a | source=n/a
gateway request | id=a13ebaf4-bd5f-4bfe-b26d-b4d41e529ce5 | GET /api/recommendations/1 | status=200 | durationMs=3 | upstream=recommendations | cache=n/a | source=n/a
gateway request | id=146b4530-74ac-4120-b5fd-d9315e56297c | GET /api/recommendations/1 | status=200 | durationMs=2 | upstream=recommendations | cache=n/a | source=n/a
gateway request | id=b8031f7a-cbf0-4804-a896-1710bc4062bc | GET /api/recommendations/1 | status=200 | durationMs=1 | upstream=recommendations | cache=n/a | source=n/a
gateway request | id=9d215d61-c761-4e37-b300-1f0ca661158a | GET /api/recommendations/1 | status=200 | durationMs=1 | upstream=recommendations | cache=n/a | source=n/a
gateway request | id=f40bd877-810b-4dd5-8101-33f11e47ce11 | GET /api/recommendations/1 | status=200 | durationMs=3 | upstream=recommendations | cache=n/a | source=n/a
gateway request | id=7956f4b4-d7b2-42b3-b03e-69fcf8dea209 | GET /api/recommendations/1 | status=200 | durationMs=3 | upstream=recommendations | cache=n/a | source=n/a
gateway request | id=042fec45-b684-4c74-9a11-9f617e90f175 | GET /api/recommendations/1 | status=200 | durationMs=3 | upstream=recommendations | cache=n/a | source=n/a
gateway request | id=ea64465f-5e66-43d0-be0a-5abe091d5878 | GET /api/recommendations/1 | status=200 | durationMs=3 | upstream=recommendations | cache=n/a | source=n/a
gateway request | id=d5e82b82-9139-4d89-b3f3-0add43d68e73 | GET /api/recommendations/1 | status=200 | durationMs=5 | upstream=recommendations | cache=n/a | source=n/a
gateway request | id=ba8edfbf-6c67-4add-8e5a-5c76ae72d9de | GET /api/recommendations/1 | status=200 | durationMs=5 | upstream=recommendations | cache=n/a | source=n/a
gateway request | id=375fe037-b4c7-424c-8d1f-03053e4243ec | GET /api/recommendations/1 | status=200 | durationMs=5 | upstream=recommendations | cache=n/a | source=n/a
gateway request | id=cc906994-4e8d-4379-8a48-1e62cd00c936 | GET /api/recommendations/1 | status=200 | durationMs=3 | upstream=recommendations | cache=n/a | source=n/a
gateway request | id=6fc483a1-3b34-45c7-977d-21d28f025dee | GET /api/recommendations/1 | status=200 | durationMs=2 | upstream=recommendations | cache=n/a | source=n/a
gateway request | id=4a97d853-4675-42a0-bf35-16c8e696119b | GET /api/recommendations/1 | status=200 | durationMs=3 | upstream=recommendations | cache=n/a | source=n/a
gateway request | id=17f6138a-4bbb-4787-908c-2f56ce6c34d6 | GET /api/recommendations/1 | status=200 | durationMs=3 | upstream=recommendations | cache=n/a | source=n/a
gateway request | id=03704c47-cb0d-44ad-93d1-ec7bea4845cc | GET /api/recommendations/1 | status=200 | durationMs=3 | upstream=recommendations | cache=n/a | source=n/a
gateway request | id=ff7726f3-4ec2-4832-a134-ed6858da0e9a | GET /api/recommendations/1 | status=200 | durationMs=5 | upstream=recommendations | cache=n/a | source=n/a
gateway request | id=b6efa654-2af6-404f-bf1a-3f1d69f5378a | GET /api/recommendations/1 | status=200 | durationMs=4 | upstream=recommendations | cache=n/a | source=n/a
gateway request | id=e89c9701-b88f-49ca-b4e2-526f737e70f4 | GET /api/recommendations/1 | status=200 | durationMs=4 | upstream=recommendations | cache=n/a | source=n/a
gateway request | id=643846f9-f972-4dff-98b7-9ff8582d959e | GET /api/recommendations/1 | status=200 | durationMs=4 | upstream=recommendations | cache=n/a | source=n/a
gateway request | id=da0e9b38-a056-42c5-b17c-b76c076177ef | GET /api/recommendations/1 | status=200 | durationMs=3 | upstream=recommendations | cache=n/a | source=n/a
gateway request | id=dbcbd6ea-a927-4577-8169-b6a83481d1b7 | GET /api/recommendations/1 | status=200 | durationMs=4 | upstream=recommendations | cache=n/a | source=n/a
gateway request | id=39b70916-845b-4fa4-8b73-2e2b4ed2b562 | GET /api/recommendations/1 | status=200 | durationMs=1 | upstream=recommendations | cache=n/a | source=n/a
gateway request | id=64328658-2e0e-42ad-8a09-eccbee9264b7 | GET /api/recommendations/1 | status=200 | durationMs=4 | upstream=recommendations | cache=n/a | source=n/a
gateway request | id=f807eb0d-2061-4b0c-9771-42fcc930f07c | GET /api/recommendations/1 | status=200 | durationMs=4 | upstream=recommendations | cache=n/a | source=n/a
gateway request | id=76c18fe9-8324-4f57-a545-de13c20bf432 | GET /api/recommendations/1 | status=200 | durationMs=4 | upstream=recommendations | cache=n/a | source=n/a
gateway request | id=6ceb9ec0-cf07-4c05-8057-f1e815ce3f00 | GET /api/recommendations/1 | status=200 | durationMs=4 | upstream=recommendations | cache=n/a | source=n/a
gateway request | id=3eb15e76-0abb-4b0a-b95f-d7f15e8c360d | GET /api/recommendations/1 | status=200 | durationMs=2 | upstream=recommendations | cache=n/a | source=n/a
gateway request | id=c79403ce-dab8-4bbb-b2b2-c713b15a0115 | GET /api/recommendations/1 | status=200 | durationMs=2 | upstream=recommendations | cache=n/a | source=n/a
gateway request | id=fe6c9d52-f018-496b-9025-313a4a8e4644 | GET /api/recommendations/1 | status=200 | durationMs=1 | upstream=recommendations | cache=n/a | source=n/a
gateway request | id=13203c9a-7ef9-4706-8282-134a82a7630b | GET /api/recommendations/1 | status=200 | durationMs=3 | upstream=recommendations | cache=n/a | source=n/a
gateway request | id=c28c320d-6ab2-4f3b-8b45-74214411f88a | GET /api/recommendations/1 | status=200 | durationMs=3 | upstream=recommendations | cache=n/a | source=n/a
gateway request | id=77d86283-dd8c-4dde-81c7-73ae57c063f8 | GET /api/recommendations/1 | status=200 | durationMs=3 | upstream=recommendations | cache=n/a | source=n/a
gateway request | id=c47c9d70-c364-496b-9232-ca4cb2be4620 | GET /api/recommendations/1 | status=200 | durationMs=3 | upstream=recommendations | cache=n/a | source=n/a
gateway request | id=2af43ed5-6c7c-4ea2-91a2-6a18fce001fd | GET /api/recommendations/1 | status=200 | durationMs=5 | upstream=recommendations | cache=n/a | source=n/a
gateway request | id=450f18d9-5aed-41b7-9177-47f4d84c19db | GET /api/recommendations/1 | status=200 | durationMs=2 | upstream=recommendations | cache=n/a | source=n/a
gateway request | id=9f6df43e-bde2-48a4-ab08-5431b60401c5 | GET /api/recommendations/1 | status=200 | durationMs=2 | upstream=recommendations | cache=n/a | source=n/a
gateway request | id=8ddfad46-a531-43ff-8030-8d1d7d0b4389 | GET /api/recommendations/1 | status=200 | durationMs=3 | upstream=recommendations | cache=n/a | source=n/a
gateway request | id=5466928b-2e86-4ec8-9ea0-870578183ffc | GET /api/recommendations/1 | status=200 | durationMs=2 | upstream=recommendations | cache=n/a | source=n/a
gateway request | id=df823b3c-6bbe-4307-b6c4-bed768223cf4 | GET /api/recommendations/1 | status=200 | durationMs=2 | upstream=recommendations | cache=n/a | source=n/a
gateway request | id=637e707d-0f99-42c1-9de3-6650deeae8e4 | GET /api/recommendations/1 | status=200 | durationMs=5 | upstream=recommendations | cache=n/a | source=n/a
gateway request | id=40cb4ab6-6dd9-456e-a845-3b6e28613e80 | GET /api/recommendations/1 | status=200 | durationMs=4 | upstream=recommendations | cache=n/a | source=n/a
gateway request | id=907c10a0-9d1c-4dec-bb84-65d1cd361839 | GET /api/recommendations/1 | status=200 | durationMs=4 | upstream=recommendations | cache=n/a | source=n/a
gateway request | id=ea6a4ec9-ebd8-4b54-b4f4-e9832633b7af | GET /api/recommendations/1 | status=200 | durationMs=5 | upstream=recommendations | cache=n/a | source=n/a
gateway request | id=0d9a16d4-2939-4ef9-acda-ca315f3ed6bf | GET /api/recommendations/1 | status=200 | durationMs=4 | upstream=recommendations | cache=n/a | source=n/a
gateway request | id=c82f405b-17bc-42d4-9c68-163a14e020c8 | GET /api/recommendations/1 | status=200 | durationMs=5 | upstream=recommendations | cache=n/a | source=n/a
gateway request | id=615be26d-335b-4423-afc7-af2f039af69d | GET /api/recommendations/1 | status=200 | durationMs=4 | upstream=recommendations | cache=n/a | source=n/a
gateway request | id=5716b456-1766-4a6d-8b92-e1e4c4eafc9f | GET /api/recommendations/1 | status=200 | durationMs=3 | upstream=recommendations | cache=n/a | source=n/a
gateway request | id=c8f93005-8826-4cbc-bfc1-0b0da34baf0c | GET /api/recommendations/1 | status=200 | durationMs=3 | upstream=recommendations | cache=n/a | source=n/a
gateway request | id=6d6e02f0-7369-4eed-8b5e-080b3ef44e6a | GET /api/recommendations/1 | status=200 | durationMs=5 | upstream=recommendations | cache=n/a | source=n/a
gateway request | id=1998107a-05b8-4917-b1f3-365c11863b74 | GET /api/recommendations/1 | status=200 | durationMs=4 | upstream=recommendations | cache=n/a | source=n/a
gateway request | id=6ff117c8-d9cb-4ddb-a7cc-de1c14c9eb1a | GET /api/recommendations/1 | status=200 | durationMs=3 | upstream=recommendations | cache=n/a | source=n/a
gateway request | id=a5d4eccf-6b38-435b-b9b0-7c7acc4c4e06 | GET /api/recommendations/1 | status=200 | durationMs=3 | upstream=recommendations | cache=n/a | source=n/a
gateway request | id=e9a4f383-ad47-420c-9f80-4e8945e80312 | GET /api/recommendations/1 | status=200 | durationMs=5 | upstream=recommendations | cache=n/a | source=n/a
gateway request | id=ecfb1df6-6a01-4d8c-8045-7d4cab166a83 | GET /api/recommendations/1 | status=200 | durationMs=4 | upstream=recommendations | cache=n/a | source=n/a
gateway request | id=3b40272f-d4b4-4d30-89aa-1690f976dd15 | GET /api/recommendations/1 | status=200 | durationMs=3 | upstream=recommendations | cache=n/a | source=n/a
gateway request | id=f2f8f8e9-f327-44e6-a56b-95e167346b2e | GET /api/recommendations/1 | status=200 | durationMs=4 | upstream=recommendations | cache=n/a | source=n/a
gateway request | id=3f363554-68e4-4d82-bafd-77e7864a2ad0 | GET /api/recommendations/1 | status=200 | durationMs=3 | upstream=recommendations | cache=n/a | source=n/a
gateway request | id=61958c35-6212-4cee-b659-5a1987c130ca | GET /api/recommendations/1 | status=200 | durationMs=4 | upstream=recommendations | cache=n/a | source=n/a
gateway request | id=473677e5-63e2-420e-8ddc-ac31e22433c5 | GET /api/recommendations/1 | status=200 | durationMs=3 | upstream=recommendations | cache=n/a | source=n/a
gateway request | id=216d52d9-2bc9-4a77-bc19-282e3c1484fa | GET /api/recommendations/1 | status=200 | durationMs=4 | upstream=recommendations | cache=n/a | source=n/a
gateway request | id=d72f7f15-763b-41e9-807b-8a135bd9fe90 | GET /api/recommendations/1 | status=200 | durationMs=2 | upstream=recommendations | cache=n/a | source=n/a
gateway request | id=0f8e668e-3220-4a34-b1e1-54fa2fd923d6 | GET /api/recommendations/1 | status=200 | durationMs=3 | upstream=recommendations | cache=n/a | source=n/a
gateway request | id=cfe5b79a-530c-4749-8901-6bba449de2e3 | GET /api/recommendations/1 | status=200 | durationMs=3 | upstream=recommendations | cache=n/a | source=n/a
gateway request | id=9e581205-35da-459c-a6f1-b7244bcdf2d9 | GET /api/recommendations/1 | status=200 | durationMs=2 | upstream=recommendations | cache=n/a | source=n/a
gateway request | id=64999806-8c70-4dda-abc2-e1e3e445458d | GET /api/recommendations/1 | status=200 | durationMs=2 | upstream=recommendations | cache=n/a | source=n/a
gateway request | id=00767ecf-cb64-46a9-b8fd-d01a14aa4573 | GET /api/recommendations/1 | status=200 | durationMs=2 | upstream=recommendations | cache=n/a | source=n/a
gateway request | id=2eaa2e4c-9e27-4b31-a546-cc8d532eac68 | GET /api/recommendations/1 | status=200 | durationMs=2 | upstream=recommendations | cache=n/a | source=n/a
gateway request | id=a3c9876c-8dc8-4554-bfd7-226c896d89f3 | GET /api/recommendations/1 | status=200 | durationMs=3 | upstream=recommendations | cache=n/a | source=n/a
gateway request | id=2fe716eb-67fb-4bd8-af5b-78b512fb446a | GET /api/recommendations/1 | status=200 | durationMs=2 | upstream=recommendations | cache=n/a | source=n/a
gateway request | id=7779942d-fdeb-49d1-a4fc-0abda1980e6e | GET /api/recommendations/1 | status=200 | durationMs=5 | upstream=recommendations | cache=n/a | source=n/a
gateway request | id=41aedac9-eabe-4bd6-80a4-d4efe0024e48 | GET /api/recommendations/1 | status=200 | durationMs=4 | upstream=recommendations | cache=n/a | source=n/a
gateway request | id=875b099b-af72-4320-89ee-5e950b578f48 | GET /api/recommendations/1 | status=200 | durationMs=4 | upstream=recommendations | cache=n/a | source=n/a
gateway request | id=ed32e2b0-1255-431e-8291-450dfa708643 | GET /api/recommendations/1 | status=200 | durationMs=4 | upstream=recommendations | cache=n/a | source=n/a
gateway request | id=af672ad0-4c8a-42bf-b904-865aa112ca17 | GET /api/recommendations/1 | status=200 | durationMs=5 | upstream=recommendations | cache=n/a | source=n/a
gateway request | id=da47b9ec-ce59-404c-8ccf-aca574aa823e | GET /api/recommendations/1 | status=200 | durationMs=5 | upstream=recommendations | cache=n/a | source=n/a
gateway request | id=667c91cd-d268-497e-b2ed-81982be30d02 | GET /api/recommendations/1 | status=200 | durationMs=6 | upstream=recommendations | cache=n/a | source=n/a
gateway request | id=4f6ca31e-f912-4a77-90de-91ae263898f3 | GET /api/recommendations/1 | status=200 | durationMs=5 | upstream=recommendations | cache=n/a | source=n/a
gateway request | id=8f9d5ef3-0dfe-490d-9f6f-51022a5fe86c | GET /api/recommendations/1 | status=200 | durationMs=5 | upstream=recommendations | cache=n/a | source=n/a
gateway request | id=153e0aa5-eb4f-42bf-9ad5-14ae045aa4a6 | GET /api/recommendations/1 | status=200 | durationMs=4 | upstream=recommendations | cache=n/a | source=n/a
gateway request | id=5049ee77-bf24-4b9d-b9af-3555abd37ee7 | GET /api/recommendations/1 | status=200 | durationMs=6 | upstream=recommendations | cache=n/a | source=n/a
gateway request | id=a70f9a18-1b71-4d49-bc4d-537068f08c51 | GET /api/recommendations/1 | status=200 | durationMs=6 | upstream=recommendations | cache=n/a | source=n/a
gateway request | id=3c2b8e66-2862-49e4-b532-56afdafdde2a | GET /api/recommendations/1 | status=200 | durationMs=3 | upstream=recommendations | cache=n/a | source=n/a
gateway request | id=f509f7dc-e079-42c9-b508-a0cbd30dbcf6 | GET /api/recommendations/1 | status=200 | durationMs=7 | upstream=recommendations | cache=n/a | source=n/a
gateway request | id=9ba20e95-54e8-4ad3-b5db-a846221b90ae | GET /api/recommendations/1 | status=200 | durationMs=6 | upstream=recommendations | cache=n/a | source=n/a
gateway request | id=49bda510-5433-47a2-ace8-299e159c0754 | GET /api/recommendations/1 | status=200 | durationMs=5 | upstream=recommendations | cache=n/a | source=n/a
gateway request | id=e925a9a6-f054-4d99-9db4-2f25bbd8a23f | GET /api/recommendations/1 | status=200 | durationMs=4 | upstream=recommendations | cache=n/a | source=n/a
gateway request | id=a264e02b-bef8-4d02-928f-86fef332eb3f | GET /api/recommendations/1 | status=200 | durationMs=5 | upstream=recommendations | cache=n/a | source=n/a
gateway request | id=4ebf7dba-90b8-47e7-a84c-7163e8997967 | GET /api/recommendations/1 | status=200 | durationMs=5 | upstream=recommendations | cache=n/a | source=n/a
gateway request | id=7724e4c3-ac37-416f-b0ee-ecf8def9b9a3 | GET /api/recommendations/1 | status=200 | durationMs=5 | upstream=recommendations | cache=n/a | source=n/a
gateway request | id=d4c3caf8-aa11-4f96-9169-138d6c7f33a6 | GET /api/recommendations/1 | status=200 | durationMs=2 | upstream=recommendations | cache=n/a | source=n/a
gateway request | id=234e2d6d-b90b-4ac1-87e2-1568ddd192a2 | GET /api/recommendations/1 | status=200 | durationMs=2 | upstream=recommendations | cache=n/a | source=n/a
gateway request | id=25bd439c-5011-4537-934b-6e33443379e0 | GET /api/recommendations/1 | status=200 | durationMs=2 | upstream=recommendations | cache=n/a | source=n/a
gateway request | id=e7db0aa6-5e56-4c90-aad3-8048bc98d196 | GET /api/recommendations/1 | status=200 | durationMs=3 | upstream=recommendations | cache=n/a | source=n/a
gateway request | id=8cbf779d-9e8f-4872-a316-c0b389a38ab7 | GET /api/recommendations/1 | status=200 | durationMs=4 | upstream=recommendations | cache=n/a | source=n/a
gateway request | id=fd0d87f7-196b-4d15-acfc-ca2a08e51dfb | GET /api/recommendations/1 | status=200 | durationMs=3 | upstream=recommendations | cache=n/a | source=n/a
gateway request | id=27404c4e-1339-4d7a-be57-37dfffe3af8f | GET /api/recommendations/1 | status=200 | durationMs=3 | upstream=recommendations | cache=n/a | source=n/a
gateway request | id=d13ddcb1-6a0f-4867-921b-369f5d7efb2b | GET /api/recommendations/1 | status=200 | durationMs=2 | upstream=recommendations | cache=n/a | source=n/a
gateway request | id=8819124a-01a3-4332-afd8-0e541eb0133c | GET /api/recommendations/1 | status=200 | durationMs=6 | upstream=recommendations | cache=n/a | source=n/a
gateway request | id=f484221f-9d66-421f-8565-a1f4a2acc9d6 | GET /api/recommendations/1 | status=200 | durationMs=7 | upstream=recommendations | cache=n/a | source=n/a
gateway request | id=eddf670e-8fca-4090-ab76-2cabfa9d58b9 | GET /api/recommendations/1 | status=200 | durationMs=4 | upstream=recommendations | cache=n/a | source=n/a
gateway request | id=5b0edee2-ee41-4ba1-a0e4-1b3dba607ffb | GET /api/recommendations/1 | status=200 | durationMs=3 | upstream=recommendations | cache=n/a | source=n/a
gateway request | id=4421afd2-8c86-498b-8b1a-2ad6ae3b3c30 | GET /api/recommendations/1 | status=200 | durationMs=5 | upstream=recommendations | cache=n/a | source=n/a
gateway request | id=2391481b-799f-4192-9bce-17e8438b462b | GET /api/recommendations/1 | status=200 | durationMs=5 | upstream=recommendations | cache=n/a | source=n/a
gateway request | id=12353588-412c-4712-89d0-8f09b852bf1b | GET /api/recommendations/1 | status=200 | durationMs=5 | upstream=recommendations | cache=n/a | source=n/a
gateway request | id=fcf78c93-28cc-466f-8905-32e43698bba2 | GET /api/recommendations/1 | status=200 | durationMs=5 | upstream=recommendations | cache=n/a | source=n/a
gateway request | id=caae6234-d6d1-43d6-afe9-f2dd52fa64dc | GET /api/recommendations/1 | status=200 | durationMs=4 | upstream=recommendations | cache=n/a | source=n/a
gateway request | id=6b0a438f-90cc-48a2-b76f-fa71844ed1f0 | GET /api/recommendations/1 | status=200 | durationMs=4 | upstream=recommendations | cache=n/a | source=n/a
gateway request | id=f272d798-b352-42e2-b573-c4bc806fa095 | GET /api/recommendations/1 | status=200 | durationMs=4 | upstream=recommendations | cache=n/a | source=n/a
gateway request | id=267fce0b-9fb8-4ebd-b24e-7b200a8467e3 | GET /api/recommendations/1 | status=200 | durationMs=5 | upstream=recommendations | cache=n/a | source=n/a
gateway request | id=531624cc-079d-4383-b32c-4adad6a4a3fd | GET /api/recommendations/1 | status=200 | durationMs=4 | upstream=recommendations | cache=n/a | source=n/a
gateway request | id=41f30502-96df-432f-bb1e-7054b60017f4 | GET /api/recommendations/1 | status=200 | durationMs=4 | upstream=recommendations | cache=n/a | source=n/a
gateway request | id=967ea399-4420-4cd9-891f-708cc37c8a07 | GET /api/recommendations/1 | status=200 | durationMs=2 | upstream=recommendations | cache=n/a | source=n/a
gateway request | id=720cb92c-a93b-4f06-914f-40fe5b3cd04e | GET /api/recommendations/1 | status=200 | durationMs=3 | upstream=recommendations | cache=n/a | source=n/a
gateway request | id=e16ac4f7-4a17-48e3-b4ca-bb4051b3f578 | GET /api/recommendations/1 | status=200 | durationMs=4 | upstream=recommendations | cache=n/a | source=n/a
gateway request | id=e3622f79-8451-4604-b3e2-5b6ca5b1bd02 | GET /api/recommendations/1 | status=200 | durationMs=4 | upstream=recommendations | cache=n/a | source=n/a
gateway request | id=3d3bc48b-0a9d-43f3-82ac-6c96514ecbda | GET /api/recommendations/1 | status=200 | durationMs=3 | upstream=recommendations | cache=n/a | source=n/a
gateway request | id=fb688e95-f2a5-4552-8003-fc5ced1b2004 | GET /api/recommendations/1 | status=200 | durationMs=2 | upstream=recommendations | cache=n/a | source=n/a
gateway request | id=6dfa6f8f-2111-48c6-acca-68b1962dd38e | GET /api/recommendations/1 | status=200 | durationMs=2 | upstream=recommendations | cache=n/a | source=n/a
gateway request | id=29274338-73a5-4bea-a0f5-43271a33cc74 | GET /api/recommendations/1 | status=200 | durationMs=2 | upstream=recommendations | cache=n/a | source=n/a
gateway request | id=58c8b431-ab76-40fa-9743-fe09758fa5f3 | GET /api/recommendations/1 | status=200 | durationMs=4 | upstream=recommendations | cache=n/a | source=n/a
gateway request | id=3a299b85-c9ff-4a93-84cd-78e48d1e6314 | GET /api/recommendations/1 | status=200 | durationMs=5 | upstream=recommendations | cache=n/a | source=n/a
gateway request | id=9298478d-d013-41dc-bb8b-4173048418df | GET /api/recommendations/1 | status=200 | durationMs=4 | upstream=recommendations | cache=n/a | source=n/a
gateway request | id=13b2a2e3-d106-4b9d-a1f8-653ec839b4d7 | GET /api/recommendations/1 | status=200 | durationMs=4 | upstream=recommendations | cache=n/a | source=n/a
gateway request | id=f5e10c5d-112b-46bb-9678-a3fd2f0a3ce4 | GET /api/recommendations/1 | status=200 | durationMs=5 | upstream=recommendations | cache=n/a | source=n/a
gateway request | id=f2a79009-762b-4256-8f6b-0ecfce989b1c | GET /api/recommendations/1 | status=200 | durationMs=2 | upstream=recommendations | cache=n/a | source=n/a
gateway request | id=8c91493d-afa9-40ce-ab19-0bd2aaac05cc | GET /api/recommendations/1 | status=200 | durationMs=2 | upstream=recommendations | cache=n/a | source=n/a
gateway request | id=8a1b5ddc-4746-4be0-aaba-eb280074a2d9 | GET /api/recommendations/1 | status=200 | durationMs=2 | upstream=recommendations | cache=n/a | source=n/a
gateway request | id=2a69ecf3-93cf-4947-a94b-761c132365d6 | GET /api/recommendations/1 | status=200 | durationMs=1 | upstream=recommendations | cache=n/a | source=n/a
gateway request | id=05b0835a-430b-4c8e-b77e-fd2a0e4542b5 | GET /api/recommendations/1 | status=200 | durationMs=1 | upstream=recommendations | cache=n/a | source=n/a
gateway request | id=3b723030-0dd1-4359-8e4e-03f97cf42ed3 | GET /api/recommendations/1 | status=200 | durationMs=3 | upstream=recommendations | cache=n/a | source=n/a
gateway request | id=c68851a6-3aaf-4142-93a5-c739138ee78e | GET /api/recommendations/1 | status=200 | durationMs=3 | upstream=recommendations | cache=n/a | source=n/a
gateway request | id=6d220d49-bbcd-4e94-9afd-27c68b33f900 | GET /api/recommendations/1 | status=200 | durationMs=4 | upstream=recommendations | cache=n/a | source=n/a
gateway request | id=46f1d7bb-4e42-4754-87d9-67d3c3a33ef8 | GET /api/recommendations/1 | status=200 | durationMs=4 | upstream=recommendations | cache=n/a | source=n/a
gateway request | id=fb84ecb4-901c-4fec-b536-7b912b27a9de | GET /api/recommendations/1 | status=200 | durationMs=3 | upstream=recommendations | cache=n/a | source=n/a
gateway request | id=5823ab0a-e0a3-494b-961d-fb643a0e875a | GET /api/recommendations/1 | status=200 | durationMs=5 | upstream=recommendations | cache=n/a | source=n/a
gateway request | id=b583c3a8-57d3-4d83-b7dd-ad51a03a42f1 | GET /api/recommendations/1 | status=200 | durationMs=3 | upstream=recommendations | cache=n/a | source=n/a
gateway request | id=5c5781f8-f586-458d-b474-788af28acc7a | GET /api/recommendations/1 | status=200 | durationMs=3 | upstream=recommendations | cache=n/a | source=n/a
gateway request | id=9200dfe8-c7c1-4995-9219-8a57c2c70039 | GET /api/recommendations/1 | status=200 | durationMs=3 | upstream=recommendations | cache=n/a | source=n/a
gateway request | id=8523cf1c-ed57-47f8-9397-746154ece8eb | GET /api/recommendations/1 | status=200 | durationMs=4 | upstream=recommendations | cache=n/a | source=n/a
gateway request | id=f31e624b-7c42-4658-ad87-0d04c61d12b4 | GET /api/recommendations/1 | status=200 | durationMs=4 | upstream=recommendations | cache=n/a | source=n/a
gateway request | id=fd0ca231-3c02-4ac1-aed8-71ebb9aa7695 | GET /api/recommendations/1 | status=200 | durationMs=3 | upstream=recommendations | cache=n/a | source=n/a
gateway request | id=d62aace7-fceb-406d-811e-16ae7fb8c95d | GET /api/recommendations/1 | status=200 | durationMs=3 | upstream=recommendations | cache=n/a | source=n/a
gateway request | id=9588766f-52eb-46c5-9b5b-529da5d6941f | GET /api/recommendations/1 | status=200 | durationMs=3 | upstream=recommendations | cache=n/a | source=n/a
gateway request | id=de66206c-65e7-4430-b309-80608cee0f94 | GET /api/recommendations/1 | status=200 | durationMs=4 | upstream=recommendations | cache=n/a | source=n/a
gateway request | id=af5dbffe-6c0c-4cbd-b231-8a8cca3cff25 | GET /api/recommendations/1 | status=200 | durationMs=3 | upstream=recommendations | cache=n/a | source=n/a
gateway request | id=c079546e-7959-4603-9d60-f830a1760627 | GET /api/recommendations/1 | status=200 | durationMs=3 | upstream=recommendations | cache=n/a | source=n/a
gateway request | id=f62b21a3-d2b8-4ec0-a6ff-2e557b86e075 | GET /api/recommendations/1 | status=200 | durationMs=4 | upstream=recommendations | cache=n/a | source=n/a
gateway request | id=ac1bdda2-11fc-4032-8850-af241c294cd8 | GET /api/recommendations/1 | status=200 | durationMs=4 | upstream=recommendations | cache=n/a | source=n/a
gateway request | id=5ac46d90-27f1-41dd-a8e0-f12e823761f5 | GET /api/recommendations/1 | status=200 | durationMs=3 | upstream=recommendations | cache=n/a | source=n/a
gateway request | id=9055b553-341b-4db3-ab6a-18f991ef0de6 | GET /api/recommendations/1 | status=200 | durationMs=3 | upstream=recommendations | cache=n/a | source=n/a
gateway request | id=1b526801-e727-42ca-8d99-437a19ab7f60 | GET /api/recommendations/1 | status=200 | durationMs=3 | upstream=recommendations | cache=n/a | source=n/a
gateway request | id=17e3f8fc-bf35-4366-ad80-422d9774dace | GET /api/recommendations/1 | status=200 | durationMs=3 | upstream=recommendations | cache=n/a | source=n/a
gateway request | id=91e04e48-39df-4c0e-ab71-45ba1040a07d | GET /api/recommendations/1 | status=200 | durationMs=5 | upstream=recommendations | cache=n/a | source=n/a
gateway request | id=8f0fb6bb-99b0-4654-a14c-8e0f2b9a1e32 | GET /api/recommendations/1 | status=200 | durationMs=3 | upstream=recommendations | cache=n/a | source=n/a
gateway request | id=d1256892-dd1f-450d-83f3-2c0912133003 | GET /api/recommendations/1 | status=200 | durationMs=3 | upstream=recommendations | cache=n/a | source=n/a
gateway request | id=9aa66efd-f2a1-42cb-9e40-f290f5ff4719 | GET /api/recommendations/1 | status=200 | durationMs=2 | upstream=recommendations | cache=n/a | source=n/a
gateway request | id=1432c52b-7072-440d-b3f8-ba0b7b50cc1c | GET /api/recommendations/1 | status=200 | durationMs=5 | upstream=recommendations | cache=n/a | source=n/a
gateway request | id=72f66c6a-80aa-432e-a55c-73af90c75447 | GET /api/recommendations/1 | status=200 | durationMs=4 | upstream=recommendations | cache=n/a | source=n/a
gateway request | id=989f2519-e940-4703-8b09-bf71eb88f6c2 | GET /api/recommendations/1 | status=200 | durationMs=2 | upstream=recommendations | cache=n/a | source=n/a
gateway request | id=13d52927-7dc2-4815-8e6e-9bba4faf6126 | GET /api/recommendations/1 | status=200 | durationMs=3 | upstream=recommendations | cache=n/a | source=n/a
gateway request | id=08e0d1c0-530d-4275-8b36-516f46103494 | GET /api/recommendations/1 | status=200 | durationMs=2 | upstream=recommendations | cache=n/a | source=n/a
gateway request | id=d732f2f2-dcc4-4a8f-bcce-7899a0e17bcf | GET /api/recommendations/1 | status=200 | durationMs=3 | upstream=recommendations | cache=n/a | source=n/a
gateway request | id=4024e8ce-5c1d-4420-b654-783bce6d5d1e | GET /api/recommendations/1 | status=200 | durationMs=4 | upstream=recommendations | cache=n/a | source=n/a
gateway request | id=9788e02e-9d16-4208-8d8a-dc71200d3d5f | GET /api/recommendations/1 | status=200 | durationMs=4 | upstream=recommendations | cache=n/a | source=n/a
gateway request | id=3001bcdb-5f82-4e6c-a8d7-f58a6a615f2c | GET /api/recommendations/1 | status=200 | durationMs=6 | upstream=recommendations | cache=n/a | source=n/a
gateway request | id=c5f830df-d759-49b5-a03a-3075dc4f37fd | GET /api/recommendations/1 | status=200 | durationMs=6 | upstream=recommendations | cache=n/a | source=n/a
gateway request | id=3d3312aa-4691-4632-97ea-d5c294cb4ec9 | GET /api/recommendations/1 | status=200 | durationMs=4 | upstream=recommendations | cache=n/a | source=n/a
gateway request | id=1613030e-3f61-45a0-b25e-8c9c741b77d7 | GET /api/recommendations/1 | status=200 | durationMs=3 | upstream=recommendations | cache=n/a | source=n/a
gateway request | id=25106d12-640d-4fbd-b195-785b5d25cc4e | GET /api/recommendations/1 | status=200 | durationMs=3 | upstream=recommendations | cache=n/a | source=n/a
gateway request | id=2d2ab821-a0f3-4f94-9172-897080fdc0a2 | GET /api/recommendations/1 | status=200 | durationMs=3 | upstream=recommendations | cache=n/a | source=n/a
gateway request | id=9afff535-7b8e-4eb9-93f4-f041c2cf7ea9 | GET /api/recommendations/1 | status=200 | durationMs=5 | upstream=recommendations | cache=n/a | source=n/a
gateway request | id=e20a62a5-60cf-44b1-b8b7-511ae0d4e2f1 | GET /api/recommendations/1 | status=200 | durationMs=4 | upstream=recommendations | cache=n/a | source=n/a
gateway request | id=664177aa-27e5-4b04-b4e2-09eef8bcd2a9 | GET /api/recommendations/1 | status=200 | durationMs=5 | upstream=recommendations | cache=n/a | source=n/a
gateway request | id=61026df1-5b26-4378-b15b-06942ae1de2d | GET /api/recommendations/1 | status=200 | durationMs=4 | upstream=recommendations | cache=n/a | source=n/a
gateway request | id=39c34dfb-aa45-4763-8af8-19d96f8844da | GET /api/recommendations/1 | status=200 | durationMs=3 | upstream=recommendations | cache=n/a | source=n/a
gateway request | id=522c60ad-8416-41ac-a382-eb4e226b6c98 | GET /api/recommendations/1 | status=200 | durationMs=4 | upstream=recommendations | cache=n/a | source=n/a
gateway request | id=c2f9c3b4-e327-4e67-a020-db50f7652cf2 | GET /api/recommendations/1 | status=200 | durationMs=4 | upstream=recommendations | cache=n/a | source=n/a
gateway request | id=b2d3c87e-fd7e-4a97-b293-bf06f2e4a1ee | GET /api/recommendations/1 | status=200 | durationMs=3 | upstream=recommendations | cache=n/a | source=n/a
gateway request | id=249b6a9f-bd68-4c1d-8c74-cf4b9f9a645e | GET /api/recommendations/1 | status=200 | durationMs=3 | upstream=recommendations | cache=n/a | source=n/a
gateway request | id=aaa4dd6f-2429-44f3-8473-6921ac6cf0e5 | GET /api/recommendations/1 | status=200 | durationMs=5 | upstream=recommendations | cache=n/a | source=n/a
gateway request | id=e40baf02-4fdb-429c-96c1-fe6d0d7cc160 | GET /api/recommendations/1 | status=200 | durationMs=2 | upstream=recommendations | cache=n/a | source=n/a
gateway request | id=759aa46b-82d0-4bc4-aba4-fe59bab5f6c7 | GET /api/recommendations/1 | status=200 | durationMs=4 | upstream=recommendations | cache=n/a | source=n/a
gateway request | id=ca1c0562-de8d-48c3-828a-9b657e225905 | GET /api/recommendations/1 | status=200 | durationMs=4 | upstream=recommendations | cache=n/a | source=n/a
gateway request | id=1c41b22d-8b00-488d-a73e-7c1b8e6956f7 | GET /api/recommendations/1 | status=200 | durationMs=3 | upstream=recommendations | cache=n/a | source=n/a
gateway request | id=9796b770-620d-472e-b60e-46075bc47490 | GET /api/recommendations/1 | status=200 | durationMs=3 | upstream=recommendations | cache=n/a | source=n/a
gateway request | id=1e9daa92-d4f5-4e3d-b3cd-da4d2c698741 | GET /api/recommendations/1 | status=200 | durationMs=3 | upstream=recommendations | cache=n/a | source=n/a
gateway request | id=80041c89-bb13-4d2d-8704-816e61103eef | GET /api/recommendations/1 | status=200 | durationMs=3 | upstream=recommendations | cache=n/a | source=n/a
gateway request | id=d1022401-b683-4519-8716-646d449c9922 | GET /api/recommendations/1 | status=200 | durationMs=4 | upstream=recommendations | cache=n/a | source=n/a
gateway request | id=4222b182-8563-4523-8258-2139a8688d6a | GET /api/recommendations/1 | status=200 | durationMs=3 | upstream=recommendations | cache=n/a | source=n/a
gateway request | id=2112eeb2-3cc2-4a89-9d09-c28d9ce6b5b3 | GET /api/recommendations/1 | status=200 | durationMs=2 | upstream=recommendations | cache=n/a | source=n/a
gateway request | id=35493202-e019-44c1-a949-07cac8f1d7fe | GET /api/recommendations/1 | status=200 | durationMs=3 | upstream=recommendations | cache=n/a | source=n/a
gateway request | id=d51c0627-133b-429a-986d-194a071242b2 | GET /api/recommendations/1 | status=200 | durationMs=4 | upstream=recommendations | cache=n/a | source=n/a
gateway request | id=6967b7b3-15bd-4263-8ed7-1f13642b638d | GET /api/recommendations/1 | status=200 | durationMs=3 | upstream=recommendations | cache=n/a | source=n/a
gateway request | id=5a93ee87-2fce-4474-9158-68effde4a879 | GET /api/recommendations/1 | status=200 | durationMs=3 | upstream=recommendations | cache=n/a | source=n/a
gateway request | id=db573fd0-1372-4752-93f6-ad8692a64b93 | GET /api/recommendations/1 | status=200 | durationMs=6 | upstream=recommendations | cache=n/a | source=n/a
gateway request | id=93525a30-b734-4c4e-9906-390fd69add4a | GET /api/recommendations/1 | status=200 | durationMs=6 | upstream=recommendations | cache=n/a | source=n/a
gateway request | id=02305737-8385-48cb-8bef-83b2d3868fe2 | GET /api/recommendations/1 | status=200 | durationMs=4 | upstream=recommendations | cache=n/a | source=n/a
gateway request | id=98a7e1aa-bb69-4654-b482-7bd724e58f85 | GET /api/recommendations/1 | status=200 | durationMs=4 | upstream=recommendations | cache=n/a | source=n/a
gateway request | id=1cc2379e-52b4-4b87-a3e9-8b3c6a9e6364 | GET /api/recommendations/1 | status=200 | durationMs=5 | upstream=recommendations | cache=n/a | source=n/a
gateway request | id=0226c910-fe15-490c-914c-a677a58aaa31 | GET /api/recommendations/1 | status=200 | durationMs=7 | upstream=recommendations | cache=n/a | source=n/a
gateway request | id=de433460-285d-4b5b-b62e-8acc29074df0 | GET /api/recommendations/1 | status=200 | durationMs=4 | upstream=recommendations | cache=n/a | source=n/a
gateway request | id=f55388d2-043d-418a-9b9a-8f943e4f5edb | GET /api/recommendations/1 | status=200 | durationMs=4 | upstream=recommendations | cache=n/a | source=n/a
gateway request | id=549e5da2-23e6-4b72-be5d-6738ac168ee4 | GET /api/recommendations/1 | status=200 | durationMs=5 | upstream=recommendations | cache=n/a | source=n/a
gateway request | id=ab9b3063-3d58-48fe-9250-67d6b5331cba | GET /api/recommendations/1 | status=200 | durationMs=5 | upstream=recommendations | cache=n/a | source=n/a
gateway request | id=6f43936c-5bb6-439c-ac38-c3dfc46e46e1 | GET /api/recommendations/1 | status=200 | durationMs=5 | upstream=recommendations | cache=n/a | source=n/a
gateway request | id=40e04af2-1d84-4476-b0eb-f127d61c72d3 | GET /api/recommendations/1 | status=200 | durationMs=4 | upstream=recommendations | cache=n/a | source=n/a
gateway request | id=f6441daa-1261-46cd-a16e-72ba59ba6dea | GET /api/recommendations/1 | status=200 | durationMs=4 | upstream=recommendations | cache=n/a | source=n/a
gateway request | id=277a680c-8e02-4386-b56b-dd656688e0db | GET /api/recommendations/1 | status=200 | durationMs=4 | upstream=recommendations | cache=n/a | source=n/a
gateway request | id=edc52b1c-7645-4743-851a-c78fbb156a3d | GET /api/recommendations/1 | status=200 | durationMs=4 | upstream=recommendations | cache=n/a | source=n/a
gateway request | id=7e911c87-1106-4cc2-8b7f-9cc91f2322d9 | GET /api/recommendations/1 | status=200 | durationMs=4 | upstream=recommendations | cache=n/a | source=n/a
gateway request | id=688a6369-b564-4d54-a509-a244f02abd1c | GET /api/recommendations/1 | status=200 | durationMs=4 | upstream=recommendations | cache=n/a | source=n/a
gateway request | id=824ee943-b8c0-480c-b923-75c7ccc05e19 | GET /api/recommendations/1 | status=200 | durationMs=3 | upstream=recommendations | cache=n/a | source=n/a
gateway request | id=4f0328c2-6256-48f7-aeb6-18957e7b767e | GET /api/recommendations/1 | status=200 | durationMs=3 | upstream=recommendations | cache=n/a | source=n/a
gateway request | id=606add99-f639-44dd-b082-64ef1e331603 | GET /api/recommendations/1 | status=200 | durationMs=3 | upstream=recommendations | cache=n/a | source=n/a
gateway request | id=8e1bc73f-c431-43cb-8173-91ea6d93aaab | GET /api/recommendations/1 | status=200 | durationMs=2 | upstream=recommendations | cache=n/a | source=n/a
gateway request | id=15823478-4bb4-4e95-8116-895349fc32de | GET /api/recommendations/1 | status=200 | durationMs=2 | upstream=recommendations | cache=n/a | source=n/a
gateway request | id=aab69110-9b1e-4b20-95ef-8964f0fa4534 | GET /api/recommendations/1 | status=200 | durationMs=1 | upstream=recommendations | cache=n/a | source=n/a
gateway request | id=34e80290-0700-41b9-b175-5fa3ec7becf3 | GET /api/recommendations/1 | status=200 | durationMs=1 | upstream=recommendations | cache=n/a | source=n/a
gateway request | id=6ce36502-0dc9-4ac4-bb23-6a55b6bd95ca | GET /api/recommendations/1 | status=200 | durationMs=1 | upstream=recommendations | cache=n/a | source=n/a
gateway request | id=26a5bf82-f48a-4e6b-959e-de513d04073f | GET /api/recommendations/1 | status=200 | durationMs=1 | upstream=recommendations | cache=n/a | source=n/a
gateway request | id=5eda8709-e579-4553-8b48-f8d8a70e6c81 | GET /api/recommendations/1 | status=200 | durationMs=3 | upstream=recommendations | cache=n/a | source=n/a
gateway request | id=487fb0e8-f037-42a6-8cf7-0d5e547bcba8 | GET /api/recommendations/1 | status=200 | durationMs=3 | upstream=recommendations | cache=n/a | source=n/a
gateway request | id=dc547a77-53a8-4df3-8bba-4597a5626858 | GET /api/recommendations/1 | status=200 | durationMs=3 | upstream=recommendations | cache=n/a | source=n/a
gateway request | id=f4fe9d66-17f4-4502-97cb-197b52923b83 | GET /api/recommendations/1 | status=200 | durationMs=2 | upstream=recommendations | cache=n/a | source=n/a
gateway request | id=88e791e7-99a8-4ac2-b378-165ddb3b8e07 | GET /api/recommendations/1 | status=200 | durationMs=4 | upstream=recommendations | cache=n/a | source=n/a
gateway request | id=251e1e16-98bd-4d7b-a472-45adc995de4a | GET /api/recommendations/1 | status=200 | durationMs=4 | upstream=recommendations | cache=n/a | source=n/a
gateway request | id=d47df167-894c-44ee-97a5-621c5c67091e | GET /api/recommendations/1 | status=200 | durationMs=4 | upstream=recommendations | cache=n/a | source=n/a
gateway request | id=abc8656f-0547-4da3-a506-281bfd05da99 | GET /api/recommendations/1 | status=200 | durationMs=5 | upstream=recommendations | cache=n/a | source=n/a
gateway request | id=cc56a732-def7-42b9-b117-b162ce8e412d | GET /api/recommendations/1 | status=200 | durationMs=4 | upstream=recommendations | cache=n/a | source=n/a
gateway request | id=f0072270-8495-48f2-889d-c09300739ce6 | GET /api/recommendations/1 | status=200 | durationMs=4 | upstream=recommendations | cache=n/a | source=n/a
gateway request | id=cdd3fefb-4335-4324-af66-b1ac719fb628 | GET /api/recommendations/1 | status=200 | durationMs=3 | upstream=recommendations | cache=n/a | source=n/a
gateway request | id=0f206b30-a51c-4d83-afe9-fbe5bc4eef24 | GET /api/recommendations/1 | status=200 | durationMs=2 | upstream=recommendations | cache=n/a | source=n/a
gateway request | id=ed71d97a-bff6-4c52-a0e6-0878b84055df | GET /api/recommendations/1 | status=200 | durationMs=3 | upstream=recommendations | cache=n/a | source=n/a
gateway request | id=816ef479-fe8b-4274-9c4b-88ed487f47a1 | GET /api/recommendations/1 | status=200 | durationMs=3 | upstream=recommendations | cache=n/a | source=n/a
gateway request | id=f87da4a4-2a11-49c7-b693-ed9679c891e1 | GET /api/recommendations/1 | status=200 | durationMs=2 | upstream=recommendations | cache=n/a | source=n/a
gateway request | id=21b8694f-caee-44c7-b5ae-53ef4d2ee5e2 | GET /api/recommendations/1 | status=200 | durationMs=11 | upstream=recommendations | cache=n/a | source=n/a
gateway request | id=f98cccf6-7d11-4877-951f-7b96c08ab8d0 | GET /api/recommendations/1 | status=200 | durationMs=12 | upstream=recommendations | cache=n/a | source=n/a
gateway request | id=0b00edf4-3e1c-4f1e-ace7-b2755d386795 | GET /api/recommendations/1 | status=200 | durationMs=8 | upstream=recommendations | cache=n/a | source=n/a
gateway request | id=4bbe969f-1ea5-4044-96c7-f5299b867c40 | GET /api/recommendations/1 | status=200 | durationMs=9 | upstream=recommendations | cache=n/a | source=n/a
gateway request | id=a95d1e8b-f053-409f-99ff-784f6a20e4b3 | GET /api/recommendations/1 | status=200 | durationMs=4 | upstream=recommendations | cache=n/a | source=n/a
gateway request | id=e16714ec-9065-4d1f-bbed-e4432fa0363d | GET /api/recommendations/1 | status=200 | durationMs=3 | upstream=recommendations | cache=n/a | source=n/a
gateway request | id=c8ff75a5-8dfa-4ee3-bfd6-bd3e293fccac | GET /api/recommendations/1 | status=200 | durationMs=3 | upstream=recommendations | cache=n/a | source=n/a
gateway request | id=9a3521f1-bb73-468f-9799-e2a0eb81af3f | GET /api/recommendations/1 | status=200 | durationMs=6 | upstream=recommendations | cache=n/a | source=n/a
gateway request | id=2f29fb9a-5387-4a65-b13a-a61a68cf86ee | GET /api/recommendations/1 | status=200 | durationMs=7 | upstream=recommendations | cache=n/a | source=n/a
gateway request | id=3d8d3e61-2270-40e3-a21a-31e80ae6d3c7 | GET /api/recommendations/1 | status=200 | durationMs=6 | upstream=recommendations | cache=n/a | source=n/a
gateway request | id=e0ea0439-067d-4f11-81f5-e36ae6df9e7c | GET /api/recommendations/1 | status=200 | durationMs=6 | upstream=recommendations | cache=n/a | source=n/a
gateway request | id=2fe085a2-99cd-4823-823a-f32998527065 | GET /api/recommendations/1 | status=200 | durationMs=5 | upstream=recommendations | cache=n/a | source=n/a
gateway request | id=dcd6855a-bd5f-41ba-b150-4acd737e4eca | GET /api/recommendations/1 | status=200 | durationMs=5 | upstream=recommendations | cache=n/a | source=n/a
gateway request | id=1789cfbd-cca5-4f6f-b05c-4ff574fdc85c | GET /api/recommendations/1 | status=200 | durationMs=3 | upstream=recommendations | cache=n/a | source=n/a
gateway request | id=13eb3fb0-2486-4067-b767-39246705c06d | GET /api/recommendations/1 | status=200 | durationMs=4 | upstream=recommendations | cache=n/a | source=n/a
gateway request | id=4ddb93a9-68c9-4ce8-9da9-d34d08561392 | GET /api/recommendations/1 | status=200 | durationMs=4 | upstream=recommendations | cache=n/a | source=n/a
gateway request | id=29f8a520-a824-4365-a642-93ae87a0e5d0 | GET /api/recommendations/1 | status=200 | durationMs=5 | upstream=recommendations | cache=n/a | source=n/a
gateway request | id=8e18dbf0-1fcd-4619-83c4-180cbe10c25b | GET /api/recommendations/1 | status=200 | durationMs=5 | upstream=recommendations | cache=n/a | source=n/a
gateway request | id=ebc7bed4-c8a1-458f-a33c-7c2573676b22 | GET /api/recommendations/1 | status=200 | durationMs=6 | upstream=recommendations | cache=n/a | source=n/a
gateway request | id=45267256-0750-4908-b522-9b3184028c7e | GET /api/recommendations/1 | status=200 | durationMs=6 | upstream=recommendations | cache=n/a | source=n/a
gateway request | id=65b944ed-6a28-479d-a154-81b4d2cf7d65 | GET /api/recommendations/1 | status=200 | durationMs=7 | upstream=recommendations | cache=n/a | source=n/a
gateway request | id=026ed878-ec4b-4865-b989-119a53252742 | GET /api/recommendations/1 | status=200 | durationMs=6 | upstream=recommendations | cache=n/a | source=n/a
gateway request | id=dde4f7a2-8351-4b41-a3a7-ca0b07869e14 | GET /api/recommendations/1 | status=200 | durationMs=3 | upstream=recommendations | cache=n/a | source=n/a
gateway request | id=d42752df-7fc7-4c82-8ddd-d31617fa5b89 | GET /api/recommendations/1 | status=200 | durationMs=2 | upstream=recommendations | cache=n/a | source=n/a
gateway request | id=8bf32af0-8138-4a93-abc1-d32d2c377448 | GET /api/recommendations/1 | status=200 | durationMs=3 | upstream=recommendations | cache=n/a | source=n/a
gateway request | id=f00f5519-ec4a-473e-a452-c68b77da491f | GET /api/recommendations/1 | status=200 | durationMs=9 | upstream=recommendations | cache=n/a | source=n/a
gateway request | id=662fd32d-e409-4360-92eb-984925913c6f | GET /api/recommendations/1 | status=200 | durationMs=10 | upstream=recommendations | cache=n/a | source=n/a
gateway request | id=66ffa2fa-65b2-4b43-bbea-5391e9fa7cce | GET /api/recommendations/1 | status=200 | durationMs=4 | upstream=recommendations | cache=n/a | source=n/a
gateway request | id=e2486a22-735a-4ddf-8bd2-e9e2a458fdac | GET /api/recommendations/1 | status=200 | durationMs=4 | upstream=recommendations | cache=n/a | source=n/a
gateway request | id=676e7432-49b2-42d7-bb48-a39c08a05eda | GET /api/recommendations/1 | status=200 | durationMs=3 | upstream=recommendations | cache=n/a | source=n/a
gateway request | id=f459a50d-445c-465c-94fd-954ca49e7bb8 | GET /api/recommendations/1 | status=200 | durationMs=5 | upstream=recommendations | cache=n/a | source=n/a
gateway request | id=2a828024-2bc9-4733-9b58-afd960799dd9 | GET /api/recommendations/1 | status=200 | durationMs=5 | upstream=recommendations | cache=n/a | source=n/a
gateway request | id=f500cde9-9143-489d-9126-ed110f72c272 | GET /api/recommendations/1 | status=200 | durationMs=6 | upstream=recommendations | cache=n/a | source=n/a
gateway request | id=14739e2e-471b-4dee-bf20-7b0dfc6b6d09 | GET /api/recommendations/1 | status=200 | durationMs=6 | upstream=recommendations | cache=n/a | source=n/a
gateway request | id=df652709-b0f4-4327-a38d-40f6098e3b04 | GET /api/recommendations/1 | status=200 | durationMs=4 | upstream=recommendations | cache=n/a | source=n/a
gateway request | id=634d8e58-2d10-4d98-9880-db431fe8e46a | GET /api/recommendations/1 | status=200 | durationMs=4 | upstream=recommendations | cache=n/a | source=n/a
gateway request | id=dbd6f3a2-6690-44e8-8a75-bd205d458f88 | GET /api/recommendations/1 | status=200 | durationMs=1 | upstream=recommendations | cache=n/a | source=n/a
gateway request | id=746dedd1-d21f-41ee-bac0-6e74bad4e86a | GET /api/recommendations/1 | status=200 | durationMs=4 | upstream=recommendations | cache=n/a | source=n/a
gateway request | id=26653c20-01e4-4e0d-a0d8-dafbbf74426d | GET /api/recommendations/1 | status=200 | durationMs=4 | upstream=recommendations | cache=n/a | source=n/a
gateway request | id=53c1af9a-ccd9-46fc-bc64-24b23ed28cc6 | GET /api/recommendations/1 | status=200 | durationMs=6 | upstream=recommendations | cache=n/a | source=n/a
gateway request | id=39b67699-0b53-4ec6-81b7-c427f2a0c3c0 | GET /api/recommendations/1 | status=200 | durationMs=4 | upstream=recommendations | cache=n/a | source=n/a
gateway request | id=34df3fe1-cafc-42fb-a3cb-9bc4c9475ea5 | GET /api/recommendations/1 | status=200 | durationMs=3 | upstream=recommendations | cache=n/a | source=n/a
gateway request | id=7bd9813c-04af-4f20-8874-97a8031a1ae9 | GET /api/recommendations/1 | status=200 | durationMs=4 | upstream=recommendations | cache=n/a | source=n/a
