recommendations listening on port 3003
recommendations request | id=3854eec6-f1f3-4ed5-9f8d-8d3fc76aaa74 | GET /recommendations/1 | status=200 | durationMs=31 | usersMs=26 | catalogMs=14
recommendations request | id=c9bc3d98-6deb-483f-b968-b211490fdc84 | GET /recommendations/1 | status=200 | durationMs=5 | usersMs=3 | catalogMs=3
recommendations request | id=00a5eea5-952c-473e-9cc6-ea2ea13d10bd | GET /recommendations/1 | status=200 | durationMs=4 | usersMs=2 | catalogMs=2
recommendations request | id=0ab34811-f245-425a-8984-dfbad40ad594 | GET /recommendations/1 | status=200 | durationMs=3 | usersMs=2 | catalogMs=2
recommendations request | id=37fb2bb9-4ba2-48cf-93fb-f2fec08af2e9 | GET /recommendations/1 | status=200 | durationMs=4 | usersMs=2 | catalogMs=2
recommendations request | id=8fc2aa3b-8076-4075-b094-0eef2c43e83f | GET /recommendations/1 | status=200 | durationMs=2 | usersMs=1 | catalogMs=1
recommendations request | id=a5102184-24d0-4023-8ce5-e736644a77ff | GET /recommendations/1 | status=200 | durationMs=4 | usersMs=2 | catalogMs=2
recommendations request | id=9088bb5f-c50d-47c5-a5ff-31481092fbfe | GET /recommendations/1 | status=200 | durationMs=4 | usersMs=1 | catalogMs=3
recommendations request | id=76b4be31-04ca-463e-8264-87cf5ca25894 | GET /recommendations/1 | status=200 | durationMs=6 | usersMs=2 | catalogMs=4
recommendations request | id=d8195a6d-b634-402a-ad54-b2637eb17c59 | GET /recommendations/1 | status=200 | durationMs=3 | usersMs=2 | catalogMs=2
recommendations request | id=129bf9a7-8a05-4c73-9e63-d6b521721511 | GET /recommendations/1 | status=200 | durationMs=2 | usersMs=1 | catalogMs=1
recommendations request | id=5759c559-246a-4f43-81f7-5fe0d5766ee7 | GET /recommendations/1 | status=200 | durationMs=1 | usersMs=1 | catalogMs=1
recommendations request | id=d2d732f3-bf62-4c11-ad57-1f750f548e89 | GET /recommendations/1 | status=200 | durationMs=6 | usersMs=3 | catalogMs=4
recommendations request | id=55a699be-858b-4fad-ba13-1b245baaaf9b | GET /recommendations/1 | status=200 | durationMs=6 | usersMs=5 | catalogMs=4
recommendations request | id=37b6018c-f94b-4d75-9b75-1f9ae591c944 | GET /recommendations/1 | status=200 | durationMs=3 | usersMs=1 | catalogMs=2
recommendations request | id=152828ad-ad09-4ae5-b8b4-b62a0b201036 | GET /recommendations/1 | status=200 | durationMs=3 | usersMs=1 | catalogMs=2
recommendations request | id=49797f05-3b71-4c8d-9eef-9907a4fd7189 | GET /recommendations/1 | status=200 | durationMs=4 | usersMs=2 | catalogMs=3
recommendations request | id=706b3d11-c115-4313-b7b4-0b7f8ac68907 | GET /recommendations/1 | status=200 | durationMs=4 | usersMs=2 | catalogMs=4
recommendations request | id=eecb62e6-e3fd-4411-8a17-616404bb5bb9 | GET /recommendations/1 | status=200 | durationMs=3 | usersMs=2 | catalogMs=1
recommendations request | id=7cdf9f4a-1f71-4df9-a9ad-4369b511008c | GET /recommendations/1 | status=200 | durationMs=6 | usersMs=5 | catalogMs=4
recommendations request | id=0f6854fa-eafb-41b3-a1bc-09cfd09939cf | GET /recommendations/1 | status=200 | durationMs=2 | usersMs=1 | catalogMs=2
recommendations request | id=3622fad9-5b0b-44f3-aa7d-ae9a354043ea | GET /recommendations/1 | status=200 | durationMs=2 | usersMs=1 | catalogMs=2
recommendations request | id=a2313c7d-6b09-406f-9fe8-9c2f1659921d | GET /recommendations/1 | status=200 | durationMs=2 | usersMs=1 | catalogMs=1
recommendations request | id=1740593e-b902-41cc-94de-d4f81de2ce3a | GET /recommendations/1 | status=200 | durationMs=3 | usersMs=2 | catalogMs=2
recommendations request | id=136ed68d-d0f0-4dff-8b92-c7344da3910c | GET /recommendations/1 | status=200 | durationMs=4 | usersMs=2 | catalogMs=2
recommendations request | id=4acbba6e-24a6-4077-bddc-6485d20738b8 | GET /recommendations/1 | status=200 | durationMs=3 | usersMs=2 | catalogMs=2
recommendations request | id=b052a651-25ba-45ad-8d65-4189c2e1dd00 | GET /recommendations/1 | status=200 | durationMs=4 | usersMs=1 | catalogMs=3
recommendations request | id=26a425e8-9552-4b64-a593-5012eaa761ed | GET /recommendations/1 | status=200 | durationMs=4 | usersMs=2 | catalogMs=2
recommendations request | id=5c8d5a63-a70c-4a55-afcf-8670be63414f | GET /recommendations/1 | status=200 | durationMs=3 | usersMs=1 | catalogMs=2
recommendations request | id=2ad7f73b-008f-4af8-bb3b-76305e2f1009 | GET /recommendations/1 | status=200 | durationMs=2 | usersMs=1 | catalogMs=1
recommendations request | id=6586367b-df04-440f-981a-9565581cb3b9 | GET /recommendations/1 | status=200 | durationMs=6 | usersMs=3 | catalogMs=4
recommendations request | id=a615a378-4bce-45be-988b-f55f3e2911eb | GET /recommendations/1 | status=200 | durationMs=6 | usersMs=2 | catalogMs=5
recommendations request | id=544b05c4-7074-4d4c-9209-4f7ccc3cbc59 | GET /recommendations/1 | status=200 | durationMs=3 | usersMs=1 | catalogMs=2
recommendations request | id=f01409dd-f491-4bc8-866d-4f951fc328e3 | GET /recommendations/1 | status=200 | durationMs=3 | usersMs=2 | catalogMs=2
recommendations request | id=405d5a48-24d7-4b6e-9d4b-597d1fd48b79 | GET /recommendations/1 | status=200 | durationMs=3 | usersMs=2 | catalogMs=1
recommendations request | id=ca30565e-89bf-4524-bb07-23f9f5804d65 | GET /recommendations/1 | status=200 | durationMs=2 | usersMs=1 | catalogMs=2
recommendations request | id=de669cbb-0882-4a75-92c6-a67769a7cfd0 | GET /recommendations/1 | status=200 | durationMs=4 | usersMs=1 | catalogMs=3
recommendations request | id=ddf556c4-f847-459a-b863-8705c0ab1fa4 | GET /recommendations/1 | status=200 | durationMs=5 | usersMs=1 | catalogMs=3
recommendations request | id=1ac45ea7-63df-4bce-9778-cf51c367cf15 | GET /recommendations/1 | status=200 | durationMs=3 | usersMs=2 | catalogMs=1
recommendations request | id=bfe57713-0ddc-484a-ae16-d0b293f296c0 | GET /recommendations/1 | status=200 | durationMs=2 | usersMs=1 | catalogMs=1
recommendations request | id=97255351-ecc6-48b3-aedb-d589ce6ada6c | GET /recommendations/1 | status=200 | durationMs=3 | usersMs=2 | catalogMs=2
recommendations request | id=353665c2-7bac-4399-8212-17117efb8864 | GET /recommendations/1 | status=200 | durationMs=3 | usersMs=2 | catalogMs=2
recommendations request | id=e51b9681-c0db-474d-9eb5-49257ddebf53 | GET /recommendations/1 | status=200 | durationMs=3 | usersMs=2 | catalogMs=1
recommendations request | id=17e0a4cc-2b0b-4530-a902-781a42abbd67 | GET /recommendations/1 | status=200 | durationMs=2 | usersMs=1 | catalogMs=2
recommendations request | id=a9e15d78-ba7c-4124-9a68-b6071b13f7cf | GET /recommendations/1 | status=200 | durationMs=3 | usersMs=1 | catalogMs=2
recommendations request | id=d031fa1e-c6e0-4c5d-9ce0-da85aa4e32fb | GET /recommendations/1 | status=200 | durationMs=2 | usersMs=1 | catalogMs=2
recommendations request | id=ea825a43-1c2d-440c-96ba-db383b270206 | GET /recommendations/1 | status=200 | durationMs=4 | usersMs=2 | catalogMs=3
recommendations request | id=fb5cc22f-237c-4c35-bbc2-a0cfe1f387a6 | GET /recommendations/1 | status=200 | durationMs=2 | usersMs=1 | catalogMs=2
recommendations request | id=edb75bc6-d120-4e43-b69a-eaf9bdb0a8e1 | GET /recommendations/1 | status=200 | durationMs=4 | usersMs=2 | catalogMs=3
recommendations request | id=e60f1d4b-3e6c-42d4-9133-87fe37da83ed | GET /recommendations/1 | status=200 | durationMs=3 | usersMs=1 | catalogMs=2
recommendations request | id=2ffed9b3-ce2f-4d56-b3c5-dbed48447293 | GET /recommendations/1 | status=200 | durationMs=3 | usersMs=2 | catalogMs=2
recommendations request | id=56fa82fa-3bb1-410e-bffe-b5451db2b1cd | GET /recommendations/1 | status=200 | durationMs=3 | usersMs=2 | catalogMs=1
recommendations request | id=0b2c9e75-53a1-4eeb-a73b-f1ea77ff8d14 | GET /recommendations/1 | status=200 | durationMs=2 | usersMs=1 | catalogMs=1
recommendations request | id=81ac4628-31b7-4d6f-9de2-d4b79bde46bf | GET /recommendations/1 | status=200 | durationMs=5 | usersMs=2 | catalogMs=4
recommendations request | id=7d78fe93-6a9e-43db-9298-82f027e608af | GET /recommendations/1 | status=200 | durationMs=2 | usersMs=1 | catalogMs=1
recommendations request | id=f5502e43-8d0b-4a3e-a48b-df2e304f115d | GET /recommendations/1 | status=200 | durationMs=2 | usersMs=1 | catalogMs=2
recommendations request | id=7caeef58-d6e6-415d-9c6f-5378844d8d19 | GET /recommendations/1 | status=200 | durationMs=3 | usersMs=2 | catalogMs=1
recommendations request | id=2d74cebd-2db7-48f7-90f4-fe945522a410 | GET /recommendations/1 | status=200 | durationMs=2 | usersMs=1 | catalogMs=2
recommendations request | id=6c46d116-76bb-4499-a503-133eea093f99 | GET /recommendations/1 | status=200 | durationMs=2 | usersMs=1 | catalogMs=2
recommendations request | id=aba66e1d-20fe-49f8-85fc-1e2a64d83251 | GET /recommendations/1 | status=200 | durationMs=2 | usersMs=1 | catalogMs=2
recommendations request | id=791b3a82-4631-481c-aa27-46625cb95af2 | GET /recommendations/1 | status=200 | durationMs=3 | usersMs=2 | catalogMs=1
recommendations request | id=7b94ca6b-7c1d-4ae6-b9d1-a08490182b68 | GET /recommendations/1 | status=200 | durationMs=2 | usersMs=2 | catalogMs=1
recommendations request | id=df34bd98-9f59-4cff-b097-88976fda38a4 | GET /recommendations/1 | status=200 | durationMs=4 | usersMs=1 | catalogMs=2
recommendations request | id=d6e45420-fcdf-4246-ab85-58bc58b6f0d0 | GET /recommendations/1 | status=200 | durationMs=3 | usersMs=2 | catalogMs=1
recommendations request | id=3cbb7801-7982-4567-9790-690ae0458f83 | GET /recommendations/1 | status=200 | durationMs=2 | usersMs=1 | catalogMs=2
recommendations request | id=b2cad0ba-33da-457f-bcfc-f3ef4efd3614 | GET /recommendations/1 | status=200 | durationMs=3 | usersMs=1 | catalogMs=2
recommendations request | id=1b66b4f2-f90a-43d8-b308-f805e959ac41 | GET /recommendations/1 | status=200 | durationMs=3 | usersMs=2 | catalogMs=1
recommendations request | id=fa9b8b22-d51b-4461-a228-ef9368aefd2f | GET /recommendations/1 | status=200 | durationMs=2 | usersMs=1 | catalogMs=1
recommendations request | id=d9b605bb-205d-4a59-8561-8acba981c991 | GET /recommendations/1 | status=200 | durationMs=4 | usersMs=2 | catalogMs=2
recommendations request | id=17f219aa-6c3b-481c-a2e6-babb8c0b6f64 | GET /recommendations/1 | status=200 | durationMs=3 | usersMs=2 | catalogMs=1
recommendations request | id=4675e200-5ed1-4086-906b-4f8cc07c68f1 | GET /recommendations/1 | status=200 | durationMs=2 | usersMs=1 | catalogMs=2
recommendations request | id=6f3273ff-44bd-4a3b-8159-25a821c63409 | GET /recommendations/1 | status=200 | durationMs=3 | usersMs=2 | catalogMs=1
recommendations request | id=310bb729-423d-4d8b-9271-87126b0c6276 | GET /recommendations/1 | status=200 | durationMs=2 | usersMs=1 | catalogMs=1
recommendations request | id=1b2260fe-8504-48b9-81b2-3dc093f39057 | GET /recommendations/1 | status=200 | durationMs=3 | usersMs=1 | catalogMs=2
recommendations request | id=dc2d470a-7027-4e76-ae4a-313d0ad9e0d5 | GET /recommendations/1 | status=200 | durationMs=3 | usersMs=1 | catalogMs=1
recommendations request | id=2302a936-d474-43a8-8852-a5b80e32bc8d | GET /recommendations/1 | status=200 | durationMs=1 | usersMs=1 | catalogMs=1
recommendations request | id=7c0bcc93-c7a6-4d52-b655-7070c9b35165 | GET /recommendations/1 | status=200 | durationMs=3 | usersMs=1 | catalogMs=2
recommendations request | id=c176d0fb-ce5e-4ddf-af4f-d4fdff938e79 | GET /recommendations/1 | status=200 | durationMs=2 | usersMs=1 | catalogMs=1
recommendations request | id=38a2b602-e0aa-414d-86c9-8515fd802710 | GET /recommendations/1 | status=200 | durationMs=3 | usersMs=2 | catalogMs=2
recommendations request | id=2a05c9d4-bcac-4e92-9bb4-33c9a8880785 | GET /recommendations/1 | status=200 | durationMs=2 | usersMs=1 | catalogMs=2
recommendations request | id=37037907-cdea-47a4-803b-c329c9863efd | GET /recommendations/1 | status=200 | durationMs=3 | usersMs=2 | catalogMs=1
recommendations request | id=ca73f545-dca5-475a-bd77-5d02c376d5c4 | GET /recommendations/1 | status=200 | durationMs=2 | usersMs=1 | catalogMs=2
recommendations request | id=9d74eb50-8f6e-4d4c-a04a-016592c79ab6 | GET /recommendations/1 | status=200 | durationMs=2 | usersMs=1 | catalogMs=2
recommendations request | id=3ce781f8-138e-413d-87cc-993dce0d73b5 | GET /recommendations/1 | status=200 | durationMs=2 | usersMs=1 | catalogMs=2
recommendations request | id=958efb5b-83a6-4dcb-8880-0d5c0d74c827 | GET /recommendations/1 | status=200 | durationMs=2 | usersMs=1 | catalogMs=1
recommendations request | id=3319aac7-8e15-4002-b80e-fdcdc9af9b85 | GET /recommendations/1 | status=200 | durationMs=4 | usersMs=2 | catalogMs=2
recommendations request | id=afdb8ad5-a18e-4e75-89fc-f3fcff903113 | GET /recommendations/1 | status=200 | durationMs=2 | usersMs=1 | catalogMs=1
recommendations request | id=dc62778f-7f7f-4f5e-8f8c-54e32feaa21c | GET /recommendations/1 | status=200 | durationMs=4 | usersMs=2 | catalogMs=2
recommendations request | id=9bdd0482-f7d3-40e7-a2d9-e08fa5b1a717 | GET /recommendations/1 | status=200 | durationMs=2 | usersMs=1 | catalogMs=1
recommendations request | id=26492856-99e8-4703-a42b-4e83a718fde8 | GET /recommendations/1 | status=200 | durationMs=3 | usersMs=1 | catalogMs=1
recommendations request | id=43d45020-eb03-4a9d-84a8-7fd02f5e361a | GET /recommendations/1 | status=200 | durationMs=4 | usersMs=3 | catalogMs=2
recommendations request | id=4dfff3dc-7625-4e33-8bbe-4a6baf57b12c | GET /recommendations/1 | status=200 | durationMs=4 | usersMs=2 | catalogMs=3
recommendations request | id=f84972f5-2d44-44ed-8132-493eff84d862 | GET /recommendations/1 | status=200 | durationMs=2 | usersMs=1 | catalogMs=2
recommendations request | id=67f968e0-16d3-4f39-9cd0-8580cbbb49b4 | GET /recommendations/1 | status=200 | durationMs=2 | usersMs=1 | catalogMs=1
recommendations request | id=6f96a865-d1ee-4f4a-a0c8-445a04803f7f | GET /recommendations/1 | status=200 | durationMs=3 | usersMs=2 | catalogMs=3
recommendations request | id=558aa2c0-4f41-49fc-8e4f-153ac556b2ad | GET /recommendations/1 | status=200 | durationMs=1 | usersMs=1 | catalogMs=1
recommendations request | id=f635c1d6-0d2b-4e39-9db6-61a0c38c48c9 | GET /recommendations/1 | status=200 | durationMs=2 | usersMs=1 | catalogMs=2
recommendations request | id=6156ba30-1d9e-4e45-ba0c-9679517aa3fe | GET /recommendations/1 | status=200 | durationMs=3 | usersMs=2 | catalogMs=2
recommendations request | id=94a1ff31-e47c-4f67-9773-7006db2e096d | GET /recommendations/1 | status=200 | durationMs=3 | usersMs=2 | catalogMs=1
recommendations request | id=210983d5-4c08-4c0b-8975-235ed99d123b | GET /recommendations/1 | status=200 | durationMs=3 | usersMs=1 | catalogMs=2
recommendations request | id=3ec5a923-512f-4d14-afc6-7ed3459546d3 | GET /recommendations/1 | status=200 | durationMs=2 | usersMs=1 | catalogMs=2
recommendations request | id=1e7c603f-77d0-4be0-aa1b-b75811c0a510 | GET /recommendations/1 | status=200 | durationMs=3 | usersMs=1 | catalogMs=1
recommendations request | id=5a995441-0ebc-4c44-8b60-e34c955f0c71 | GET /recommendations/1 | status=200 | durationMs=2 | usersMs=1 | catalogMs=2
recommendations request | id=e84f45dc-4e2c-4c39-a488-46038e146304 | GET /recommendations/1 | status=200 | durationMs=2 | usersMs=1 | catalogMs=1
recommendations request | id=98cbf6ac-e680-4893-bc1c-24c27314e2e0 | GET /recommendations/1 | status=200 | durationMs=3 | usersMs=2 | catalogMs=2
recommendations request | id=62c53831-4396-495c-acb7-191a902691f9 | GET /recommendations/1 | status=200 | durationMs=2 | usersMs=1 | catalogMs=1
recommendations request | id=eabfa2f9-5e37-48b2-a46c-882900900886 | GET /recommendations/1 | status=200 | durationMs=3 | usersMs=2 | catalogMs=1
recommendations request | id=30e82376-fc07-4b21-91e2-24dfa3d74d3f | GET /recommendations/1 | status=200 | durationMs=2 | usersMs=1 | catalogMs=2
recommendations request | id=846ef97e-3a07-4b85-b47f-ba089992e661 | GET /recommendations/1 | status=200 | durationMs=4 | usersMs=2 | catalogMs=2
recommendations request | id=3ffc409c-309d-4d20-884f-a8475e12b99a | GET /recommendations/1 | status=200 | durationMs=3 | usersMs=2 | catalogMs=2
recommendations request | id=1287884b-5bb9-48c0-9833-83606ff98cf1 | GET /recommendations/1 | status=200 | durationMs=3 | usersMs=1 | catalogMs=1
recommendations request | id=e6ae7452-e777-4e7d-88f8-39d2cbecb2fd | GET /recommendations/1 | status=200 | durationMs=3 | usersMs=3 | catalogMs=2
recommendations request | id=71b48595-8fe4-4ae5-ba63-1b7910b79cc8 | GET /recommendations/1 | status=200 | durationMs=3 | usersMs=2 | catalogMs=1
recommendations request | id=46413bc7-91b4-4f50-b7d2-daa4a139251e | GET /recommendations/1 | status=200 | durationMs=2 | usersMs=1 | catalogMs=1
recommendations request | id=1d4183b7-ba0b-4990-96bb-0d686347e785 | GET /recommendations/1 | status=200 | durationMs=4 | usersMs=1 | catalogMs=2
recommendations request | id=70294f59-1249-405b-83a8-c655906001c3 | GET /recommendations/1 | status=200 | durationMs=2 | usersMs=1 | catalogMs=1
recommendations request | id=b38df09e-f449-4bf5-9f2e-6d716e712a83 | GET /recommendations/1 | status=200 | durationMs=2 | usersMs=1 | catalogMs=1
recommendations request | id=85d4dc3d-a194-4155-8d4f-b9a9e8c8933f | GET /recommendations/1 | status=200 | durationMs=3 | usersMs=2 | catalogMs=2
recommendations request | id=c194dffe-0b78-433f-abde-e32ca9b468f3 | GET /recommendations/1 | status=200 | durationMs=3 | usersMs=1 | catalogMs=1
recommendations request | id=5eb086e8-a09c-40cd-81de-09e6dc265819 | GET /recommendations/1 | status=200 | durationMs=4 | usersMs=2 | catalogMs=2
recommendations request | id=2c4000e5-5a4c-4972-b5f9-bf569b97bc6c | GET /recommendations/1 | status=200 | durationMs=2 | usersMs=1 | catalogMs=1
recommendations request | id=8706643d-8ed8-42c8-befc-89e970753e2e | GET /recommendations/1 | status=200 | durationMs=2 | usersMs=1 | catalogMs=2
recommendations request | id=3b3b3db1-39fd-486e-be85-a9dda5187572 | GET /recommendations/1 | status=200 | durationMs=2 | usersMs=1 | catalogMs=1
recommendations request | id=5734b2bb-309f-4748-8bc6-cd38da5966aa | GET /recommendations/1 | status=200 | durationMs=2 | usersMs=1 | catalogMs=2
recommendations request | id=9e6e0e60-787a-48e9-aa1d-914d5d26ae92 | GET /recommendations/1 | status=200 | durationMs=2 | usersMs=1 | catalogMs=1
recommendations request | id=59136c31-22bb-4cf1-a3b1-25784f7de820 | GET /recommendations/1 | status=200 | durationMs=3 | usersMs=2 | catalogMs=2
recommendations request | id=e9edaea0-fcfa-476e-ba2f-eaadcd3780bd | GET /recommendations/1 | status=200 | durationMs=2 | usersMs=1 | catalogMs=1
recommendations request | id=ca1392b9-4eab-4f7e-8e39-0bbafc1f7659 | GET /recommendations/1 | status=200 | durationMs=4 | usersMs=2 | catalogMs=2
recommendations request | id=23425c65-5c27-4530-9b7b-77bd1c478388 | GET /recommendations/1 | status=200 | durationMs=3 | usersMs=2 | catalogMs=1
recommendations request | id=63dd1d4f-f491-446c-ac14-067cab23b56c | GET /recommendations/1 | status=200 | durationMs=3 | usersMs=2 | catalogMs=1
recommendations request | id=f72971d1-47b8-4f8a-bc10-1567437d58b2 | GET /recommendations/1 | status=200 | durationMs=2 | usersMs=1 | catalogMs=1
recommendations request | id=c37a84a2-56e9-414c-837f-d4b76e0e136a | GET /recommendations/1 | status=200 | durationMs=2 | usersMs=1 | catalogMs=2
recommendations request | id=9cf1719f-fa50-453d-9488-adf4a3907827 | GET /recommendations/1 | status=200 | durationMs=2 | usersMs=0 | catalogMs=1
recommendations request | id=68e1f6cc-66d6-4ed0-a98e-0d97dc32f01a | GET /recommendations/1 | status=200 | durationMs=2 | usersMs=1 | catalogMs=0
recommendations request | id=c02d5ae3-ba90-4e3f-afd6-5e866921184e | GET /recommendations/1 | status=200 | durationMs=2 | usersMs=1 | catalogMs=2
recommendations request | id=370e1d23-7068-4707-8a19-e43254bd5a7c | GET /recommendations/1 | status=200 | durationMs=3 | usersMs=2 | catalogMs=2
recommendations request | id=91cfd566-4e74-44ba-9355-1b73387779fc | GET /recommendations/1 | status=200 | durationMs=3 | usersMs=2 | catalogMs=2
recommendations request | id=5e075ba5-70d3-4140-97db-cf0f976ae964 | GET /recommendations/1 | status=200 | durationMs=1 | usersMs=0 | catalogMs=1
recommendations request | id=b0e1c409-321d-4375-908a-69b5d3c8a155 | GET /recommendations/1 | status=200 | durationMs=3 | usersMs=2 | catalogMs=2
recommendations request | id=cc994a52-3e66-4956-aa76-58d3e96b8491 | GET /recommendations/1 | status=200 | durationMs=3 | usersMs=2 | catalogMs=1
recommendations request | id=e54df253-beb1-4128-aa9f-8d50591ec22a | GET /recommendations/1 | status=200 | durationMs=2 | usersMs=1 | catalogMs=2
recommendations request | id=026ab4b5-f2b7-4bf1-be5c-d30f2e492b7b | GET /recommendations/1 | status=200 | durationMs=3 | usersMs=2 | catalogMs=2
recommendations request | id=15da9972-4eea-475a-93dd-ddf9b72c0b7b | GET /recommendations/1 | status=200 | durationMs=2 | usersMs=1 | catalogMs=1
recommendations request | id=051ad9ad-98cf-48ad-ac57-ec1790435848 | GET /recommendations/1 | status=200 | durationMs=2 | usersMs=1 | catalogMs=1
recommendations request | id=a1dab9c0-de15-4919-81b8-259adb8dc809 | GET /recommendations/1 | status=200 | durationMs=1 | usersMs=1 | catalogMs=1
recommendations request | id=53db6613-28b3-4f5f-9590-097a473ff736 | GET /recommendations/1 | status=200 | durationMs=2 | usersMs=1 | catalogMs=1
recommendations request | id=01eedfc9-6e6d-46e1-91dd-307291932472 | GET /recommendations/1 | status=200 | durationMs=2 | usersMs=1 | catalogMs=1
recommendations request | id=e38c42d9-6657-4b99-8b67-35449363f535 | GET /recommendations/1 | status=200 | durationMs=2 | usersMs=1 | catalogMs=2
recommendations request | id=ceac4486-522a-470d-bcb7-0988e19b5acb | GET /recommendations/1 | status=200 | durationMs=22 | usersMs=16 | catalogMs=22
recommendations request | id=a0d9ee3c-a48f-4c50-ab8a-8be78e50ae34 | GET /recommendations/1 | status=200 | durationMs=1 | usersMs=1 | catalogMs=1
recommendations request | id=f474fe8b-b915-41b9-8859-684d98330eaa | GET /recommendations/1 | status=200 | durationMs=1 | usersMs=0 | catalogMs=1
recommendations request | id=e435b064-5136-4e06-8129-69e79f98e978 | GET /recommendations/1 | status=200 | durationMs=2 | usersMs=1 | catalogMs=1
recommendations request | id=1910a912-57b7-4467-86a4-75e648d45fd7 | GET /recommendations/1 | status=200 | durationMs=2 | usersMs=1 | catalogMs=1
recommendations request | id=43c598dd-a485-49b0-a5a8-07370fede05a | GET /recommendations/1 | status=200 | durationMs=3 | usersMs=2 | catalogMs=2
recommendations request | id=21c2d97e-7bc1-412b-9514-988e182927d6 | GET /recommendations/1 | status=200 | durationMs=2 | usersMs=1 | catalogMs=1
recommendations request | id=a68cd56c-2f3d-4b96-87fb-fcc5eb1b7a02 | GET /recommendations/1 | status=200 | durationMs=3 | usersMs=1 | catalogMs=3
recommendations request | id=ded73bea-cc0b-492c-ac5f-612c4a6c262e | GET /recommendations/1 | status=200 | durationMs=3 | usersMs=2 | catalogMs=3
recommendations request | id=3161fcc0-3e01-4557-992e-071610594045 | GET /recommendations/1 | status=200 | durationMs=3 | usersMs=1 | catalogMs=2
recommendations request | id=1e905354-958a-4aa7-a67b-87f55224e637 | GET /recommendations/1 | status=200 | durationMs=2 | usersMs=1 | catalogMs=1
recommendations request | id=0b938880-76df-4f48-8fec-b7dad2e67ee7 | GET /recommendations/1 | status=200 | durationMs=2 | usersMs=1 | catalogMs=1
recommendations request | id=8bf74646-c33e-4cd2-a07f-c363708d6fe6 | GET /recommendations/1 | status=200 | durationMs=2 | usersMs=1 | catalogMs=1
recommendations request | id=091da868-08d0-4705-bc99-ce5d197df95e | GET /recommendations/1 | status=200 | durationMs=2 | usersMs=1 | catalogMs=2
recommendations request | id=e4ca3709-021d-4413-91ba-59a554f5dd2e | GET /recommendations/1 | status=200 | durationMs=3 | usersMs=2 | catalogMs=1
recommendations request | id=1c665bf1-3edf-418c-bfc6-2c615abb4d5a | GET /recommendations/1 | status=200 | durationMs=16 | usersMs=15 | catalogMs=16
recommendations request | id=f386f53c-1ec9-4dce-9a96-f6ecdf105ae5 | GET /recommendations/1 | status=200 | durationMs=2 | usersMs=1 | catalogMs=0
recommendations request | id=2c3b7419-9634-4a9f-bda2-fec07c950585 | GET /recommendations/1 | status=200 | durationMs=1 | usersMs=1 | catalogMs=1
recommendations request | id=2f080976-02ba-4b8a-9ef7-a97b6ab32042 | GET /recommendations/1 | status=200 | durationMs=2 | usersMs=1 | catalogMs=1
recommendations request | id=0c1a0567-821f-4901-8f08-6885100b238c | GET /recommendations/1 | status=200 | durationMs=3 | usersMs=1 | catalogMs=3
recommendations request | id=d63aeb01-5d23-43ce-97df-c0236e1bb879 | GET /recommendations/1 | status=200 | durationMs=2 | usersMs=2 | catalogMs=2
recommendations request | id=f17c3070-476e-4498-b7bd-d4a5270312c4 | GET /recommendations/1 | status=200 | durationMs=3 | usersMs=1 | catalogMs=2
recommendations request | id=34bd9254-af44-4d76-9db3-984f5e60206d | GET /recommendations/1 | status=200 | durationMs=3 | usersMs=2 | catalogMs=1
recommendations request | id=e05ea37c-2329-4f34-a924-bd1fbb711284 | GET /recommendations/1 | status=200 | durationMs=2 | usersMs=1 | catalogMs=1
recommendations request | id=f19a410f-79c3-4bab-8d4e-3b6297db05de | GET /recommendations/1 | status=200 | durationMs=2 | usersMs=1 | catalogMs=2
recommendations request | id=4e1c13dc-c8a0-4b04-b547-2bb564664942 | GET /recommendations/1 | status=200 | durationMs=2 | usersMs=1 | catalogMs=2
recommendations request | id=2af525fd-5ab0-4e7c-bfe3-c709e659e90c | GET /recommendations/1 | status=200 | durationMs=3 | usersMs=2 | catalogMs=3
recommendations request | id=c16a5c48-0fe6-48c6-bac9-7641e892fde5 | GET /recommendations/1 | status=200 | durationMs=3 | usersMs=2 | catalogMs=2
recommendations request | id=a4b38603-a1d4-4d03-be25-04b4b46799a0 | GET /recommendations/1 | status=200 | durationMs=2 | usersMs=1 | catalogMs=1
recommendations request | id=4ac21120-e1e7-4562-8ee5-c8bb3a24aeba | GET /recommendations/1 | status=200 | durationMs=4 | usersMs=3 | catalogMs=4
recommendations request | id=bab33645-e8c0-496f-9060-7c01fcf8ce36 | GET /recommendations/1 | status=200 | durationMs=4 | usersMs=2 | catalogMs=3
recommendations request | id=824576c9-9f17-4199-9c66-84e1e5279b00 | GET /recommendations/1 | status=200 | durationMs=3 | usersMs=2 | catalogMs=3
recommendations request | id=d7f13d36-6be2-408f-91ab-dcb81b48b62e | GET /recommendations/1 | status=200 | durationMs=3 | usersMs=2 | catalogMs=2
recommendations request | id=673ea134-7167-4928-9531-03892f387757 | GET /recommendations/1 | status=200 | durationMs=5 | usersMs=4 | catalogMs=2
recommendations request | id=36ceaee2-8a7c-4178-9aae-c168d758af81 | GET /recommendations/1 | status=200 | durationMs=2 | usersMs=1 | catalogMs=1
recommendations request | id=8169e7e4-7cfd-46cb-87f3-77c0cb22df8b | GET /recommendations/1 | status=200 | durationMs=1 | usersMs=1 | catalogMs=1
recommendations request | id=828966b6-a738-46e6-b926-ce77cdb8b2c2 | GET /recommendations/1 | status=200 | durationMs=2 | usersMs=1 | catalogMs=0
recommendations request | id=d4b45e55-3d3f-488d-8b9c-8772af6a728f | GET /recommendations/1 | status=200 | durationMs=2 | usersMs=1 | catalogMs=1
recommendations request | id=2713c703-5cd7-4e9f-bd90-05e0294f93cd | GET /recommendations/1 | status=200 | durationMs=1 | usersMs=1 | catalogMs=1
recommendations request | id=89f3d5e1-e8c9-43e1-b3c3-539275c21740 | GET /recommendations/1 | status=200 | durationMs=2 | usersMs=1 | catalogMs=2
recommendations request | id=2c3483b8-204e-4677-b0be-4dd037e0b260 | GET /recommendations/1 | status=200 | durationMs=4 | usersMs=2 | catalogMs=2
recommendations request | id=18270e21-da30-4e14-8f53-ae6eae631518 | GET /recommendations/1 | status=200 | durationMs=3 | usersMs=2 | catalogMs=2
recommendations request | id=cee01e17-06ab-4302-9dcd-0c55fca3f082 | GET /recommendations/1 | status=200 | durationMs=2 | usersMs=1 | catalogMs=1
recommendations request | id=e5e41fed-ead6-4a3e-a7dc-79f2115372d6 | GET /recommendations/1 | status=200 | durationMs=3 | usersMs=1 | catalogMs=1
recommendations request | id=d544d3e8-6ddb-42dc-8609-6d98517c36c2 | GET /recommendations/1 | status=200 | durationMs=3 | usersMs=1 | catalogMs=2
recommendations request | id=b5c2fc4c-ef19-4e0d-8c17-79736f1d8431 | GET /recommendations/1 | status=200 | durationMs=2 | usersMs=1 | catalogMs=2
recommendations request | id=45188f20-662a-4328-9208-58fa782ce48a | GET /recommendations/1 | status=200 | durationMs=2 | usersMs=2 | catalogMs=2
recommendations request | id=d6af9eac-effc-43f8-9408-a64fae4255cd | GET /recommendations/1 | status=200 | durationMs=3 | usersMs=2 | catalogMs=1
recommendations request | id=c083fbef-0474-4cf4-ba1b-558b20430c56 | GET /recommendations/1 | status=200 | durationMs=3 | usersMs=2 | catalogMs=2
recommendations request | id=6bf6f558-539c-4ecd-922c-dc7a49ef119d | GET /recommendations/1 | status=200 | durationMs=2 | usersMs=1 | catalogMs=1
recommendations request | id=25e3feb9-66f8-41c2-9311-0371d8d193d8 | GET /recommendations/1 | status=200 | durationMs=2 | usersMs=1 | catalogMs=1
recommendations request | id=e487f68d-e07a-4296-91c3-bb405d2f204e | GET /recommendations/1 | status=200 | durationMs=2 | usersMs=1 | catalogMs=1
recommendations request | id=26900a48-0e31-4d35-8a58-1111a5a65cc2 | GET /recommendations/1 | status=200 | durationMs=4 | usersMs=3 | catalogMs=4
recommendations request | id=698a7f31-1bec-492d-9fb2-350447d460bb | GET /recommendations/1 | status=200 | durationMs=4 | usersMs=3 | catalogMs=4
recommendations request | id=9da4e1b6-9238-4efe-bf11-c34993ea7820 | GET /recommendations/1 | status=200 | durationMs=3 | usersMs=2 | catalogMs=2
recommendations request | id=51c4b27c-def7-4f81-9847-6b72c08ad065 | GET /recommendations/1 | status=200 | durationMs=4 | usersMs=2 | catalogMs=2
recommendations request | id=c41b59a1-a170-4f9d-8d29-d60568a40c4a | GET /recommendations/1 | status=200 | durationMs=2 | usersMs=1 | catalogMs=2
recommendations request | id=138afe90-61e9-4277-bdeb-b60a67646214 | GET /recommendations/1 | status=200 | durationMs=4 | usersMs=3 | catalogMs=2
recommendations request | id=7c77ad76-d3e5-4d25-bd9a-2d33576dceb4 | GET /recommendations/1 | status=200 | durationMs=3 | usersMs=1 | catalogMs=2
recommendations request | id=53b12217-441b-4bdb-b36d-16c04f4536da | GET /recommendations/1 | status=200 | durationMs=3 | usersMs=1 | catalogMs=2
recommendations request | id=0fdd90d7-5a92-45d5-bac7-a93cfb9387d2 | GET /recommendations/1 | status=200 | durationMs=3 | usersMs=1 | catalogMs=3
recommendations request | id=65bc033e-66fa-40c0-a18f-afd12109435c | GET /recommendations/1 | status=200 | durationMs=3 | usersMs=1 | catalogMs=2
recommendations request | id=0637be24-9126-4115-9245-fc3b92755e69 | GET /recommendations/1 | status=200 | durationMs=3 | usersMs=2 | catalogMs=1
recommendations request | id=63c68b2b-7477-4bbb-b933-6f119b513360 | GET /recommendations/1 | status=200 | durationMs=2 | usersMs=1 | catalogMs=1
recommendations request | id=03b022bd-7d72-47ba-9d34-77dbc238afbf | GET /recommendations/1 | status=200 | durationMs=2 | usersMs=1 | catalogMs=2
recommendations request | id=f1971d91-c4c6-4830-902a-b8af6a744aee | GET /recommendations/1 | status=200 | durationMs=2 | usersMs=1 | catalogMs=2
recommendations request | id=7f8d4ffc-c9fe-436f-875e-b461837c7852 | GET /recommendations/1 | status=200 | durationMs=2 | usersMs=1 | catalogMs=2
recommendations request | id=fdf56902-3a60-4c0e-9e58-aba9aaff4832 | GET /recommendations/1 | status=200 | durationMs=3 | usersMs=1 | catalogMs=2
recommendations request | id=149ebb30-a16f-4215-b0f3-60b7d85f03be | GET /recommendations/1 | status=200 | durationMs=3 | usersMs=2 | catalogMs=1
recommendations request | id=f000a45c-64e3-4cfd-abd9-720fcddf4d97 | GET /recommendations/1 | status=200 | durationMs=2 | usersMs=1 | catalogMs=2
recommendations request | id=ce203a3d-72b0-47d1-b81b-e8d17afa30c2 | GET /recommendations/1 | status=200 | durationMs=3 | usersMs=2 | catalogMs=1
recommendations request | id=fcab5441-33ef-492d-980b-f1cb1c8df246 | GET /recommendations/1 | status=200 | durationMs=3 | usersMs=2 | catalogMs=2
recommendations request | id=8709e978-a51d-4bc4-9f76-2d07ab84ccf0 | GET /recommendations/1 | status=200 | durationMs=2 | usersMs=2 | catalogMs=1
recommendations request | id=b007894c-d64d-4053-8aa0-de16934c64a0 | GET /recommendations/1 | status=200 | durationMs=2 | usersMs=1 | catalogMs=2
recommendations request | id=3a44963f-0202-4aa4-9aa9-e6634d9d9484 | GET /recommendations/1 | status=200 | durationMs=3 | usersMs=1 | catalogMs=2
recommendations request | id=420c57d3-7cca-430d-8d6e-e6c5ceb20912 | GET /recommendations/1 | status=200 | durationMs=3 | usersMs=2 | catalogMs=1
recommendations request | id=c09133fb-ff04-4446-8cde-add61e566afe | GET /recommendations/1 | status=200 | durationMs=3 | usersMs=1 | catalogMs=1
recommendations request | id=b93e85d1-6b3f-4ec1-bf4e-444878e15b71 | GET /recommendations/1 | status=200 | durationMs=3 | usersMs=2 | catalogMs=2
recommendations request | id=9551baa7-1a43-407a-9384-3666863ded29 | GET /recommendations/1 | status=200 | durationMs=3 | usersMs=2 | catalogMs=1
recommendations request | id=736ce4b6-4f33-49db-a547-e2c919f1c145 | GET /recommendations/1 | status=200 | durationMs=2 | usersMs=1 | catalogMs=2
recommendations request | id=70df7a9a-e934-458a-8f9e-39fb8d89bf03 | GET /recommendations/1 | status=200 | durationMs=1 | usersMs=1 | catalogMs=1
recommendations request | id=1edf10dd-8947-43b6-a6be-e6086c665e63 | GET /recommendations/1 | status=200 | durationMs=2 | usersMs=1 | catalogMs=2
recommendations request | id=c3c504c8-dfcf-4027-828f-ddeb682926bd | GET /recommendations/1 | status=200 | durationMs=2 | usersMs=1 | catalogMs=1
recommendations request | id=a3e73e6f-f38d-4da3-92f9-1ca8199913c8 | GET /recommendations/1 | status=200 | durationMs=3 | usersMs=2 | catalogMs=2
recommendations request | id=8cbf5a46-0e45-4702-817f-289d029e6d59 | GET /recommendations/1 | status=200 | durationMs=2 | usersMs=1 | catalogMs=2
recommendations request | id=14b6a74a-4482-48b8-acb4-4b281c493c25 | GET /recommendations/1 | status=200 | durationMs=2 | usersMs=1 | catalogMs=1
recommendations request | id=e4237208-5b1a-438c-8246-397cd82a8645 | GET /recommendations/1 | status=200 | durationMs=3 | usersMs=2 | catalogMs=2
recommendations request | id=9d904bd8-6fd7-453c-a2db-5f94a184e0dc | GET /recommendations/1 | status=200 | durationMs=3 | usersMs=2 | catalogMs=3
recommendations request | id=1589290e-33b7-493f-a080-5c9f6679419b | GET /recommendations/1 | status=200 | durationMs=3 | usersMs=1 | catalogMs=3
recommendations request | id=83979bd7-d700-4b8c-87e1-210082782d4c | GET /recommendations/1 | status=200 | durationMs=4 | usersMs=1 | catalogMs=3
recommendations request | id=cfeae187-0249-45c7-afc5-994b488b2f5e | GET /recommendations/1 | status=200 | durationMs=2 | usersMs=1 | catalogMs=2
recommendations request | id=7ea10464-eecd-4bde-86d0-437e528d9e4e | GET /recommendations/1 | status=200 | durationMs=2 | usersMs=1 | catalogMs=1
recommendations request | id=8f480fb8-2203-4aba-b9be-8cd4e93b6482 | GET /recommendations/1 | status=200 | durationMs=1 | usersMs=1 | catalogMs=1
recommendations request | id=16e2ce14-5bf5-4cef-8ae2-94256cd0033a | GET /recommendations/1 | status=200 | durationMs=3 | usersMs=2 | catalogMs=1
recommendations request | id=4aa87996-0d37-4236-944d-b7e37e2d47fb | GET /recommendations/1 | status=200 | durationMs=1 | usersMs=1 | catalogMs=1
recommendations request | id=e3bf3171-5b62-49fe-9d78-1e90ca2afc2d | GET /recommendations/1 | status=200 | durationMs=1 | usersMs=0 | catalogMs=1
recommendations request | id=af281dec-7893-4da4-a229-fa8c09832b06 | GET /recommendations/1 | status=200 | durationMs=2 | usersMs=1 | catalogMs=1
recommendations request | id=68bf6f09-5f61-4f69-b7ec-014f79693783 | GET /recommendations/1 | status=200 | durationMs=1 | usersMs=1 | catalogMs=1
recommendations request | id=1632df50-8daf-42e7-8d2e-1e3eb8d32f39 | GET /recommendations/1 | status=200 | durationMs=2 | usersMs=1 | catalogMs=1
recommendations request | id=3915c22b-eafc-411a-a59e-6ad3e09de817 | GET /recommendations/1 | status=200 | durationMs=3 | usersMs=2 | catalogMs=2
recommendations request | id=f9b5b825-8431-4b14-b7bb-c83db4f7246a | GET /recommendations/1 | status=200 | durationMs=2 | usersMs=1 | catalogMs=1
recommendations request | id=9b5dc432-a1b3-4a10-9c4b-b7f8146c5d12 | GET /recommendations/1 | status=200 | durationMs=3 | usersMs=2 | catalogMs=1
recommendations request | id=e819b94b-f756-4189-8499-0c7e627f9727 | GET /recommendations/1 | status=200 | durationMs=3 | usersMs=2 | catalogMs=2
recommendations request | id=269adfab-9fd8-47c8-b3b1-8321d9af56e0 | GET /recommendations/1 | status=200 | durationMs=3 | usersMs=1 | catalogMs=2
recommendations request | id=c384046d-da26-4e97-a4ac-7cb9e5444199 | GET /recommendations/1 | status=200 | durationMs=4 | usersMs=1 | catalogMs=3
recommendations request | id=f8522ac3-56c9-4397-86b3-d1522f697191 | GET /recommendations/1 | status=200 | durationMs=3 | usersMs=1 | catalogMs=2
recommendations request | id=522b1f64-55cf-4e0c-902f-4bed81c0a91c | GET /recommendations/1 | status=200 | durationMs=2 | usersMs=1 | catalogMs=2
recommendations request | id=69325c5e-cdd9-4765-9adc-34fdaa6f5d42 | GET /recommendations/1 | status=200 | durationMs=4 | usersMs=2 | catalogMs=2
recommendations request | id=365d0e9b-b826-42a4-9d05-4628c072da9e | GET /recommendations/1 | status=200 | durationMs=2 | usersMs=1 | catalogMs=1
recommendations request | id=e99e66e0-a7aa-495d-b79d-b0c7ac4a06df | GET /recommendations/1 | status=200 | durationMs=3 | usersMs=1 | catalogMs=2
recommendations request | id=6ab0bcdf-da81-4037-b93a-e9acd5897bb6 | GET /recommendations/1 | status=200 | durationMs=2 | usersMs=1 | catalogMs=1
recommendations request | id=e030fc57-fbf8-4397-9b81-916e63d6b7d0 | GET /recommendations/1 | status=200 | durationMs=2 | usersMs=0 | catalogMs=1
recommendations request | id=a403c351-7844-4ed8-8cd3-afc8b66dc6c7 | GET /recommendations/1 | status=200 | durationMs=2 | usersMs=1 | catalogMs=1
recommendations request | id=3abc0753-e69d-4650-8b85-c08ada7dec45 | GET /recommendations/1 | status=200 | durationMs=4 | usersMs=3 | catalogMs=3
recommendations request | id=a44f7f2f-91ed-4d83-b2f9-1cee81aeeee2 | GET /recommendations/1 | status=200 | durationMs=3 | usersMs=2 | catalogMs=1
recommendations request | id=89c76fca-0b88-4c1c-bfed-0f16319b4dee | GET /recommendations/1 | status=200 | durationMs=2 | usersMs=1 | catalogMs=2
recommendations request | id=df7b98f8-c5b6-4c8c-82d0-a8c8fd25ce54 | GET /recommendations/1 | status=200 | durationMs=3 | usersMs=2 | catalogMs=1
recommendations request | id=886e892f-ccf2-495a-b620-03b2f05a3b59 | GET /recommendations/1 | status=200 | durationMs=2 | usersMs=1 | catalogMs=1
recommendations request | id=181bed59-ca00-4efd-977a-3d12bd914037 | GET /recommendations/1 | status=200 | durationMs=2 | usersMs=1 | catalogMs=2
recommendations request | id=84532198-a30b-40a1-8e9b-0cabd744d5e1 | GET /recommendations/1 | status=200 | durationMs=3 | usersMs=2 | catalogMs=2
recommendations request | id=5e60b5f4-916b-4ed8-aa83-f8b35eb2b0e0 | GET /recommendations/1 | status=200 | durationMs=4 | usersMs=2 | catalogMs=3
recommendations request | id=9960f406-6c9b-4411-a074-2346689afb8c | GET /recommendations/1 | status=200 | durationMs=2 | usersMs=1 | catalogMs=1
recommendations request | id=db6036b9-7e8a-4b67-a290-9e8bac491526 | GET /recommendations/1 | status=200 | durationMs=2 | usersMs=1 | catalogMs=1
recommendations request | id=d9758a81-311a-4c16-a37a-4f88768e3d53 | GET /recommendations/1 | status=200 | durationMs=2 | usersMs=1 | catalogMs=2
recommendations request | id=15796db0-8990-445d-b720-c3a78c9cb6f0 | GET /recommendations/1 | status=200 | durationMs=1 | usersMs=0 | catalogMs=1
recommendations request | id=439eb786-c3ce-44cf-8b24-7db6cb0f09ce | GET /recommendations/1 | status=200 | durationMs=2 | usersMs=1 | catalogMs=1
recommendations request | id=d63cef57-8722-44fd-85b3-8c0d896a818d | GET /recommendations/1 | status=200 | durationMs=2 | usersMs=0 | catalogMs=1
recommendations request | id=18723e1d-b09e-4644-ad39-b9368b040534 | GET /recommendations/1 | status=200 | durationMs=1 | usersMs=1 | catalogMs=1
recommendations request | id=48ea8f26-1adf-476c-80f6-9398a236beb3 | GET /recommendations/1 | status=200 | durationMs=2 | usersMs=1 | catalogMs=2
recommendations request | id=1e356600-0f6b-46a5-a551-da4765ea454a | GET /recommendations/1 | status=200 | durationMs=3 | usersMs=2 | catalogMs=1
recommendations request | id=33fcf572-14d2-4760-b32d-5a15791692ee | GET /recommendations/1 | status=200 | durationMs=2 | usersMs=1 | catalogMs=1
recommendations request | id=52dc32ed-abc6-4cf8-80fe-44bab4e69100 | GET /recommendations/1 | status=200 | durationMs=4 | usersMs=2 | catalogMs=3
recommendations request | id=6541a7b2-0493-42cd-9f78-888b1252df74 | GET /recommendations/1 | status=200 | durationMs=2 | usersMs=1 | catalogMs=2
recommendations request | id=4b944555-0141-42dd-bec6-bc4bdbf1dd4e | GET /recommendations/1 | status=200 | durationMs=2 | usersMs=0 | catalogMs=1
recommendations request | id=1d85ad2d-d73d-4b28-b7e9-6123a36c6271 | GET /recommendations/1 | status=200 | durationMs=2 | usersMs=1 | catalogMs=2
recommendations request | id=bbfe6a8d-e83e-4973-8216-1ca78e50dd7e | GET /recommendations/1 | status=200 | durationMs=3 | usersMs=2 | catalogMs=1
recommendations request | id=0f821234-b389-4162-b43e-b6f858d1865f | GET /recommendations/1 | status=200 | durationMs=3 | usersMs=2 | catalogMs=1
recommendations request | id=9e94119c-1686-4b35-a8a5-4fd8b7dae7c5 | GET /recommendations/1 | status=200 | durationMs=3 | usersMs=1 | catalogMs=1
recommendations request | id=ea3308a2-9b6b-46ad-bcd6-749409e9eb10 | GET /recommendations/1 | status=200 | durationMs=3 | usersMs=2 | catalogMs=2
recommendations request | id=1f8e0358-6ed3-4bcd-8b04-b322ab2bdd09 | GET /recommendations/1 | status=200 | durationMs=1 | usersMs=1 | catalogMs=1
recommendations request | id=b8e958b1-53d7-4dd5-ae8c-4c925b6517aa | GET /recommendations/1 | status=200 | durationMs=2 | usersMs=1 | catalogMs=1
recommendations request | id=f589545a-c058-4f11-9074-f6f456fc6a78 | GET /recommendations/1 | status=200 | durationMs=1 | usersMs=0 | catalogMs=1
recommendations request | id=5e01db02-2eb0-4599-9d05-87ea2aebd454 | GET /recommendations/1 | status=200 | durationMs=2 | usersMs=1 | catalogMs=1
recommendations request | id=30c4146e-65ac-4c8c-8558-e58a1e4c0c28 | GET /recommendations/1 | status=200 | durationMs=2 | usersMs=1 | catalogMs=2
recommendations request | id=0371d275-2ee4-4905-ab9f-ba1a2843b26b | GET /recommendations/1 | status=200 | durationMs=3 | usersMs=2 | catalogMs=2
recommendations request | id=287110ff-3f9c-4f27-b3f4-4e9819075f94 | GET /recommendations/1 | status=200 | durationMs=2 | usersMs=1 | catalogMs=1
recommendations request | id=c5a69c3e-b93e-4859-babe-30afdd31ec6d | GET /recommendations/1 | status=200 | durationMs=3 | usersMs=2 | catalogMs=1
recommendations request | id=258e0cda-5139-4cc4-a5c7-a4ff20f25264 | GET /recommendations/1 | status=200 | durationMs=2 | usersMs=1 | catalogMs=2
recommendations request | id=ba2a7366-1d66-4e6c-bd6e-fc5b5199433d | GET /recommendations/1 | status=200 | durationMs=2 | usersMs=0 | catalogMs=2
recommendations request | id=85801481-3ea3-4291-baea-6198bc78095e | GET /recommendations/1 | status=200 | durationMs=2 | usersMs=0 | catalogMs=2
recommendations request | id=7bc9e52e-dbc5-47dd-b13e-f2d58cef15ce | GET /recommendations/1 | status=200 | durationMs=2 | usersMs=1 | catalogMs=2
recommendations request | id=02e8385f-9c8f-4e05-85e6-3a50bd34b446 | GET /recommendations/1 | status=200 | durationMs=2 | usersMs=1 | catalogMs=1
recommendations request | id=95cae2ea-1177-4c44-ab80-84d7938c3931 | GET /recommendations/1 | status=200 | durationMs=2 | usersMs=1 | catalogMs=1
recommendations request | id=db9bd39f-8834-43d5-af8a-c70ec46213f5 | GET /recommendations/1 | status=200 | durationMs=3 | usersMs=2 | catalogMs=1
recommendations request | id=23019205-8a79-444b-9b0c-f3566abfdeb6 | GET /recommendations/1 | status=200 | durationMs=2 | usersMs=1 | catalogMs=1
recommendations request | id=6345261b-2126-43e1-a015-e6ef351c98ee | GET /recommendations/1 | status=200 | durationMs=2 | usersMs=1 | catalogMs=1
recommendations request | id=6df76e7c-5bc0-41ff-97ee-9496d3955879 | GET /recommendations/1 | status=200 | durationMs=2 | usersMs=1 | catalogMs=1
recommendations request | id=9ce756f6-d764-437c-9134-6faddb88d788 | GET /recommendations/1 | status=200 | durationMs=2 | usersMs=1 | catalogMs=1
recommendations request | id=8159b175-8c0a-4c62-9283-4a67ef63d21d | GET /recommendations/1 | status=200 | durationMs=1 | usersMs=1 | catalogMs=1
recommendations request | id=bc662032-c39e-40f0-90dc-a8ecf6688e26 | GET /recommendations/1 | status=200 | durationMs=2 | usersMs=1 | catalogMs=2
recommendations request | id=d54e1cba-bfe1-421c-8980-7fdb5cdb9ffc | GET /recommendations/1 | status=200 | durationMs=2 | usersMs=1 | catalogMs=1
recommendations request | id=d2aa409b-f603-4c8a-b352-ed9a1b536c34 | GET /recommendations/1 | status=200 | durationMs=2 | usersMs=1 | catalogMs=2
recommendations request | id=c58700bb-ee11-46bf-a1ea-0f10ae774864 | GET /recommendations/1 | status=200 | durationMs=2 | usersMs=1 | catalogMs=1
recommendations request | id=53123f12-6020-405e-8e2a-6bcdb9a24d33 | GET /recommendations/1 | status=200 | durationMs=3 | usersMs=2 | catalogMs=1
recommendations request | id=a48896d5-01a3-4796-bc36-af581eab66a5 | GET /recommendations/1 | status=200 | durationMs=2 | usersMs=2 | catalogMs=2
recommendations request | id=88ea2df4-93a3-43fa-904e-75ba0832442e | GET /recommendations/1 | status=200 | durationMs=2 | usersMs=1 | catalogMs=2
recommendations request | id=c255e130-b2d9-465b-b201-480570ce93a1 | GET /recommendations/1 | status=200 | durationMs=2 | usersMs=1 | catalogMs=2
recommendations request | id=aaa3d2fa-d96a-4d33-9d75-922ac20b7092 | GET /recommendations/1 | status=200 | durationMs=1 | usersMs=1 | catalogMs=1
recommendations request | id=fca9ad80-8103-461c-8185-7982a02bece0 | GET /recommendations/1 | status=200 | durationMs=2 | usersMs=1 | catalogMs=1
recommendations request | id=79e52a0f-f0cb-40ee-830f-71d61f29b614 | GET /recommendations/1 | status=200 | durationMs=2 | usersMs=1 | catalogMs=1
recommendations request | id=0a2b74ff-a60e-4490-a188-e2273263f6a5 | GET /recommendations/1 | status=200 | durationMs=2 | usersMs=1 | catalogMs=2
recommendations request | id=e716afac-53d6-4b03-928d-bd44d721646f | GET /recommendations/1 | status=200 | durationMs=2 | usersMs=0 | catalogMs=1
recommendations request | id=da7bf917-16c7-4ac1-a22b-cbb1dce1c029 | GET /recommendations/1 | status=200 | durationMs=3 | usersMs=2 | catalogMs=1
recommendations request | id=8cd2a3b1-4c23-44b8-bceb-ae8cec2f7283 | GET /recommendations/1 | status=200 | durationMs=2 | usersMs=1 | catalogMs=1
recommendations request | id=bf7b930a-7489-4ad4-b252-3feca496135d | GET /recommendations/1 | status=200 | durationMs=4 | usersMs=1 | catalogMs=2
recommendations request | id=c58d7741-2170-4881-bc13-157e0dd1edb4 | GET /recommendations/1 | status=200 | durationMs=2 | usersMs=1 | catalogMs=1
recommendations request | id=87d00e75-5261-4e9f-afc9-12f730e9a9cf | GET /recommendations/1 | status=200 | durationMs=3 | usersMs=2 | catalogMs=3
recommendations request | id=345adf4f-fbf2-468a-b533-04fd76e5e867 | GET /recommendations/1 | status=200 | durationMs=2 | usersMs=1 | catalogMs=1
recommendations request | id=736ae98c-9e16-4dda-94f1-4a9576507efb | GET /recommendations/1 | status=200 | durationMs=3 | usersMs=2 | catalogMs=1
recommendations request | id=339ab48b-fa9c-4935-8756-7f4b9f98f249 | GET /recommendations/1 | status=200 | durationMs=2 | usersMs=1 | catalogMs=2
recommendations request | id=3e93fb85-c011-4deb-aedf-2e6da5600e46 | GET /recommendations/1 | status=200 | durationMs=2 | usersMs=1 | catalogMs=1
recommendations request | id=f576c9e6-dcc8-4a1d-aa89-42e881b4ed93 | GET /recommendations/1 | status=200 | durationMs=1 | usersMs=0 | catalogMs=1
recommendations request | id=7611c323-43e6-4bbb-b156-1122a9eb95f1 | GET /recommendations/1 | status=200 | durationMs=1 | usersMs=1 | catalogMs=1
recommendations request | id=b8d565d7-4f82-40d0-bbfe-3c9b08649d0e | GET /recommendations/1 | status=200 | durationMs=1 | usersMs=1 | catalogMs=1
recommendations request | id=098ee4e1-ee8b-4863-a171-0d5be970f02d | GET /recommendations/1 | status=200 | durationMs=2 | usersMs=1 | catalogMs=1
recommendations request | id=b3a32b35-5d0d-44af-9086-bd0dba2d9780 | GET /recommendations/1 | status=200 | durationMs=2 | usersMs=1 | catalogMs=1
recommendations request | id=ed7e87d0-46bb-4856-b019-bb0604be0c7e | GET /recommendations/1 | status=200 | durationMs=2 | usersMs=1 | catalogMs=2
recommendations request | id=da56c322-26d7-47f5-bab6-93f916767061 | GET /recommendations/1 | status=200 | durationMs=2 | usersMs=2 | catalogMs=1
recommendations request | id=82ba479f-bd4b-4593-9dce-44ab1771ee2c | GET /recommendations/1 | status=200 | durationMs=2 | usersMs=1 | catalogMs=1
recommendations request | id=5a6a290c-788c-4611-a7d9-76d6689f6783 | GET /recommendations/1 | status=200 | durationMs=2 | usersMs=1 | catalogMs=1
recommendations request | id=e4811cfd-8852-4fec-a5cc-36db39cf2bcb | GET /recommendations/1 | status=200 | durationMs=2 | usersMs=1 | catalogMs=1
recommendations request | id=bd9391be-3fbc-4e37-809a-bc3c5abd3603 | GET /recommendations/1 | status=200 | durationMs=1 | usersMs=0 | catalogMs=1
recommendations request | id=09e3a68a-9bf4-45a3-8d51-34ea50da431a | GET /recommendations/1 | status=200 | durationMs=2 | usersMs=1 | catalogMs=1
recommendations request | id=e81763f6-8a3c-4e15-86fd-729b0e2f8cb0 | GET /recommendations/1 | status=200 | durationMs=2 | usersMs=1 | catalogMs=1
recommendations request | id=ea1bca5a-0259-4d25-b7bc-664d5234c977 | GET /recommendations/1 | status=200 | durationMs=1 | usersMs=0 | catalogMs=1
recommendations request | id=a033598d-cfec-417e-aaba-5941a0f699f0 | GET /recommendations/1 | status=200 | durationMs=1 | usersMs=1 | catalogMs=1
recommendations request | id=07606a8c-d237-47f4-9d57-a0e5ced42dcc | GET /recommendations/1 | status=200 | durationMs=1 | usersMs=0 | catalogMs=1
recommendations request | id=9e8b2d6e-f186-43e0-b9a3-778b07cf004a | GET /recommendations/1 | status=200 | durationMs=1 | usersMs=1 | catalogMs=1
recommendations request | id=1fb693d5-4c54-4d7a-aa04-1b6196a3aa08 | GET /recommendations/1 | status=200 | durationMs=2 | usersMs=1 | catalogMs=1
recommendations request | id=5bbee4f0-3f93-4518-98c4-78d0e8101d2b | GET /recommendations/1 | status=200 | durationMs=2 | usersMs=1 | catalogMs=2
recommendations request | id=a8267789-9b9a-40dc-ae5d-28ad8141ef71 | GET /recommendations/1 | status=200 | durationMs=1 | usersMs=0 | catalogMs=1
recommendations request | id=d367b70e-d2bf-4549-889c-255587b895ab | GET /recommendations/1 | status=200 | durationMs=2 | usersMs=1 | catalogMs=2
recommendations request | id=8f3ff8f6-20e9-4085-b959-3fddc7532402 | GET /recommendations/1 | status=200 | durationMs=2 | usersMs=1 | catalogMs=2
recommendations request | id=fbf17fa1-be2a-48f8-9b7e-f9cb9c9dc8d3 | GET /recommendations/1 | status=200 | durationMs=2 | usersMs=1 | catalogMs=2
recommendations request | id=81e4b3d1-f1ea-4c9b-a45a-38334cdea207 | GET /recommendations/1 | status=200 | durationMs=3 | usersMs=2 | catalogMs=2
recommendations request | id=499d0609-ba2d-4a0a-a454-5c59949463b8 | GET /recommendations/1 | status=200 | durationMs=2 | usersMs=1 | catalogMs=2
recommendations request | id=e607db76-e67f-4fc9-8995-4d235d2f5642 | GET /recommendations/1 | status=200 | durationMs=3 | usersMs=2 | catalogMs=1
recommendations request | id=7836cc98-0f7c-4ac0-8b8b-96e474f58cec | GET /recommendations/1 | status=200 | durationMs=2 | usersMs=1 | catalogMs=1
recommendations request | id=bdf7233a-1997-4b9f-af69-5e1e5cd33c7b | GET /recommendations/1 | status=200 | durationMs=2 | usersMs=1 | catalogMs=2
recommendations request | id=94c445a1-3213-4342-861b-ddc50400fff0 | GET /recommendations/1 | status=200 | durationMs=3 | usersMs=1 | catalogMs=2
recommendations request | id=cd9eee5e-589c-410c-9f12-3ec74826007d | GET /recommendations/1 | status=200 | durationMs=3 | usersMs=2 | catalogMs=2
recommendations request | id=259900d2-3569-4385-8782-172b6d09c9c8 | GET /recommendations/1 | status=200 | durationMs=3 | usersMs=1 | catalogMs=3
recommendations request | id=62566de2-70b7-414b-bf1f-53dba354276f | GET /recommendations/1 | status=200 | durationMs=2 | usersMs=1 | catalogMs=2
recommendations request | id=af452dbd-fe5e-4449-a402-ed192a292556 | GET /recommendations/1 | status=200 | durationMs=2 | usersMs=1 | catalogMs=2
recommendations request | id=942438a2-2aed-4945-b87f-5920f5e2ad7a | GET /recommendations/1 | status=200 | durationMs=2 | usersMs=1 | catalogMs=1
recommendations request | id=e6e1d4e9-039a-4f64-8bbb-8e1219e8cf62 | GET /recommendations/1 | status=200 | durationMs=2 | usersMs=1 | catalogMs=1
recommendations request | id=6e3022b4-bbac-42e1-9276-3670f59162c2 | GET /recommendations/1 | status=200 | durationMs=2 | usersMs=1 | catalogMs=1
recommendations request | id=a1762301-031d-4600-b8ee-e622bbd68c13 | GET /recommendations/1 | status=200 | durationMs=2 | usersMs=1 | catalogMs=2
recommendations request | id=e56fb2c4-94f7-44e4-8fb7-df2fa4b595e4 | GET /recommendations/1 | status=200 | durationMs=2 | usersMs=1 | catalogMs=1
recommendations request | id=97c530f8-fff6-4d31-9983-96cb1e141fa4 | GET /recommendations/1 | status=200 | durationMs=2 | usersMs=1 | catalogMs=0
recommendations request | id=d84e01c9-908f-4967-9727-ee8d70df49df | GET /recommendations/1 | status=200 | durationMs=1 | usersMs=0 | catalogMs=1
recommendations request | id=d7c452fa-0d85-4bdb-b39d-3f44263e3a52 | GET /recommendations/1 | status=200 | durationMs=4 | usersMs=3 | catalogMs=3
recommendations request | id=9aed85ac-e92f-484e-8ff0-499c3db4cd82 | GET /recommendations/1 | status=200 | durationMs=2 | usersMs=1 | catalogMs=1
recommendations request | id=059ce4f1-1e64-4943-80c7-a6f59e067a41 | GET /recommendations/1 | status=200 | durationMs=2 | usersMs=0 | catalogMs=1
recommendations request | id=f3d7d57e-6f18-422f-8540-7e5184cd5c91 | GET /recommendations/1 | status=200 | durationMs=2 | usersMs=1 | catalogMs=2
recommendations request | id=4476c895-966d-455f-a5da-4e53a001137f | GET /recommendations/1 | status=200 | durationMs=3 | usersMs=1 | catalogMs=2
recommendations request | id=e44f4ce6-8991-4190-adca-84e2e46a0f8b | GET /recommendations/1 | status=200 | durationMs=2 | usersMs=1 | catalogMs=2
recommendations request | id=4b861c72-1daa-4560-a5a0-ce447fa3a7fc | GET /recommendations/1 | status=200 | durationMs=2 | usersMs=1 | catalogMs=1
recommendations request | id=b622b761-591d-40ff-9072-363bf7aea600 | GET /recommendations/1 | status=200 | durationMs=1 | usersMs=1 | catalogMs=1
recommendations request | id=23fc25d1-db38-4a16-8ebd-85358a4bac46 | GET /recommendations/1 | status=200 | durationMs=2 | usersMs=1 | catalogMs=1
recommendations request | id=49c6f8d0-cce5-495e-91bf-89efb689235d | GET /recommendations/1 | status=200 | durationMs=2 | usersMs=1 | catalogMs=2
recommendations request | id=ce0a627e-32ad-477d-8802-9b607fadb804 | GET /recommendations/1 | status=200 | durationMs=2 | usersMs=1 | catalogMs=2
recommendations request | id=876219a0-d540-4b7b-9b8f-f5942f5865c3 | GET /recommendations/1 | status=200 | durationMs=2 | usersMs=1 | catalogMs=1
recommendations request | id=4a8c0e08-65ff-4386-9806-c8d82c6da2cc | GET /recommendations/1 | status=200 | durationMs=2 | usersMs=1 | catalogMs=2
recommendations request | id=b3643c8c-9b95-46b8-8bab-fe4767f3dd29 | GET /recommendations/1 | status=200 | durationMs=3 | usersMs=1 | catalogMs=2
recommendations request | id=0afd2818-4240-43fe-ad9d-cfda0906b064 | GET /recommendations/1 | status=200 | durationMs=3 | usersMs=2 | catalogMs=1
recommendations request | id=d9e837a9-31cf-4e4e-8bdf-904c38046739 | GET /recommendations/1 | status=200 | durationMs=2 | usersMs=1 | catalogMs=2
recommendations request | id=0772fc3b-824a-41de-82d4-01bfc131119f | GET /recommendations/1 | status=200 | durationMs=3 | usersMs=1 | catalogMs=2
recommendations request | id=11e88790-59de-4203-a2cf-9061f1634bcf | GET /recommendations/1 | status=200 | durationMs=3 | usersMs=1 | catalogMs=2
recommendations request | id=0a13a293-3558-4a75-a84e-ca80fd3d75e5 | GET /recommendations/1 | status=200 | durationMs=1 | usersMs=1 | catalogMs=1
recommendations request | id=4588134e-15cb-4356-98d7-586aac57db25 | GET /recommendations/1 | status=200 | durationMs=3 | usersMs=1 | catalogMs=2
recommendations request | id=abdb31dd-1f23-4b7d-a91b-99eb11ff50cd | GET /recommendations/1 | status=200 | durationMs=3 | usersMs=1 | catalogMs=2
recommendations request | id=9f4b289d-b115-496c-953f-9f0ed86dd91b | GET /recommendations/1 | status=200 | durationMs=2 | usersMs=1 | catalogMs=2
recommendations request | id=63997ede-bc76-4757-9e54-40496f6c6d0b | GET /recommendations/1 | status=200 | durationMs=1 | usersMs=0 | catalogMs=0
recommendations request | id=c4dba974-66ca-418f-aa84-a10834454a33 | GET /recommendations/1 | status=200 | durationMs=3 | usersMs=1 | catalogMs=2
recommendations request | id=ce6e2b3c-2708-4a79-a399-6c8e095fbdf7 | GET /recommendations/1 | status=200 | durationMs=3 | usersMs=2 | catalogMs=1
recommendations request | id=37446458-6c7b-4c7e-82ec-18bf18451469 | GET /recommendations/1 | status=200 | durationMs=2 | usersMs=1 | catalogMs=2
recommendations request | id=d4dca353-098c-4cb5-b4ec-dff340aadd31 | GET /recommendations/1 | status=200 | durationMs=2 | usersMs=2 | catalogMs=1
recommendations request | id=8c34538a-8911-4c8d-8500-c8ec85a24f7b | GET /recommendations/1 | status=200 | durationMs=2 | usersMs=1 | catalogMs=1
recommendations request | id=5a2cec6f-157b-4625-8baf-26f11343bbf8 | GET /recommendations/1 | status=200 | durationMs=3 | usersMs=2 | catalogMs=1
recommendations request | id=1d89dd12-3055-41c8-a37e-12d1e373679a | GET /recommendations/1 | status=200 | durationMs=2 | usersMs=2 | catalogMs=1
recommendations request | id=5a973413-b734-4a4f-831b-8862f7f3b71e | GET /recommendations/1 | status=200 | durationMs=4 | usersMs=3 | catalogMs=2
recommendations request | id=ff533b56-545b-4ba6-9060-ed64b7306f81 | GET /recommendations/1 | status=200 | durationMs=4 | usersMs=3 | catalogMs=4
recommendations request | id=b63fd57b-e6e0-4ba5-941d-560603ec4860 | GET /recommendations/1 | status=200 | durationMs=4 | usersMs=2 | catalogMs=4
recommendations request | id=4a47681a-6ba0-4a3f-944d-6aa90376378f | GET /recommendations/1 | status=200 | durationMs=2 | usersMs=0 | catalogMs=1
recommendations request | id=80f88444-803d-4c6f-a012-ef7031cb3ad8 | GET /recommendations/1 | status=200 | durationMs=3 | usersMs=1 | catalogMs=2
recommendations request | id=3b4de5fa-b6ad-47c5-81ca-4786456449ca | GET /recommendations/1 | status=200 | durationMs=3 | usersMs=2 | catalogMs=2
recommendations request | id=efe5bfab-6464-4cf3-931d-745eb7363fb4 | GET /recommendations/1 | status=200 | durationMs=2 | usersMs=1 | catalogMs=1
recommendations request | id=ecd04fff-28e7-4add-83be-d7848398a664 | GET /recommendations/1 | status=200 | durationMs=2 | usersMs=1 | catalogMs=1
recommendations request | id=f13a453e-9944-4173-9f82-b056138be532 | GET /recommendations/1 | status=200 | durationMs=3 | usersMs=1 | catalogMs=2
recommendations request | id=5d048a3b-efa4-4682-80c9-4bf576a06b00 | GET /recommendations/1 | status=200 | durationMs=2 | usersMs=1 | catalogMs=2
recommendations request | id=70a98b15-d4e1-48e2-a0fa-0fadbee0a5fc | GET /recommendations/1 | status=200 | durationMs=3 | usersMs=1 | catalogMs=2
recommendations request | id=27bd0e4d-fc2a-4870-aef4-cf1655f820ed | GET /recommendations/1 | status=200 | durationMs=2 | usersMs=1 | catalogMs=1
recommendations request | id=a24eebed-6613-4878-973f-7672a6ebd0c6 | GET /recommendations/1 | status=200 | durationMs=2 | usersMs=1 | catalogMs=1
recommendations request | id=170e2d6f-d96a-465f-aecc-c6b47be59f23 | GET /recommendations/1 | status=200 | durationMs=3 | usersMs=2 | catalogMs=1
recommendations request | id=3968fd17-093e-4b61-88d8-6237b0c47050 | GET /recommendations/1 | status=200 | durationMs=2 | usersMs=1 | catalogMs=1
recommendations request | id=6edd9584-ba7b-43b1-83a7-9aa136521822 | GET /recommendations/1 | status=200 | durationMs=2 | usersMs=1 | catalogMs=2
recommendations request | id=cc612ff5-558b-48ec-8f6a-e5995caffdf0 | GET /recommendations/1 | status=200 | durationMs=3 | usersMs=1 | catalogMs=3
recommendations request | id=f8be4282-9b2d-4ed1-bda1-ba88717e74f1 | GET /recommendations/1 | status=200 | durationMs=3 | usersMs=0 | catalogMs=2
recommendations request | id=51354bd7-cf8e-47e6-9ad5-d8a343289c99 | GET /recommendations/1 | status=200 | durationMs=2 | usersMs=2 | catalogMs=1
recommendations request | id=7b713639-97a2-4fe5-a1db-42a1dca8337e | GET /recommendations/1 | status=200 | durationMs=2 | usersMs=1 | catalogMs=2
recommendations request | id=53821adf-7fe7-4749-8169-85a417e9e6dd | GET /recommendations/1 | status=200 | durationMs=2 | usersMs=1 | catalogMs=2
recommendations request | id=4240bccd-eab0-407b-96a6-db92c3091aed | GET /recommendations/1 | status=200 | durationMs=2 | usersMs=1 | catalogMs=2
recommendations request | id=0f60dc7e-d9d5-486e-9ae6-51b0291c4073 | GET /recommendations/1 | status=200 | durationMs=2 | usersMs=1 | catalogMs=2
recommendations request | id=a9c7e852-28ad-4f20-be29-031a8ea1fda4 | GET /recommendations/1 | status=200 | durationMs=3 | usersMs=2 | catalogMs=1
recommendations request | id=78426190-f735-47ce-b058-432c2cdce3e9 | GET /recommendations/1 | status=200 | durationMs=1 | usersMs=1 | catalogMs=1
recommendations request | id=bc33b936-1cef-43d6-bd9d-58c9a08cab32 | GET /recommendations/1 | status=200 | durationMs=5 | usersMs=2 | catalogMs=5
recommendations request | id=4c5a3d1d-f32f-4e2d-895f-3abf6390b553 | GET /recommendations/1 | status=200 | durationMs=2 | usersMs=1 | catalogMs=1
recommendations request | id=6bc13d7d-a372-4087-8f2d-729a8606d07a | GET /recommendations/1 | status=200 | durationMs=2 | usersMs=1 | catalogMs=1
recommendations request | id=c223c7e7-f926-4bd1-a070-87dce1943231 | GET /recommendations/1 | status=200 | durationMs=3 | usersMs=1 | catalogMs=2
recommendations request | id=bc1d56b5-9611-4295-bed4-4e3320e57889 | GET /recommendations/1 | status=200 | durationMs=2 | usersMs=1 | catalogMs=1
recommendations request | id=5c56a3b8-912d-4a36-b714-c0602566e164 | GET /recommendations/1 | status=200 | durationMs=2 | usersMs=2 | catalogMs=2
recommendations request | id=201e7b44-0ea8-4ef5-8dd8-61f1e8defc29 | GET /recommendations/1 | status=200 | durationMs=2 | usersMs=1 | catalogMs=2
recommendations request | id=9794b88c-9e45-4cdb-9328-034f1e5decdd | GET /recommendations/1 | status=200 | durationMs=2 | usersMs=2 | catalogMs=2
recommendations request | id=cfb57905-505e-44ea-a871-ede3c77c3fbe | GET /recommendations/1 | status=200 | durationMs=4 | usersMs=3 | catalogMs=3
recommendations request | id=ce2ddf5c-0d55-4526-a52b-b4171589b266 | GET /recommendations/1 | status=200 | durationMs=1 | usersMs=1 | catalogMs=1
recommendations request | id=f0a39b1e-abe3-4a6e-a9ac-4f3e15427820 | GET /recommendations/1 | status=200 | durationMs=2 | usersMs=1 | catalogMs=2
recommendations request | id=0f8c9ca7-bdad-4c16-8fe9-68b1b7d7d4fe | GET /recommendations/1 | status=200 | durationMs=1 | usersMs=1 | catalogMs=1
recommendations request | id=12b42db8-3c38-40f1-a733-4bd9809e1ecf | GET /recommendations/1 | status=200 | durationMs=2 | usersMs=1 | catalogMs=1
recommendations request | id=ecc1c6cc-d689-4ed9-9e2f-dd374d596909 | GET /recommendations/1 | status=200 | durationMs=3 | usersMs=2 | catalogMs=1
recommendations request | id=9554d821-d69d-4283-97a7-562b27e3b77a | GET /recommendations/1 | status=200 | durationMs=1 | usersMs=0 | catalogMs=1
recommendations request | id=86021b94-f258-4ee0-96a1-d15b79b20a97 | GET /recommendations/1 | status=200 | durationMs=2 | usersMs=1 | catalogMs=1
recommendations request | id=364a8c02-cc82-49d8-87a1-6edd0d79b829 | GET /recommendations/1 | status=200 | durationMs=2 | usersMs=1 | catalogMs=1
recommendations request | id=28f3c1d7-5690-4968-bc60-9461a38799c4 | GET /recommendations/1 | status=200 | durationMs=2 | usersMs=1 | catalogMs=1
recommendations request | id=755f670d-9a85-452e-b98d-4e7d2c46feca | GET /recommendations/1 | status=200 | durationMs=4 | usersMs=3 | catalogMs=3
recommendations request | id=e37f9028-e554-4247-b4fb-7913cb019939 | GET /recommendations/1 | status=200 | durationMs=3 | usersMs=2 | catalogMs=1
recommendations request | id=af2e782b-b865-4176-bfa5-7a666c6b745b | GET /recommendations/1 | status=200 | durationMs=4 | usersMs=1 | catalogMs=4
recommendations request | id=f439a6b6-7ba4-4145-a8f8-cd1f08bea77b | GET /recommendations/1 | status=200 | durationMs=5 | usersMs=1 | catalogMs=4
recommendations request | id=9129f82d-0dad-42c7-9666-76c728cc9b1b | GET /recommendations/1 | status=200 | durationMs=4 | usersMs=2 | catalogMs=3
recommendations request | id=45a3177e-6f38-4f31-b93b-98f4609716db | GET /recommendations/1 | status=200 | durationMs=4 | usersMs=1 | catalogMs=3
recommendations request | id=b66d517c-d461-4139-b6bb-a70d8283782f | GET /recommendations/1 | status=200 | durationMs=4 | usersMs=2 | catalogMs=3
recommendations request | id=68f16c13-fce1-46b0-a799-e196dc2ee543 | GET /recommendations/1 | status=200 | durationMs=3 | usersMs=2 | catalogMs=3
recommendations request | id=4fa24c30-df98-4542-94ac-669384e0a664 | GET /recommendations/1 | status=200 | durationMs=4 | usersMs=2 | catalogMs=2
recommendations request | id=f6f040a4-7e93-4ba4-a6e8-29f4fab3811b | GET /recommendations/1 | status=200 | durationMs=1 | usersMs=1 | catalogMs=1
recommendations request | id=9c14db79-aae0-43bb-88b0-eed31c5f6e39 | GET /recommendations/1 | status=200 | durationMs=3 | usersMs=2 | catalogMs=1
recommendations request | id=e210a989-bf48-4bd9-b7c4-076119c3e9eb | GET /recommendations/1 | status=200 | durationMs=3 | usersMs=2 | catalogMs=2
recommendations request | id=3a9d2547-c10b-45ce-8d9a-e6531afa37d8 | GET /recommendations/1 | status=200 | durationMs=2 | usersMs=2 | catalogMs=2
recommendations request | id=b466233b-cd13-499b-9efe-50573b9eac98 | GET /recommendations/1 | status=200 | durationMs=3 | usersMs=1 | catalogMs=2
recommendations request | id=88363d1e-aa6f-4466-a315-97fe415819de | GET /recommendations/1 | status=200 | durationMs=2 | usersMs=1 | catalogMs=2
recommendations request | id=d0e5a2ba-18da-4482-9d05-c9c8cc44b8c4 | GET /recommendations/1 | status=200 | durationMs=3 | usersMs=2 | catalogMs=3
recommendations request | id=ef34bc81-54a4-42b4-b890-0634bc403539 | GET /recommendations/1 | status=200 | durationMs=2 | usersMs=1 | catalogMs=2
recommendations request | id=2dabaa8f-b2f6-491f-b621-8d4e9a6ff3a2 | GET /recommendations/1 | status=200 | durationMs=2 | usersMs=1 | catalogMs=2
recommendations request | id=ffd58c36-37b0-4d0e-bbba-591a8064dde5 | GET /recommendations/1 | status=200 | durationMs=2 | usersMs=1 | catalogMs=2
recommendations request | id=c46deb8e-3613-46b0-98a8-9398d47be41a | GET /recommendations/1 | status=200 | durationMs=2 | usersMs=0 | catalogMs=2
recommendations request | id=5ee1abd2-575a-4a82-8e10-b9c4f26b985a | GET /recommendations/1 | status=200 | durationMs=2 | usersMs=1 | catalogMs=2
recommendations request | id=168a02f9-4fc5-4c77-af53-c0076589403a | GET /recommendations/1 | status=200 | durationMs=4 | usersMs=2 | catalogMs=2
recommendations request | id=f8afd002-3396-4b62-ab7a-556bfc45eec2 | GET /recommendations/1 | status=200 | durationMs=4 | usersMs=1 | catalogMs=3
recommendations request | id=5a20b111-f46d-42c9-8419-d0a9f96883eb | GET /recommendations/1 | status=200 | durationMs=3 | usersMs=2 | catalogMs=1
recommendations request | id=a764ec70-f85d-4b59-8c57-a90cef0f992b | GET /recommendations/1 | status=200 | durationMs=2 | usersMs=1 | catalogMs=1
recommendations request | id=c2c60cd5-f4cc-4fd9-bae4-4ae6e9c63e91 | GET /recommendations/1 | status=200 | durationMs=3 | usersMs=2 | catalogMs=3
recommendations request | id=1cf768e1-75d5-409e-aa9f-ac968715f458 | GET /recommendations/1 | status=200 | durationMs=2 | usersMs=1 | catalogMs=1
recommendations request | id=ba241f24-333d-4420-91f2-2f045b9ec0be | GET /recommendations/1 | status=200 | durationMs=2 | usersMs=2 | catalogMs=2
recommendations request | id=b86708ac-2db3-41ff-873d-f9a4cc4788bb | GET /recommendations/1 | status=200 | durationMs=2 | usersMs=1 | catalogMs=2
recommendations request | id=32bb6bc7-bae5-41b3-9701-9319b3323962 | GET /recommendations/1 | status=200 | durationMs=2 | usersMs=1 | catalogMs=1
recommendations request | id=eef1f943-7639-432d-8b70-fba7230b74e5 | GET /recommendations/1 | status=200 | durationMs=3 | usersMs=2 | catalogMs=2
recommendations request | id=2881f502-cb35-4dd3-b4f5-d49b168fac51 | GET /recommendations/1 | status=200 | durationMs=1 | usersMs=1 | catalogMs=1
recommendations request | id=879fe9c1-7d67-4e18-af57-dcd5749fbb8b | GET /recommendations/1 | status=200 | durationMs=2 | usersMs=1 | catalogMs=2
recommendations request | id=c2b7c96f-abaa-4f51-94ce-c1f8bbc96943 | GET /recommendations/1 | status=200 | durationMs=2 | usersMs=1 | catalogMs=2
recommendations request | id=0da98035-d88e-46d1-b8e1-6b3498cebb36 | GET /recommendations/1 | status=200 | durationMs=2 | usersMs=1 | catalogMs=2
recommendations request | id=1ca99138-b016-4665-81ea-4ee2e14527d3 | GET /recommendations/1 | status=200 | durationMs=3 | usersMs=1 | catalogMs=2
recommendations request | id=39275ef9-0060-46ad-a20c-7444e1020d9f | GET /recommendations/1 | status=200 | durationMs=4 | usersMs=1 | catalogMs=2
recommendations request | id=3a6c249f-f814-4655-9b50-551a24adad47 | GET /recommendations/1 | status=200 | durationMs=4 | usersMs=2 | catalogMs=4
recommendations request | id=d0501dd5-b6a8-47d2-be90-fd415a8f0627 | GET /recommendations/1 | status=200 | durationMs=2 | usersMs=1 | catalogMs=2
recommendations request | id=d62b4afe-1a99-4075-afad-3344e14429f0 | GET /recommendations/1 | status=200 | durationMs=2 | usersMs=1 | catalogMs=1
recommendations request | id=7ba59f8e-cfc7-4915-b5db-bc4ec2364932 | GET /recommendations/1 | status=200 | durationMs=4 | usersMs=2 | catalogMs=2
recommendations request | id=4eddcc7e-8882-443a-9bd0-c69b28771528 | GET /recommendations/1 | status=200 | durationMs=2 | usersMs=1 | catalogMs=1
recommendations request | id=29368561-7588-461f-b523-14104b5726d3 | GET /recommendations/1 | status=200 | durationMs=2 | usersMs=1 | catalogMs=2
recommendations request | id=cd832dc4-5f93-4f8e-b433-31a19b73be6d | GET /recommendations/1 | status=200 | durationMs=3 | usersMs=2 | catalogMs=1
recommendations request | id=cd253619-b894-4845-b880-2456b97d6ba4 | GET /recommendations/1 | status=200 | durationMs=3 | usersMs=2 | catalogMs=2
recommendations request | id=00a7d259-6232-44a9-971e-cd82a72b18b1 | GET /recommendations/1 | status=200 | durationMs=3 | usersMs=1 | catalogMs=2
recommendations request | id=b0f0176a-cfe9-481e-bc36-58c2c704b63a | GET /recommendations/1 | status=200 | durationMs=3 | usersMs=2 | catalogMs=2
recommendations request | id=64347fc2-2e8b-43e4-aae5-9eae35c397b6 | GET /recommendations/1 | status=200 | durationMs=2 | usersMs=1 | catalogMs=1
recommendations request | id=434ebd28-b1ab-471f-82a4-c66b9147b234 | GET /recommendations/1 | status=200 | durationMs=2 | usersMs=1 | catalogMs=2
recommendations request | id=1f17a643-bc7b-4e6b-9869-520569eaec0a | GET /recommendations/1 | status=200 | durationMs=2 | usersMs=0 | catalogMs=2
recommendations request | id=2ad4b7f9-6e26-412b-bc96-6a60f96da922 | GET /recommendations/1 | status=200 | durationMs=2 | usersMs=1 | catalogMs=2
recommendations request | id=91feb850-e1a7-410c-bfaa-3b7b5a6fd4eb | GET /recommendations/1 | status=200 | durationMs=2 | usersMs=1 | catalogMs=0
recommendations request | id=3c914569-a7c9-4a4f-aa8f-dc7d4755b9bf | GET /recommendations/1 | status=200 | durationMs=1 | usersMs=0 | catalogMs=1
recommendations request | id=8d057ffd-7b0d-46c8-84df-28bd2338891f | GET /recommendations/1 | status=200 | durationMs=1 | usersMs=1 | catalogMs=1
recommendations request | id=0cc606b2-5eb4-4e5f-9402-92f089a80478 | GET /recommendations/1 | status=200 | durationMs=1 | usersMs=0 | catalogMs=0
recommendations request | id=6df2845c-d93c-432b-b61d-21aa9753eebe | GET /recommendations/1 | status=200 | durationMs=1 | usersMs=0 | catalogMs=1
recommendations request | id=46d685bb-a559-47cb-8ebb-4fd48b727000 | GET /recommendations/1 | status=200 | durationMs=1 | usersMs=1 | catalogMs=1
recommendations request | id=91451ce2-9ce9-4856-b88d-63fb67d920b2 | GET /recommendations/1 | status=200 | durationMs=2 | usersMs=1 | catalogMs=2
recommendations request | id=1730c392-5c02-4d95-a9d1-ac6fc41ba373 | GET /recommendations/1 | status=200 | durationMs=2 | usersMs=1 | catalogMs=1
recommendations request | id=c4b2b7d0-093f-491a-88e0-a0a3ca88781b | GET /recommendations/1 | status=200 | durationMs=2 | usersMs=1 | catalogMs=2
recommendations request | id=c96920d4-6d5a-480d-92fd-44deada76f4f | GET /recommendations/1 | status=200 | durationMs=3 | usersMs=2 | catalogMs=1
recommendations request | id=5a662a03-ec48-41a2-8a9d-cb6c3f55c5aa | GET /recommendations/1 | status=200 | durationMs=2 | usersMs=1 | catalogMs=1
recommendations request | id=5458884d-20d5-4e37-9b14-b8240a9757aa | GET /recommendations/1 | status=200 | durationMs=3 | usersMs=2 | catalogMs=2
recommendations request | id=0bb3051c-b179-443b-a0e8-c1ac17f9e2ff | GET /recommendations/1 | status=200 | durationMs=3 | usersMs=2 | catalogMs=3
recommendations request | id=13165d83-b189-436c-8ea9-0f203fb83dc0 | GET /recommendations/1 | status=200 | durationMs=3 | usersMs=1 | catalogMs=3
recommendations request | id=165b63ce-7c77-4e52-bab1-14448747f4f1 | GET /recommendations/1 | status=200 | durationMs=2 | usersMs=2 | catalogMs=2
recommendations request | id=5222b692-6208-4e04-825e-f0570b8296a1 | GET /recommendations/1 | status=200 | durationMs=6 | usersMs=3 | catalogMs=4
recommendations request | id=f3e9f574-5ac2-4521-a8f9-eac4ebfb482f | GET /recommendations/1 | status=200 | durationMs=7 | usersMs=2 | catalogMs=6
recommendations request | id=ab9df0f0-287a-481e-9054-39e6dfb3f40d | GET /recommendations/1 | status=200 | durationMs=4 | usersMs=2 | catalogMs=3
recommendations request | id=6b9f9bb4-97b6-43cb-b630-929559c93279 | GET /recommendations/1 | status=200 | durationMs=2 | usersMs=1 | catalogMs=1
recommendations request | id=9c1c7a23-1ab4-4cc6-8055-40da33be54d6 | GET /recommendations/1 | status=200 | durationMs=3 | usersMs=2 | catalogMs=2
recommendations request | id=9b72215f-8fc9-41f5-8192-b5da96de6dca | GET /recommendations/1 | status=200 | durationMs=2 | usersMs=1 | catalogMs=2
recommendations request | id=97599d35-c449-44b9-9536-7158f18b7b63 | GET /recommendations/1 | status=200 | durationMs=2 | usersMs=1 | catalogMs=1
recommendations request | id=f5026642-3bcc-4367-9409-f9cd203227bb | GET /recommendations/1 | status=200 | durationMs=2 | usersMs=1 | catalogMs=1
recommendations request | id=96c50bfb-cfe3-4d22-b3a4-0f4285d5fe62 | GET /recommendations/1 | status=200 | durationMs=2 | usersMs=1 | catalogMs=1
recommendations request | id=fe312f6c-afcc-4444-a57d-edd33d8eb1e1 | GET /recommendations/1 | status=200 | durationMs=4 | usersMs=2 | catalogMs=3
recommendations request | id=00219ec0-9440-4e21-9b8a-cbef355180fa | GET /recommendations/1 | status=200 | durationMs=3 | usersMs=2 | catalogMs=1
recommendations request | id=a4f59ce5-0642-4f4c-8708-cc57402b6266 | GET /recommendations/1 | status=200 | durationMs=3 | usersMs=2 | catalogMs=1
recommendations request | id=fb3a115b-684b-49ed-afce-38a3b7e50212 | GET /recommendations/1 | status=200 | durationMs=3 | usersMs=1 | catalogMs=3
recommendations request | id=bdf6e470-8153-4764-b9b9-7ca66e5f6f2d | GET /recommendations/1 | status=200 | durationMs=4 | usersMs=3 | catalogMs=3
recommendations request | id=4cc9aad4-a58e-4ea7-ac03-0ee0f8d4710f | GET /recommendations/1 | status=200 | durationMs=4 | usersMs=4 | catalogMs=4
recommendations request | id=f62eaea6-35dc-43ce-81a4-a0235f205903 | GET /recommendations/1 | status=200 | durationMs=3 | usersMs=2 | catalogMs=1
recommendations request | id=53da5039-34e4-41f4-a50f-263ae0186148 | GET /recommendations/1 | status=200 | durationMs=3 | usersMs=1 | catalogMs=2
recommendations request | id=e01bc476-ece6-4038-8e38-79dea07d477a | GET /recommendations/1 | status=200 | durationMs=2 | usersMs=1 | catalogMs=2
recommendations request | id=8d3bf76d-189f-4d70-99b9-958722c670f3 | GET /recommendations/1 | status=200 | durationMs=2 | usersMs=1 | catalogMs=1
recommendations request | id=8045f951-91cb-46a6-bedd-d8dc0a812f46 | GET /recommendations/1 | status=200 | durationMs=4 | usersMs=2 | catalogMs=2
recommendations request | id=114b1e27-18db-4dfc-a5f7-feac983e87a8 | GET /recommendations/1 | status=200 | durationMs=2 | usersMs=1 | catalogMs=1
recommendations request | id=b4e4f01b-2e86-4a3b-beaa-74c81ecfb050 | GET /recommendations/1 | status=200 | durationMs=2 | usersMs=1 | catalogMs=1
recommendations request | id=57cf04b0-b751-4c5e-9150-f1f29e95b609 | GET /recommendations/1 | status=200 | durationMs=3 | usersMs=2 | catalogMs=1
recommendations request | id=dfb6e18f-56f7-43e7-b11f-868c676f95d5 | GET /recommendations/1 | status=200 | durationMs=3 | usersMs=2 | catalogMs=3
recommendations request | id=3bf9081a-af63-46e5-8a7a-09e586787997 | GET /recommendations/1 | status=200 | durationMs=1 | usersMs=1 | catalogMs=1
recommendations request | id=5db8031a-6628-448b-8e9c-9dc70264fe56 | GET /recommendations/1 | status=200 | durationMs=2 | usersMs=1 | catalogMs=2
recommendations request | id=ceb3dfbf-0114-4801-beee-0b6b96b269a1 | GET /recommendations/1 | status=200 | durationMs=2 | usersMs=1 | catalogMs=1
recommendations request | id=ef23b35f-90b0-42aa-9923-f2f88332c9d7 | GET /recommendations/1 | status=200 | durationMs=1 | usersMs=1 | catalogMs=1
recommendations request | id=978671fd-34a4-40c9-9f84-d78b2083c9a4 | GET /recommendations/1 | status=200 | durationMs=2 | usersMs=1 | catalogMs=2
recommendations request | id=78a2318d-4847-465d-802c-2730552356cc | GET /recommendations/1 | status=200 | durationMs=2 | usersMs=2 | catalogMs=2
recommendations request | id=227db9fb-9bdc-4dde-8138-b452029050d7 | GET /recommendations/1 | status=200 | durationMs=4 | usersMs=2 | catalogMs=2
recommendations request | id=94215f17-eff7-4edc-9402-1e6983e27143 | GET /recommendations/1 | status=200 | durationMs=3 | usersMs=2 | catalogMs=3
recommendations request | id=fbed408f-22ed-4c91-81cb-bb3eb2ef02c7 | GET /recommendations/1 | status=200 | durationMs=2 | usersMs=1 | catalogMs=1
recommendations request | id=3666865e-16ff-47f7-abe6-2af00a2f6ebb | GET /recommendations/1 | status=200 | durationMs=2 | usersMs=1 | catalogMs=1
recommendations request | id=d0e607f6-0435-41d9-9a40-55d39b722137 | GET /recommendations/1 | status=200 | durationMs=2 | usersMs=1 | catalogMs=1
recommendations request | id=6bd23b75-7735-4fde-9375-5018572156c7 | GET /recommendations/1 | status=200 | durationMs=2 | usersMs=1 | catalogMs=1
recommendations request | id=efcb3c02-e4a2-4a92-80b2-9df792d1f2c0 | GET /recommendations/1 | status=200 | durationMs=2 | usersMs=0 | catalogMs=1
recommendations request | id=2874415a-603b-466c-b4a4-e447bf9d9cbc | GET /recommendations/1 | status=200 | durationMs=7 | usersMs=2 | catalogMs=5
recommendations request | id=d1e5424a-5815-4f56-8315-abf6900cb5d3 | GET /recommendations/1 | status=200 | durationMs=2 | usersMs=0 | catalogMs=1
recommendations request | id=2a37c071-a0d9-4141-84e6-93ab72ced07b | GET /recommendations/1 | status=200 | durationMs=2 | usersMs=1 | catalogMs=0
recommendations request | id=426a4f87-4e55-4df4-8dad-d24afaff0935 | GET /recommendations/1 | status=200 | durationMs=1 | usersMs=0 | catalogMs=1
recommendations request | id=9763bef3-dfe5-49a4-b9dc-f8446e0e70e8 | GET /recommendations/1 | status=200 | durationMs=2 | usersMs=1 | catalogMs=1
recommendations request | id=c30ede43-bb6d-4d5b-8f94-a3477cfee612 | GET /recommendations/1 | status=200 | durationMs=2 | usersMs=1 | catalogMs=2
recommendations request | id=256922fd-5d6c-4ad1-a519-b36cdabf2328 | GET /recommendations/1 | status=200 | durationMs=3 | usersMs=1 | catalogMs=1
recommendations request | id=69c01758-8773-47a5-9434-ccf9ba1eb507 | GET /recommendations/1 | status=200 | durationMs=2 | usersMs=1 | catalogMs=2
recommendations request | id=e72bad4a-8fc1-4703-8801-3af88000e21c | GET /recommendations/1 | status=200 | durationMs=3 | usersMs=1 | catalogMs=2
recommendations request | id=60e2480a-c597-4a21-b227-844e6dc73ee0 | GET /recommendations/1 | status=200 | durationMs=3 | usersMs=2 | catalogMs=3
recommendations request | id=eb1c47a4-e1ff-4900-ba4d-c5fac563e294 | GET /recommendations/1 | status=200 | durationMs=1 | usersMs=1 | catalogMs=1
recommendations request | id=a5f0dd73-9abe-43db-a947-3c76e9024af7 | GET /recommendations/1 | status=200 | durationMs=1 | usersMs=0 | catalogMs=1
recommendations request | id=615bf9c2-b8a4-46f5-a978-e2b91ac334a9 | GET /recommendations/1 | status=200 | durationMs=2 | usersMs=1 | catalogMs=1
recommendations request | id=b64fc18b-5a53-4734-9391-497b24cb899b | GET /recommendations/1 | status=200 | durationMs=2 | usersMs=1 | catalogMs=2
recommendations request | id=22af12f6-5229-4d26-b2a2-0ed75ba38571 | GET /recommendations/1 | status=200 | durationMs=1 | usersMs=0 | catalogMs=1
recommendations request | id=3084c20c-fa0f-4509-a8ec-5832148690e3 | GET /recommendations/1 | status=200 | durationMs=1 | usersMs=1 | catalogMs=1
recommendations request | id=05582cbe-44fd-460e-aff7-5392a1648e2b | GET /recommendations/1 | status=200 | durationMs=2 | usersMs=1 | catalogMs=1
recommendations request | id=1e2eda4d-4223-404c-888b-909ff99ee828 | GET /recommendations/1 | status=200 | durationMs=2 | usersMs=1 | catalogMs=1
recommendations request | id=570ea755-f4fb-4dcd-8302-25df5cba9769 | GET /recommendations/1 | status=200 | durationMs=1 | usersMs=0 | catalogMs=1
recommendations request | id=69c74286-a2b3-4b7c-b21a-ab26385abad1 | GET /recommendations/1 | status=200 | durationMs=2 | usersMs=1 | catalogMs=1
recommendations request | id=4af63082-6469-478d-b7f5-dce5fd8e2d6d | GET /recommendations/1 | status=200 | durationMs=1 | usersMs=1 | catalogMs=1
recommendations request | id=af4dd6c2-511f-4956-9135-4aa0ba20352d | GET /recommendations/1 | status=200 | durationMs=2 | usersMs=1 | catalogMs=2
recommendations request | id=541e5391-a493-498b-a99b-e8ccfb3b6f49 | GET /recommendations/1 | status=200 | durationMs=2 | usersMs=1 | catalogMs=2
recommendations request | id=2a1d9658-44cb-471c-8ef6-a552dc972dce | GET /recommendations/1 | status=200 | durationMs=1 | usersMs=1 | catalogMs=1
recommendations request | id=94108b5b-5cd3-4252-8e30-d3df6bab9d2e | GET /recommendations/1 | status=200 | durationMs=2 | usersMs=1 | catalogMs=2
recommendations request | id=caf9a1c5-ac2e-4454-aaf0-5d3a42e8f871 | GET /recommendations/1 | status=200 | durationMs=2 | usersMs=1 | catalogMs=0
recommendations request | id=c9455348-0732-4929-ac52-3a6cdeaa0fae | GET /recommendations/1 | status=200 | durationMs=1 | usersMs=1 | catalogMs=1
recommendations request | id=a9c50a22-3bae-47c3-b268-0edfcbc6b06c | GET /recommendations/1 | status=200 | durationMs=1 | usersMs=1 | catalogMs=1
recommendations request | id=141d8113-fc57-4952-a67c-eb72dfe715e2 | GET /recommendations/1 | status=200 | durationMs=2 | usersMs=1 | catalogMs=2
recommendations request | id=364e9877-a027-4c8d-8c4e-7750f051715c | GET /recommendations/1 | status=200 | durationMs=2 | usersMs=1 | catalogMs=2
recommendations request | id=85a6848a-0dcf-4830-b1f7-84b79edcc159 | GET /recommendations/1 | status=200 | durationMs=3 | usersMs=2 | catalogMs=1
recommendations request | id=e56226c3-0726-4eb9-9d55-fccc35b02e74 | GET /recommendations/1 | status=200 | durationMs=2 | usersMs=1 | catalogMs=1
recommendations request | id=00cf8135-f9c7-4a1e-9a6e-94b6c89af673 | GET /recommendations/1 | status=200 | durationMs=2 | usersMs=1 | catalogMs=1
recommendations request | id=94ffbab2-b8e4-494e-b64b-76e7d1a6dcd6 | GET /recommendations/1 | status=200 | durationMs=2 | usersMs=1 | catalogMs=2
recommendations request | id=2af32c32-e405-4424-8b68-7b525e6b7738 | GET /recommendations/1 | status=200 | durationMs=3 | usersMs=2 | catalogMs=1
recommendations request | id=23fe5e28-c1db-4fea-a9d5-3663c445b801 | GET /recommendations/1 | status=200 | durationMs=2 | usersMs=1 | catalogMs=2
recommendations request | id=a24d5714-8a55-4466-a7a4-d9dda4eb7a52 | GET /recommendations/1 | status=200 | durationMs=3 | usersMs=1 | catalogMs=3
recommendations request | id=839b7ce7-704d-40f8-a300-4383923948ef | GET /recommendations/1 | status=200 | durationMs=2 | usersMs=1 | catalogMs=2
recommendations request | id=50dad30a-389b-42d2-b7ec-5336a1a03ccf | GET /recommendations/1 | status=200 | durationMs=2 | usersMs=1 | catalogMs=1
recommendations request | id=0eeded2d-60fc-4b22-8dd4-8dea6259d431 | GET /recommendations/1 | status=200 | durationMs=3 | usersMs=1 | catalogMs=2
recommendations request | id=bbf53143-3b52-43b7-8290-1ad0c74c7954 | GET /recommendations/1 | status=200 | durationMs=1 | usersMs=0 | catalogMs=1
recommendations request | id=a7ca169d-8f3a-453a-9eb8-ef87caf968d9 | GET /recommendations/1 | status=200 | durationMs=1 | usersMs=1 | catalogMs=1
recommendations request | id=b9fbba34-eb41-4619-8e3e-4fab94d41c19 | GET /recommendations/1 | status=200 | durationMs=3 | usersMs=1 | catalogMs=2
recommendations request | id=2d99ab50-c018-45a9-b343-bc5ed3eb72e3 | GET /recommendations/1 | status=200 | durationMs=3 | usersMs=1 | catalogMs=3
recommendations request | id=aed713ba-6a59-4d39-a67c-3c144e2d1d8a | GET /recommendations/1 | status=200 | durationMs=4 | usersMs=1 | catalogMs=4
recommendations request | id=2f053fa1-16df-47f9-b77f-d5719ef03449 | GET /recommendations/1 | status=200 | durationMs=3 | usersMs=2 | catalogMs=1
recommendations request | id=adf62ba4-1a95-4f46-82a0-b9148f20036a | GET /recommendations/1 | status=200 | durationMs=3 | usersMs=2 | catalogMs=3
recommendations request | id=a264fdaf-1241-4f04-ad8e-466eea5b79cd | GET /recommendations/1 | status=200 | durationMs=3 | usersMs=2 | catalogMs=2
recommendations request | id=2f4d3798-d32a-4030-a487-51acfa590ef6 | GET /recommendations/1 | status=200 | durationMs=3 | usersMs=1 | catalogMs=2
recommendations request | id=fd6b36c1-ffcd-4f38-b1ba-0bd863b836e0 | GET /recommendations/1 | status=200 | durationMs=2 | usersMs=1 | catalogMs=2
recommendations request | id=15a918cb-3103-4166-bf38-1c5cd3ff6786 | GET /recommendations/1 | status=200 | durationMs=3 | usersMs=1 | catalogMs=1
recommendations request | id=054c3aeb-ede3-4c52-b2de-dc155c5294e1 | GET /recommendations/1 | status=200 | durationMs=2 | usersMs=1 | catalogMs=2
recommendations request | id=b6764731-bbb8-4a2f-a137-ea5fedbc29cf | GET /recommendations/1 | status=200 | durationMs=2 | usersMs=1 | catalogMs=2
recommendations request | id=60d90d5c-90f4-4537-8ab1-ad99f0a256df | GET /recommendations/1 | status=200 | durationMs=3 | usersMs=1 | catalogMs=2
recommendations request | id=f9f67273-f97d-435e-888e-0a876d8bcd17 | GET /recommendations/1 | status=200 | durationMs=4 | usersMs=1 | catalogMs=2
recommendations request | id=58cf618a-a24d-44b7-8df8-8e6e287eca38 | GET /recommendations/1 | status=200 | durationMs=3 | usersMs=2 | catalogMs=1
recommendations request | id=bdaa7f53-1c50-475d-a5d5-708a04c7a394 | GET /recommendations/1 | status=200 | durationMs=1 | usersMs=1 | catalogMs=1
recommendations request | id=7f399764-c0f6-4703-8507-9ff75ae28c05 | GET /recommendations/1 | status=200 | durationMs=3 | usersMs=1 | catalogMs=2
recommendations request | id=46f705cd-0573-4740-8459-731b40de86bd | GET /recommendations/1 | status=200 | durationMs=3 | usersMs=2 | catalogMs=3
recommendations request | id=d48ae44e-3872-429f-acb9-0a7699a2579b | GET /recommendations/1 | status=200 | durationMs=4 | usersMs=3 | catalogMs=2
recommendations request | id=6036eb37-8b19-4d8a-a994-3c5c9bb398dd | GET /recommendations/1 | status=200 | durationMs=3 | usersMs=2 | catalogMs=1
recommendations request | id=1e53a9af-a96a-44e4-b165-b66128b41c51 | GET /recommendations/1 | status=200 | durationMs=2 | usersMs=2 | catalogMs=1
recommendations request | id=b9910899-b926-44f2-94a6-4d2376154981 | GET /recommendations/1 | status=200 | durationMs=3 | usersMs=2 | catalogMs=2
recommendations request | id=5fd633ca-3bf9-45f6-98c7-5e588c39bfff | GET /recommendations/1 | status=200 | durationMs=3 | usersMs=1 | catalogMs=2
recommendations request | id=5add9900-56f9-4a3d-99d3-e2b9c5d9d38d | GET /recommendations/1 | status=200 | durationMs=2 | usersMs=2 | catalogMs=1
recommendations request | id=f0c76ef7-4ed9-42cd-a7b9-1766250f4dbe | GET /recommendations/1 | status=200 | durationMs=2 | usersMs=1 | catalogMs=2
recommendations request | id=5b521ef6-75c4-4d19-8ff2-0e2ec04b40c3 | GET /recommendations/1 | status=200 | durationMs=2 | usersMs=1 | catalogMs=2
recommendations request | id=e543d41e-1a3c-4321-ad77-95dbe58ec5c6 | GET /recommendations/1 | status=200 | durationMs=3 | usersMs=2 | catalogMs=2
recommendations request | id=9a8d23b5-3ff4-4082-8a72-ced037ac35c0 | GET /recommendations/1 | status=200 | durationMs=2 | usersMs=1 | catalogMs=1
recommendations request | id=4b64eb40-d5bc-48dd-8458-e314bbcdcba7 | GET /recommendations/1 | status=200 | durationMs=2 | usersMs=1 | catalogMs=1
recommendations request | id=3a9f1042-1730-43f0-b495-310dd9827717 | GET /recommendations/1 | status=200 | durationMs=1 | usersMs=0 | catalogMs=1
recommendations request | id=c7b7cd7c-28e4-4186-a45c-c328fedd1e03 | GET /recommendations/1 | status=200 | durationMs=2 | usersMs=1 | catalogMs=1
recommendations request | id=b32355f7-d16e-4690-9ad1-d14cae1ad834 | GET /recommendations/1 | status=200 | durationMs=2 | usersMs=1 | catalogMs=1
recommendations request | id=50e6efca-3910-4dcd-9ea6-43a9233ae362 | GET /recommendations/1 | status=200 | durationMs=1 | usersMs=1 | catalogMs=1
recommendations request | id=00665536-f847-48a0-a987-baeb5ec92bed | GET /recommendations/1 | status=200 | durationMs=2 | usersMs=1 | catalogMs=2
recommendations request | id=cd3652d9-1ae5-448b-b53a-8bc5b4463935 | GET /recommendations/1 | status=200 | durationMs=2 | usersMs=1 | catalogMs=1
recommendations request | id=38c57bf9-827e-4751-895f-d602a78c07e0 | GET /recommendations/1 | status=200 | durationMs=3 | usersMs=2 | catalogMs=2
recommendations request | id=6195c4af-defd-41b4-9d8d-612b897bd4fa | GET /recommendations/1 | status=200 | durationMs=1 | usersMs=1 | catalogMs=1
recommendations request | id=b6dc31b6-1a1d-4920-b8b7-15422660de89 | GET /recommendations/1 | status=200 | durationMs=2 | usersMs=1 | catalogMs=1
recommendations request | id=61479e71-c533-4f06-94ea-660f7b8b3c19 | GET /recommendations/1 | status=200 | durationMs=3 | usersMs=2 | catalogMs=2
recommendations request | id=24e77020-04a0-4557-b1b4-696e8397e603 | GET /recommendations/1 | status=200 | durationMs=2 | usersMs=1 | catalogMs=2
recommendations request | id=96b0d9b4-8527-4876-a69f-1fffe3aa9a2c | GET /recommendations/1 | status=200 | durationMs=3 | usersMs=2 | catalogMs=2
recommendations request | id=bc5fea80-5c3f-4c81-a7da-341ae074ea10 | GET /recommendations/1 | status=200 | durationMs=2 | usersMs=1 | catalogMs=2
recommendations request | id=525d904b-4673-45d3-8a55-217baebb18e9 | GET /recommendations/1 | status=200 | durationMs=3 | usersMs=2 | catalogMs=1
recommendations request | id=72b22713-07bc-42f9-a9f5-2361beb88532 | GET /recommendations/1 | status=200 | durationMs=2 | usersMs=1 | catalogMs=2
recommendations request | id=8c45d79f-3234-47bd-a6bd-ad89a4adc099 | GET /recommendations/1 | status=200 | durationMs=2 | usersMs=1 | catalogMs=1
recommendations request | id=5cd0fe07-7011-42d9-918a-4b65d1977d26 | GET /recommendations/1 | status=200 | durationMs=2 | usersMs=1 | catalogMs=1
recommendations request | id=0f69bc34-1d70-4cbf-aec1-43f71b94edd2 | GET /recommendations/1 | status=200 | durationMs=3 | usersMs=2 | catalogMs=1
recommendations request | id=130ffec3-0cef-4341-9089-901ebbd9f90d | GET /recommendations/1 | status=200 | durationMs=2 | usersMs=1 | catalogMs=2
recommendations request | id=7daa55f8-1bb9-42aa-8059-dd6e62e3416b | GET /recommendations/1 | status=200 | durationMs=3 | usersMs=2 | catalogMs=1
recommendations request | id=2d216d71-bec0-4bfd-9f6e-0c0c963e4a1a | GET /recommendations/1 | status=200 | durationMs=2 | usersMs=1 | catalogMs=2
recommendations request | id=5c35807b-8200-41cd-954e-a614a1f9268b | GET /recommendations/1 | status=200 | durationMs=2 | usersMs=1 | catalogMs=1
recommendations request | id=94eb2b40-06dc-4c0f-8ccc-a7631d115b52 | GET /recommendations/1 | status=200 | durationMs=3 | usersMs=2 | catalogMs=2
recommendations request | id=c4a3a080-ffb7-4a82-8a71-ecfcd8dbd1ea | GET /recommendations/1 | status=200 | durationMs=3 | usersMs=1 | catalogMs=3
recommendations request | id=34ceb6c1-9145-4779-856a-8d5334febace | GET /recommendations/1 | status=200 | durationMs=3 | usersMs=2 | catalogMs=2
recommendations request | id=084336e2-b505-4872-bb5d-0eab110b7b90 | GET /recommendations/1 | status=200 | durationMs=3 | usersMs=1 | catalogMs=2
recommendations request | id=66ecad93-58db-42ef-9e13-13dd2b7a0e7b | GET /recommendations/1 | status=200 | durationMs=2 | usersMs=1 | catalogMs=2
recommendations request | id=b1a273f5-9c6a-4853-9b32-0d67d73b0b20 | GET /recommendations/1 | status=200 | durationMs=2 | usersMs=1 | catalogMs=2
recommendations request | id=13db8b8b-b719-4715-af6a-00c9ef27a7a8 | GET /recommendations/1 | status=200 | durationMs=2 | usersMs=1 | catalogMs=2
recommendations request | id=8f921f18-f273-47d9-ae48-8ab7e89b62cb | GET /recommendations/1 | status=200 | durationMs=2 | usersMs=1 | catalogMs=2
recommendations request | id=784694dd-2352-4ec5-bdbb-15cbdbb942e7 | GET /recommendations/1 | status=200 | durationMs=2 | usersMs=1 | catalogMs=1
recommendations request | id=9d776e7f-e0b9-41b0-9b9e-4357f7c010ff | GET /recommendations/1 | status=200 | durationMs=1 | usersMs=1 | catalogMs=1
recommendations request | id=d40941e7-0528-4d57-883c-b148e1aac191 | GET /recommendations/1 | status=200 | durationMs=1 | usersMs=1 | catalogMs=1
recommendations request | id=97fb125d-e7b2-4eda-be31-be5c1c57fa4e | GET /recommendations/1 | status=200 | durationMs=0 | usersMs=0 | catalogMs=0
recommendations request | id=38c89c33-95d1-4a8b-b0f4-83dbd6036501 | GET /recommendations/1 | status=200 | durationMs=1 | usersMs=0 | catalogMs=0
recommendations request | id=b45e5598-6e52-4c21-b2b5-4b37049e6ef7 | GET /recommendations/1 | status=200 | durationMs=0 | usersMs=0 | catalogMs=0
recommendations request | id=b65d884b-bb79-44d8-ab48-8e1b10f47ec6 | GET /recommendations/1 | status=200 | durationMs=1 | usersMs=1 | catalogMs=0
recommendations request | id=8ef90bed-300f-4abd-b00e-2eae3e7b3a79 | GET /recommendations/1 | status=200 | durationMs=1 | usersMs=1 | catalogMs=1
recommendations request | id=37881b82-2128-4ba2-8bee-df097611880f | GET /recommendations/1 | status=200 | durationMs=1 | usersMs=1 | catalogMs=1
recommendations request | id=e78d3eb0-cb53-4646-b975-e652a3bc8054 | GET /recommendations/1 | status=200 | durationMs=2 | usersMs=2 | catalogMs=2
recommendations request | id=ce671797-45be-4ad9-9686-cf7b57d8435a | GET /recommendations/1 | status=200 | durationMs=2 | usersMs=1 | catalogMs=2
recommendations request | id=ee88da4b-91e2-45c6-a2df-21891634b915 | GET /recommendations/1 | status=200 | durationMs=2 | usersMs=2 | catalogMs=2
recommendations request | id=d5ba5841-bd2b-43a2-912e-c5912eaf6793 | GET /recommendations/1 | status=200 | durationMs=3 | usersMs=2 | catalogMs=3
recommendations request | id=4c4cde08-9258-4112-af24-0f1f7f15fff9 | GET /recommendations/1 | status=200 | durationMs=2 | usersMs=1 | catalogMs=1
recommendations request | id=7d621aff-b2b3-4b1a-bf0c-90e8e87f6a6b | GET /recommendations/1 | status=200 | durationMs=1 | usersMs=0 | catalogMs=1
recommendations request | id=e3e58b11-a733-4c2d-a9ac-7fe95ebf5d14 | GET /recommendations/1 | status=200 | durationMs=1 | usersMs=1 | catalogMs=1
recommendations request | id=720b5dfd-9683-420a-a9ff-ad4c6f36b8b3 | GET /recommendations/1 | status=200 | durationMs=2 | usersMs=1 | catalogMs=1
recommendations request | id=c8cccaf2-4b78-44b6-9c19-907ad009ff73 | GET /recommendations/1 | status=200 | durationMs=1 | usersMs=1 | catalogMs=1
recommendations request | id=3f4aeb8e-bb37-4beb-84d2-d679a6597061 | GET /recommendations/1 | status=200 | durationMs=2 | usersMs=1 | catalogMs=2
recommendations request | id=c52841f9-22da-45fc-884f-f438dcca8a53 | GET /recommendations/1 | status=200 | durationMs=2 | usersMs=2 | catalogMs=2
recommendations request | id=462b42e8-6925-43a0-ab2b-b48f5f60c77e | GET /recommendations/1 | status=200 | durationMs=2 | usersMs=1 | catalogMs=2
recommendations request | id=c81254a4-17e5-400a-97c9-7a76edd5668d | GET /recommendations/1 | status=200 | durationMs=2 | usersMs=1 | catalogMs=1
recommendations request | id=ad320504-ffb6-4228-8fc0-bd66a1d6d848 | GET /recommendations/1 | status=200 | durationMs=2 | usersMs=2 | catalogMs=2
recommendations request | id=8c56c691-b932-4a91-b958-edb1eef98869 | GET /recommendations/1 | status=200 | durationMs=2 | usersMs=1 | catalogMs=2
recommendations request | id=81ac93a9-2582-4c27-8ec9-1bf73c9c1256 | GET /recommendations/1 | status=200 | durationMs=2 | usersMs=1 | catalogMs=2
recommendations request | id=b26e5f60-1fea-4935-ae29-267e133d811e | GET /recommendations/1 | status=200 | durationMs=2 | usersMs=1 | catalogMs=1
recommendations request | id=e1988552-35f8-4b47-bfea-98ebffc2a5b7 | GET /recommendations/1 | status=200 | durationMs=2 | usersMs=1 | catalogMs=2
recommendations request | id=ac96c118-7c67-48b4-9c46-7612409dddf1 | GET /recommendations/1 | status=200 | durationMs=2 | usersMs=2 | catalogMs=2
recommendations request | id=f0a56061-a1a8-4353-9999-d802cf69c4e1 | GET /recommendations/1 | status=200 | durationMs=2 | usersMs=2 | catalogMs=1
recommendations request | id=967bee77-c7ca-4fe6-83a9-d22f9ac2be70 | GET /recommendations/1 | status=200 | durationMs=2 | usersMs=1 | catalogMs=2
recommendations request | id=dd19dc3a-3a75-41c6-89da-f94937bb2309 | GET /recommendations/1 | status=200 | durationMs=2 | usersMs=1 | catalogMs=1
recommendations request | id=3e62f40c-386d-491f-b891-e3de65ed3a77 | GET /recommendations/1 | status=200 | durationMs=2 | usersMs=1 | catalogMs=0
recommendations request | id=e99d41c3-9ede-4110-a49c-b2ec6279c452 | GET /recommendations/1 | status=200 | durationMs=3 | usersMs=2 | catalogMs=1
recommendations request | id=aa42ee3a-c4ff-4f89-8761-f6b887c87418 | GET /recommendations/1 | status=200 | durationMs=3 | usersMs=1 | catalogMs=2
recommendations request | id=961b7642-5183-43d1-9396-fea8ac868953 | GET /recommendations/1 | status=200 | durationMs=2 | usersMs=1 | catalogMs=2
recommendations request | id=6ad5f50a-f052-4a6b-ba82-abe2e06d32b4 | GET /recommendations/1 | status=200 | durationMs=2 | usersMs=1 | catalogMs=1
recommendations request | id=ea0d6316-8516-4836-adaa-16b20524b393 | GET /recommendations/1 | status=200 | durationMs=2 | usersMs=1 | catalogMs=1
recommendations request | id=7e9e9042-c639-46dc-9943-f66e6bdee4c2 | GET /recommendations/1 | status=200 | durationMs=4 | usersMs=2 | catalogMs=2
recommendations request | id=281e53c6-3da4-472a-bbf1-5c18f13e7a33 | GET /recommendations/1 | status=200 | durationMs=3 | usersMs=2 | catalogMs=3
recommendations request | id=ce38c8da-45ad-4179-823f-4f39a2a8e73e | GET /recommendations/1 | status=200 | durationMs=2 | usersMs=1 | catalogMs=1
recommendations request | id=307dc770-c9ac-4847-b075-d13adc2cb782 | GET /recommendations/1 | status=200 | durationMs=2 | usersMs=1 | catalogMs=2
recommendations request | id=4b6fdaba-f2d1-48cf-9957-3b7d572050b4 | GET /recommendations/1 | status=200 | durationMs=2 | usersMs=1 | catalogMs=2
recommendations request | id=d6402126-c893-4fa5-9388-64596a1a4454 | GET /recommendations/1 | status=200 | durationMs=2 | usersMs=1 | catalogMs=2
recommendations request | id=6f241b51-f272-4d46-8104-056c589cf6f4 | GET /recommendations/1 | status=200 | durationMs=2 | usersMs=2 | catalogMs=2
recommendations request | id=e1103e27-2091-4648-8814-a18c445f6ff2 | GET /recommendations/1 | status=200 | durationMs=2 | usersMs=2 | catalogMs=2
recommendations request | id=43a02f3f-dabc-4b47-a5de-93244d3e10ce | GET /recommendations/1 | status=200 | durationMs=1 | usersMs=0 | catalogMs=1
recommendations request | id=eb392549-b037-49c9-912d-ed1a0e01853a | GET /recommendations/1 | status=200 | durationMs=1 | usersMs=0 | catalogMs=0
recommendations request | id=8a336662-9910-4aeb-be91-1cc3b84ff90b | GET /recommendations/1 | status=200 | durationMs=2 | usersMs=1 | catalogMs=2
recommendations request | id=c298d87a-6fb5-4dca-b69e-987598f66a37 | GET /recommendations/1 | status=200 | durationMs=2 | usersMs=0 | catalogMs=1
recommendations request | id=07d2647e-8b82-4185-906a-27c77a956750 | GET /recommendations/1 | status=200 | durationMs=2 | usersMs=1 | catalogMs=2
recommendations request | id=92ed3108-d30c-4c26-be05-fd79b4213090 | GET /recommendations/1 | status=200 | durationMs=3 | usersMs=1 | catalogMs=2
recommendations request | id=3349af9e-9b75-453d-8b3a-ba3af973e420 | GET /recommendations/1 | status=200 | durationMs=1 | usersMs=1 | catalogMs=1
recommendations request | id=9bedf358-9822-4cd1-8489-bacaeb1b00c5 | GET /recommendations/1 | status=200 | durationMs=2 | usersMs=2 | catalogMs=2
recommendations request | id=76805d0d-70d7-4e81-902a-0ddfd3f8af99 | GET /recommendations/1 | status=200 | durationMs=2 | usersMs=1 | catalogMs=2
recommendations request | id=49587011-0265-47dc-ae42-c8bbefcd28de | GET /recommendations/1 | status=200 | durationMs=2 | usersMs=1 | catalogMs=1
recommendations request | id=1d03c3b3-20c0-4cb6-9fad-289ae71483b5 | GET /recommendations/1 | status=200 | durationMs=2 | usersMs=1 | catalogMs=2
recommendations request | id=abbd706e-8dc4-4754-a774-070dc48d15c6 | GET /recommendations/1 | status=200 | durationMs=3 | usersMs=1 | catalogMs=2
recommendations request | id=040c52c6-9eca-423a-95a9-f5ff7be1842f | GET /recommendations/1 | status=200 | durationMs=2 | usersMs=1 | catalogMs=2
recommendations request | id=b0d27771-b2f8-4601-af6e-807c0fd49559 | GET /recommendations/1 | status=200 | durationMs=2 | usersMs=1 | catalogMs=2
recommendations request | id=ef9fcb3b-31bb-41d4-ba15-95fc0f27d4d3 | GET /recommendations/1 | status=200 | durationMs=2 | usersMs=0 | catalogMs=1
recommendations request | id=34a7c4d2-a406-49a8-bccc-64213fd8424c | GET /recommendations/1 | status=200 | durationMs=2 | usersMs=1 | catalogMs=0
recommendations request | id=df594add-df93-45fe-8361-b29a257266bb | GET /recommendations/1 | status=200 | durationMs=1 | usersMs=0 | catalogMs=1
recommendations request | id=11f0358e-e169-4162-a64b-de36833f319e | GET /recommendations/1 | status=200 | durationMs=3 | usersMs=2 | catalogMs=2
recommendations request | id=3cb7a823-5872-4cc5-9f43-94b035131d51 | GET /recommendations/1 | status=200 | durationMs=2 | usersMs=1 | catalogMs=2
recommendations request | id=e5957e3f-35f7-4c64-9d70-91563b1660cf | GET /recommendations/1 | status=200 | durationMs=3 | usersMs=2 | catalogMs=2
recommendations request | id=2cfa50ee-167e-4c3c-ae26-d310130b8cfa | GET /recommendations/1 | status=200 | durationMs=2 | usersMs=1 | catalogMs=2
recommendations request | id=2fc1dda5-360b-4219-a358-a8fe98a733dc | GET /recommendations/1 | status=200 | durationMs=3 | usersMs=2 | catalogMs=1
recommendations request | id=55e7e1bf-abd3-4835-add7-71725f7781a4 | GET /recommendations/1 | status=200 | durationMs=4 | usersMs=1 | catalogMs=2
recommendations request | id=5a3a5f2d-5ac5-433b-b63e-55b202544e41 | GET /recommendations/1 | status=200 | durationMs=3 | usersMs=1 | catalogMs=3
recommendations request | id=fb144045-510b-49b0-a00b-68c1bd725e45 | GET /recommendations/1 | status=200 | durationMs=4 | usersMs=2 | catalogMs=2
recommendations request | id=45854b59-8f12-47c4-a863-74f69acab64b | GET /recommendations/1 | status=200 | durationMs=4 | usersMs=2 | catalogMs=4
recommendations request | id=6a041208-ccdd-413a-aa1a-15fb3ba715ec | GET /recommendations/1 | status=200 | durationMs=4 | usersMs=3 | catalogMs=4
recommendations request | id=ae4c8a56-9830-4ef0-a28c-22d152e0d748 | GET /recommendations/1 | status=200 | durationMs=4 | usersMs=3 | catalogMs=4
recommendations request | id=2811e32d-73f2-4c57-b089-51905c4b8064 | GET /recommendations/1 | status=200 | durationMs=3 | usersMs=2 | catalogMs=2
recommendations request | id=73655f00-a2b9-4998-99f0-8c7909eae91b | GET /recommendations/1 | status=200 | durationMs=3 | usersMs=1 | catalogMs=3
recommendations request | id=3b6c50ca-c4e3-40a7-a7be-4387d06548c2 | GET /recommendations/1 | status=200 | durationMs=3 | usersMs=1 | catalogMs=3
recommendations request | id=f67f3a7c-acd7-4f4e-8448-99ca017fbebe | GET /recommendations/1 | status=200 | durationMs=1 | usersMs=1 | catalogMs=1
recommendations request | id=8fe633e8-65bc-448a-866b-f2e948769dcd | GET /recommendations/1 | status=200 | durationMs=4 | usersMs=2 | catalogMs=2
recommendations request | id=954b3715-0a7b-4881-aa78-1a8f11d510b0 | GET /recommendations/1 | status=200 | durationMs=3 | usersMs=1 | catalogMs=3
recommendations request | id=e53a9edd-514a-485c-be97-73cfb58f33fe | GET /recommendations/1 | status=200 | durationMs=4 | usersMs=1 | catalogMs=4
recommendations request | id=ab4cc259-fbb0-4532-b1ae-bed24b991837 | GET /recommendations/1 | status=200 | durationMs=2 | usersMs=1 | catalogMs=2
recommendations request | id=b608d508-e5d9-4784-9e1e-9ab2cae4ffec | GET /recommendations/1 | status=200 | durationMs=2 | usersMs=1 | catalogMs=1
recommendations request | id=775963f1-c2c9-4a8e-bfb1-8010fb3d4913 | GET /recommendations/1 | status=200 | durationMs=1 | usersMs=1 | catalogMs=1
recommendations request | id=3885754d-f4f2-42f3-afa4-058a9daccecf | GET /recommendations/1 | status=200 | durationMs=2 | usersMs=1 | catalogMs=2
recommendations request | id=b24526fd-c8cb-44fb-924b-915b0b0ba857 | GET /recommendations/1 | status=200 | durationMs=2 | usersMs=1 | catalogMs=1
recommendations request | id=655b7ede-9837-4944-99df-6fc6ba1ecc24 | GET /recommendations/1 | status=200 | durationMs=2 | usersMs=1 | catalogMs=2
recommendations request | id=ac00796a-fb3a-492f-b939-d9489a9de73d | GET /recommendations/1 | status=200 | durationMs=2 | usersMs=0 | catalogMs=1
recommendations request | id=9058839d-f484-4c2a-971c-269cba5a04ff | GET /recommendations/1 | status=200 | durationMs=2 | usersMs=1 | catalogMs=2
recommendations request | id=3be92ce9-fdb8-4df2-b419-a0f55b254633 | GET /recommendations/1 | status=200 | durationMs=3 | usersMs=2 | catalogMs=1
recommendations request | id=235b9d6c-c23a-499a-9d74-20519ae7d1df | GET /recommendations/1 | status=200 | durationMs=2 | usersMs=1 | catalogMs=2
recommendations request | id=73001073-4988-4bc8-bcb1-95e9f12ffd30 | GET /recommendations/1 | status=200 | durationMs=3 | usersMs=2 | catalogMs=2
recommendations request | id=d2b5fe28-b0e7-4b8c-9423-0b0ff8074c4f | GET /recommendations/1 | status=200 | durationMs=2 | usersMs=1 | catalogMs=1
recommendations request | id=1e84e11c-47cb-40a6-ac1d-efb91fb3948a | GET /recommendations/1 | status=200 | durationMs=2 | usersMs=1 | catalogMs=2
recommendations request | id=0f86504d-56c2-4747-9970-b68d66ad8add | GET /recommendations/1 | status=200 | durationMs=2 | usersMs=1 | catalogMs=2
recommendations request | id=8f46d0d5-9fc2-41f6-82dd-cc97152ea429 | GET /recommendations/1 | status=200 | durationMs=2 | usersMs=1 | catalogMs=2
recommendations request | id=8e54f650-bfb7-443a-bb06-606658bfba30 | GET /recommendations/1 | status=200 | durationMs=2 | usersMs=1 | catalogMs=2
recommendations request | id=8f305b58-311b-487a-944a-806eb6332cf8 | GET /recommendations/1 | status=200 | durationMs=3 | usersMs=2 | catalogMs=1
recommendations request | id=571f315c-dfbf-431c-b5b6-a595bf09913b | GET /recommendations/1 | status=200 | durationMs=2 | usersMs=1 | catalogMs=1
recommendations request | id=96ec2a01-adb0-4dd2-9944-dc3cd8b18516 | GET /recommendations/1 | status=200 | durationMs=2 | usersMs=0 | catalogMs=1
recommendations request | id=ec1289f7-9187-4afb-83e0-d3d2f787e778 | GET /recommendations/1 | status=200 | durationMs=1 | usersMs=1 | catalogMs=1
recommendations request | id=2b0151f4-39f8-480a-a144-426d581a704b | GET /recommendations/1 | status=200 | durationMs=2 | usersMs=1 | catalogMs=2
recommendations request | id=5fc6f8d9-3d8c-4bdf-aadf-9914bdf7d387 | GET /recommendations/1 | status=200 | durationMs=2 | usersMs=1 | catalogMs=2
recommendations request | id=dd6e1958-1768-4c86-a120-5c40c1e066ac | GET /recommendations/1 | status=200 | durationMs=3 | usersMs=2 | catalogMs=2
recommendations request | id=169810b9-ada0-4132-9f5a-be5e497fd9b7 | GET /recommendations/1 | status=200 | durationMs=1 | usersMs=0 | catalogMs=1
recommendations request | id=c6e532ca-173d-4a72-9e27-23fb04b1f267 | GET /recommendations/1 | status=200 | durationMs=1 | usersMs=1 | catalogMs=1
recommendations request | id=a08609c0-4c9a-4684-b9e9-3e6e64370e12 | GET /recommendations/1 | status=200 | durationMs=2 | usersMs=1 | catalogMs=2
recommendations request | id=88d4904a-0ad2-4ef5-989d-50472e01b00c | GET /recommendations/1 | status=200 | durationMs=1 | usersMs=1 | catalogMs=0
recommendations request | id=1465358d-73f7-4764-bbe2-845c1b7e09da | GET /recommendations/1 | status=200 | durationMs=2 | usersMs=2 | catalogMs=1
recommendations request | id=22a1c1fc-6d74-4bb6-bb68-0e266f174762 | GET /recommendations/1 | status=200 | durationMs=2 | usersMs=1 | catalogMs=1
recommendations request | id=34b746cd-a82f-4f76-ad00-c1298147b5a1 | GET /recommendations/1 | status=200 | durationMs=2 | usersMs=2 | catalogMs=2
recommendations request | id=dcfad1e8-ef90-40a9-b34b-a6dd2ed43845 | GET /recommendations/1 | status=200 | durationMs=1 | usersMs=1 | catalogMs=1
recommendations request | id=29232b2c-6dcc-4e79-8e21-797ba47c1e59 | GET /recommendations/1 | status=200 | durationMs=2 | usersMs=1 | catalogMs=0
recommendations request | id=6aa5cbcc-aa20-405b-965f-916b228e074b | GET /recommendations/1 | status=200 | durationMs=2 | usersMs=1 | catalogMs=2
recommendations request | id=aa0dd215-f3e2-4f7a-aa68-97e601f038e7 | GET /recommendations/1 | status=200 | durationMs=2 | usersMs=0 | catalogMs=1
recommendations request | id=0d9a5a51-ec08-4bbe-8981-6a4f78d090f2 | GET /recommendations/1 | status=200 | durationMs=2 | usersMs=2 | catalogMs=2
recommendations request | id=de49951f-025f-4af3-bac1-650c80ba4429 | GET /recommendations/1 | status=200 | durationMs=4 | usersMs=3 | catalogMs=3
recommendations request | id=437b9cc0-6628-4245-a8d6-fd9ef8950899 | GET /recommendations/1 | status=200 | durationMs=4 | usersMs=3 | catalogMs=4
recommendations request | id=4aafe25a-d888-4365-90da-45ec962d6828 | GET /recommendations/1 | status=200 | durationMs=3 | usersMs=3 | catalogMs=3
recommendations request | id=168255ad-114e-4334-b0f5-88c0050ca62f | GET /recommendations/1 | status=200 | durationMs=3 | usersMs=2 | catalogMs=3
recommendations request | id=7c5ca30c-675a-4d97-8e5a-38e686a8029b | GET /recommendations/1 | status=200 | durationMs=3 | usersMs=1 | catalogMs=3
recommendations request | id=2252b458-c753-41eb-a0e3-72d1b37fb436 | GET /recommendations/1 | status=200 | durationMs=4 | usersMs=1 | catalogMs=3
recommendations request | id=d195d3bd-d64a-4d78-9246-5ab1328ce8a6 | GET /recommendations/1 | status=200 | durationMs=2 | usersMs=1 | catalogMs=1
recommendations request | id=01a9c848-41a1-442b-a649-0b61136b1ae4 | GET /recommendations/1 | status=200 | durationMs=4 | usersMs=2 | catalogMs=4
recommendations request | id=c08babdc-b1a8-4346-9261-4c3436e00f28 | GET /recommendations/1 | status=200 | durationMs=4 | usersMs=2 | catalogMs=4
recommendations request | id=8f6bf736-8b86-4fcd-99a1-7c4bae7fb53b | GET /recommendations/1 | status=200 | durationMs=5 | usersMs=3 | catalogMs=5
recommendations request | id=92d325cc-fcd4-4b41-b2b9-da2b78a4f49c | GET /recommendations/1 | status=200 | durationMs=4 | usersMs=2 | catalogMs=2
recommendations request | id=ac748327-99b9-48d6-89e8-de99f3071003 | GET /recommendations/1 | status=200 | durationMs=2 | usersMs=1 | catalogMs=1
recommendations request | id=565b7bde-964c-4e8a-a2f2-5ad21dcd3f0a | GET /recommendations/1 | status=200 | durationMs=4 | usersMs=3 | catalogMs=3
recommendations request | id=af8d9826-fa4c-491c-8563-6c7faa6761cb | GET /recommendations/1 | status=200 | durationMs=4 | usersMs=1 | catalogMs=3
recommendations request | id=2ab7c36c-0750-4c67-b49b-987090f52ac9 | GET /recommendations/1 | status=200 | durationMs=2 | usersMs=1 | catalogMs=1
recommendations request | id=98f7177e-bf71-4487-9d06-1f6bdc21d622 | GET /recommendations/1 | status=200 | durationMs=3 | usersMs=2 | catalogMs=2
recommendations request | id=fce4cf78-9150-47b7-9df3-389df3e26776 | GET /recommendations/1 | status=200 | durationMs=3 | usersMs=2 | catalogMs=2
recommendations request | id=eb0120a1-82aa-47f8-b518-86b25b125915 | GET /recommendations/1 | status=200 | durationMs=3 | usersMs=2 | catalogMs=2
recommendations request | id=be24b873-3510-4933-bead-6df1b1d4a346 | GET /recommendations/1 | status=200 | durationMs=1 | usersMs=1 | catalogMs=1
recommendations request | id=3d0f429e-0f79-4954-8b0e-55403fe21b5d | GET /recommendations/1 | status=200 | durationMs=1 | usersMs=0 | catalogMs=0
recommendations request | id=3e58e612-5a93-4770-b76b-474c9eabada2 | GET /recommendations/1 | status=200 | durationMs=0 | usersMs=0 | catalogMs=0
recommendations request | id=29418d8d-cf5f-443e-aec3-6d41b2c5ed0c | GET /recommendations/1 | status=200 | durationMs=1 | usersMs=0 | catalogMs=1
recommendations request | id=b62a7a04-9a88-46fb-a985-306ca8384f2a | GET /recommendations/1 | status=200 | durationMs=1 | usersMs=1 | catalogMs=1
recommendations request | id=fe8e402d-b40d-4a6f-a76e-3607ce714d95 | GET /recommendations/1 | status=200 | durationMs=1 | usersMs=0 | catalogMs=0
recommendations request | id=0f7fc972-6da2-450c-8d90-8a7baedcdbd9 | GET /recommendations/1 | status=200 | durationMs=1 | usersMs=0 | catalogMs=1
recommendations request | id=ba981aa0-0e53-4228-b342-cd5cc7b0bb30 | GET /recommendations/1 | status=200 | durationMs=1 | usersMs=1 | catalogMs=0
recommendations request | id=bb162edb-cf51-4506-b61a-c1ec6fe7832c | GET /recommendations/1 | status=200 | durationMs=1 | usersMs=1 | catalogMs=1
recommendations request | id=206eb68c-dab2-4d01-854e-f544bf365f57 | GET /recommendations/1 | status=200 | durationMs=1 | usersMs=1 | catalogMs=1
recommendations request | id=9120d841-3bbf-4861-9d80-da6719e7adcf | GET /recommendations/1 | status=200 | durationMs=1 | usersMs=1 | catalogMs=1
recommendations request | id=93a2c2d3-9bda-4bcf-8d68-c6a34e8f5dcf | GET /recommendations/1 | status=200 | durationMs=1 | usersMs=0 | catalogMs=1
recommendations request | id=0851d15b-1e60-4858-bee8-aabd5999c54a | GET /recommendations/1 | status=200 | durationMs=2 | usersMs=1 | catalogMs=1
recommendations request | id=aed9f17c-341c-4635-8cf4-fd4b4829c186 | GET /recommendations/1 | status=200 | durationMs=1 | usersMs=0 | catalogMs=1
recommendations request | id=688e8332-edcb-4439-b8e6-25b18e0537bf | GET /recommendations/1 | status=200 | durationMs=2 | usersMs=1 | catalogMs=1
recommendations request | id=691e5b32-e1ca-4c8a-8053-a0c202f653d6 | GET /recommendations/1 | status=200 | durationMs=3 | usersMs=2 | catalogMs=1
recommendations request | id=c98fec2c-07a3-4211-8376-c149173075e3 | GET /recommendations/1 | status=200 | durationMs=2 | usersMs=1 | catalogMs=2
recommendations request | id=ac508b51-3737-4993-9396-c4127be4e979 | GET /recommendations/1 | status=200 | durationMs=3 | usersMs=3 | catalogMs=3
recommendations request | id=54628257-4e68-4020-8a70-737c27b80475 | GET /recommendations/1 | status=200 | durationMs=2 | usersMs=1 | catalogMs=1
recommendations request | id=86905e84-721a-4035-b235-aaf7d6b9ee1d | GET /recommendations/1 | status=200 | durationMs=4 | usersMs=3 | catalogMs=3
recommendations request | id=4a1e4eb8-9b04-4d66-a86a-b9d6916cde3b | GET /recommendations/1 | status=200 | durationMs=4 | usersMs=3 | catalogMs=2
recommendations request | id=aa2ce805-6b10-48f8-9a94-18a5f0f244c4 | GET /recommendations/1 | status=200 | durationMs=4 | usersMs=2 | catalogMs=2
recommendations request | id=2f401f3e-f87e-4da4-af3e-ff243d2abbba | GET /recommendations/1 | status=200 | durationMs=2 | usersMs=1 | catalogMs=2
recommendations request | id=da0dae0f-c574-4d55-ae12-a965bb933e09 | GET /recommendations/1 | status=200 | durationMs=2 | usersMs=2 | catalogMs=1
recommendations request | id=2df3144a-ae59-497f-9ffa-c1a50b0a296a | GET /recommendations/1 | status=200 | durationMs=1 | usersMs=0 | catalogMs=0
recommendations request | id=5067dd39-6b36-4d51-b4b7-f73699aa5e7e | GET /recommendations/1 | status=200 | durationMs=1 | usersMs=0 | catalogMs=1
recommendations request | id=fca764d0-ff40-458c-b952-14440e686f58 | GET /recommendations/1 | status=200 | durationMs=1 | usersMs=1 | catalogMs=1
recommendations request | id=f12ff221-d3b1-4fd4-bb48-57b21d154403 | GET /recommendations/1 | status=200 | durationMs=2 | usersMs=1 | catalogMs=2
recommendations request | id=158a1d15-43be-4204-9266-456210e66211 | GET /recommendations/1 | status=200 | durationMs=2 | usersMs=2 | catalogMs=1
recommendations request | id=5d0549b9-986b-4f55-8bc7-4f080a3fd7f8 | GET /recommendations/1 | status=200 | durationMs=2 | usersMs=1 | catalogMs=2
recommendations request | id=03980a72-6f51-40f8-85ea-816469e6ad68 | GET /recommendations/1 | status=200 | durationMs=2 | usersMs=1 | catalogMs=1
recommendations request | id=3d355c13-236e-4f21-8481-cc31c2a73a94 | GET /recommendations/1 | status=200 | durationMs=2 | usersMs=1 | catalogMs=2
recommendations request | id=0bb563cc-85a0-424c-987a-6fb3a87669e8 | GET /recommendations/1 | status=200 | durationMs=3 | usersMs=1 | catalogMs=2
recommendations request | id=76645827-f277-47fd-a039-8029c16d1e93 | GET /recommendations/1 | status=200 | durationMs=2 | usersMs=1 | catalogMs=1
recommendations request | id=09e36d3a-6795-41f8-bd95-c0c05795a392 | GET /recommendations/1 | status=200 | durationMs=2 | usersMs=2 | catalogMs=2
recommendations request | id=71375548-8454-4a22-b92a-113f857b6693 | GET /recommendations/1 | status=200 | durationMs=2 | usersMs=2 | catalogMs=2
recommendations request | id=db21b5f4-545f-43b3-a579-8c9d3f394daa | GET /recommendations/1 | status=200 | durationMs=2 | usersMs=2 | catalogMs=1
recommendations request | id=2c15dd3f-fac4-42ce-8089-87c3201583ac | GET /recommendations/1 | status=200 | durationMs=1 | usersMs=1 | catalogMs=1
recommendations request | id=711a4d3a-8851-46ed-b03f-a5dd7ceb44c1 | GET /recommendations/1 | status=200 | durationMs=1 | usersMs=0 | catalogMs=1
recommendations request | id=8e4ff233-a8fd-4cb7-a60e-8113e085a4b7 | GET /recommendations/1 | status=200 | durationMs=2 | usersMs=2 | catalogMs=1
recommendations request | id=03c6d816-f838-4ce9-9af6-13cbd43b6565 | GET /recommendations/1 | status=200 | durationMs=2 | usersMs=1 | catalogMs=1
recommendations request | id=6aecf7ba-893e-49ea-ba71-dd03a464235a | GET /recommendations/1 | status=200 | durationMs=5 | usersMs=4 | catalogMs=3
recommendations request | id=e41eae3f-cd0b-417e-b619-e67ea16ce1f6 | GET /recommendations/1 | status=200 | durationMs=4 | usersMs=3 | catalogMs=4
recommendations request | id=b4cdbaf6-7959-4f0f-b795-374b9d4bdeb1 | GET /recommendations/1 | status=200 | durationMs=5 | usersMs=4 | catalogMs=4
recommendations request | id=c54e34c2-5bf8-46ca-be6d-d8cc48ead59c | GET /recommendations/1 | status=200 | durationMs=3 | usersMs=3 | catalogMs=3
recommendations request | id=b9a10700-7f4e-42a9-b25b-b8a67188ee67 | GET /recommendations/1 | status=200 | durationMs=2 | usersMs=1 | catalogMs=2
recommendations request | id=6539d549-cd89-4a49-8718-7477d0b18277 | GET /recommendations/1 | status=200 | durationMs=3 | usersMs=1 | catalogMs=2
recommendations request | id=0baccf1b-fa38-4936-957a-e995fdaa10ef | GET /recommendations/1 | status=200 | durationMs=2 | usersMs=1 | catalogMs=2
recommendations request | id=6fdceb45-6ecb-4a4e-9bf0-2c40fcbfcfd8 | GET /recommendations/1 | status=200 | durationMs=1 | usersMs=0 | catalogMs=1
recommendations request | id=8b800eae-ac94-4192-a2b4-87a2a1d74d5c | GET /recommendations/1 | status=200 | durationMs=3 | usersMs=2 | catalogMs=2
recommendations request | id=7779174f-e68d-4cd8-8074-5d0c4df554b0 | GET /recommendations/1 | status=200 | durationMs=3 | usersMs=1 | catalogMs=2
recommendations request | id=6b9c7b41-43cc-4798-a717-6df2a816d310 | GET /recommendations/1 | status=200 | durationMs=2 | usersMs=1 | catalogMs=2
recommendations request | id=26061d87-09fc-4a3f-a669-efb3e0bb4ff0 | GET /recommendations/1 | status=200 | durationMs=1 | usersMs=1 | catalogMs=1
recommendations request | id=fb40a3e2-cec6-49b8-adc3-f6fff4701b00 | GET /recommendations/1 | status=200 | durationMs=2 | usersMs=1 | catalogMs=1
recommendations request | id=b2a8e3ab-6f30-4d98-9a8f-bec341b47965 | GET /recommendations/1 | status=200 | durationMs=2 | usersMs=2 | catalogMs=1
recommendations request | id=105f977b-1fd4-4ae6-8ee6-308ae94b4b48 | GET /recommendations/1 | status=200 | durationMs=2 | usersMs=1 | catalogMs=2
recommendations request | id=652c2731-a79c-4781-a0e7-69e664a20217 | GET /recommendations/1 | status=200 | durationMs=1 | usersMs=1 | catalogMs=1
recommendations request | id=8273abf4-cb89-41a3-bae7-86108f246e7b | GET /recommendations/1 | status=200 | durationMs=1 | usersMs=0 | catalogMs=0
recommendations request | id=3ad24162-dc4b-4fb3-92fe-1f1385a08c0b | GET /recommendations/1 | status=200 | durationMs=1 | usersMs=0 | catalogMs=1
recommendations request | id=f955bed1-7ef1-420a-a350-6f2dd782f5ba | GET /recommendations/1 | status=200 | durationMs=1 | usersMs=0 | catalogMs=1
recommendations request | id=73881ffc-c8b0-48ca-9e22-71c9b25ccf6f | GET /recommendations/1 | status=200 | durationMs=1 | usersMs=1 | catalogMs=1
recommendations request | id=bd40bd61-2791-4160-a04c-3b4b77e13e1f | GET /recommendations/1 | status=200 | durationMs=2 | usersMs=1 | catalogMs=1
recommendations request | id=df6ecd3f-c04b-4368-a1bb-be2bcdf4e623 | GET /recommendations/1 | status=200 | durationMs=2 | usersMs=1 | catalogMs=2
recommendations request | id=351f5c3b-dade-45bf-8a88-24f7885537db | GET /recommendations/1 | status=200 | durationMs=1 | usersMs=0 | catalogMs=1
recommendations request | id=5e398bfb-b4bd-4976-87c3-e64fe1dc2aa8 | GET /recommendations/1 | status=200 | durationMs=1 | usersMs=1 | catalogMs=0
recommendations request | id=4029c632-0d9f-4bd6-abbc-43acce644349 | GET /recommendations/1 | status=200 | durationMs=1 | usersMs=0 | catalogMs=0
recommendations request | id=62c33236-9419-4756-8d19-7d63eb6b3e8f | GET /recommendations/1 | status=200 | durationMs=1 | usersMs=1 | catalogMs=1
recommendations request | id=2ed34596-36d4-46d5-9160-0d5f056bfb29 | GET /recommendations/1 | status=200 | durationMs=1 | usersMs=0 | catalogMs=0
recommendations request | id=839384b9-9e2e-41d2-9db4-d465f309c15a | GET /recommendations/1 | status=200 | durationMs=2 | usersMs=1 | catalogMs=1
recommendations request | id=93626945-6a7b-4ddd-8b2c-1f7fbcef041c | GET /recommendations/1 | status=200 | durationMs=1 | usersMs=0 | catalogMs=1
recommendations request | id=0b9b5754-cfda-449b-9bd4-c7cc322a89cb | GET /recommendations/1 | status=200 | durationMs=2 | usersMs=1 | catalogMs=1
recommendations request | id=9d2ce8ae-540d-4eed-8dde-4a9fab03d45a | GET /recommendations/1 | status=200 | durationMs=2 | usersMs=1 | catalogMs=2
recommendations request | id=eb88f17c-6cba-4d0f-b81a-8a1df7cb2e91 | GET /recommendations/1 | status=200 | durationMs=2 | usersMs=1 | catalogMs=1
recommendations request | id=91056f26-e58f-443b-865a-1842767402d1 | GET /recommendations/1 | status=200 | durationMs=2 | usersMs=1 | catalogMs=2
recommendations request | id=1b402f44-5311-440f-8628-45b206dc4261 | GET /recommendations/1 | status=200 | durationMs=2 | usersMs=1 | catalogMs=1
recommendations request | id=279d6fc5-2bae-451f-9f1b-17a2aca88169 | GET /recommendations/1 | status=200 | durationMs=2 | usersMs=1 | catalogMs=2
recommendations request | id=61a863f4-3300-4117-8d65-f76cd04bf430 | GET /recommendations/1 | status=200 | durationMs=1 | usersMs=1 | catalogMs=1
recommendations request | id=0d171996-f682-4f28-abb7-ca49998df70c | GET /recommendations/1 | status=200 | durationMs=2 | usersMs=1 | catalogMs=1
recommendations request | id=c0397b42-a167-4752-a6fc-1de5014bb681 | GET /recommendations/1 | status=200 | durationMs=4 | usersMs=2 | catalogMs=2
recommendations request | id=323785ad-f7b9-449b-af25-9c041a3699a9 | GET /recommendations/1 | status=200 | durationMs=3 | usersMs=2 | catalogMs=3
recommendations request | id=1e085923-f2bc-465c-8faa-464fd8744a5c | GET /recommendations/1 | status=200 | durationMs=3 | usersMs=1 | catalogMs=3
recommendations request | id=f894c319-c374-4469-a16b-b9c332018a58 | GET /recommendations/1 | status=200 | durationMs=2 | usersMs=1 | catalogMs=2
recommendations request | id=2841a01a-3aa0-4e57-9c5d-6e07b5f15081 | GET /recommendations/1 | status=200 | durationMs=3 | usersMs=2 | catalogMs=2
recommendations request | id=1882a7df-bdae-4eea-87d6-35298c7b6116 | GET /recommendations/1 | status=200 | durationMs=4 | usersMs=3 | catalogMs=3
recommendations request | id=e03371ee-c5f4-49d7-a259-daf9acb7e133 | GET /recommendations/1 | status=200 | durationMs=2 | usersMs=1 | catalogMs=1
recommendations request | id=d6d26b17-58d2-40d3-b1b9-98264d6ec80f | GET /recommendations/1 | status=200 | durationMs=2 | usersMs=2 | catalogMs=2
recommendations request | id=020eb138-76eb-41d2-b9fe-384e5fadfcdf | GET /recommendations/1 | status=200 | durationMs=3 | usersMs=2 | catalogMs=2
recommendations request | id=5d922026-cdbc-4eb4-9dbe-39bc8498948c | GET /recommendations/1 | status=200 | durationMs=2 | usersMs=1 | catalogMs=2
recommendations request | id=121d440d-0f72-4378-bcd3-42aeef45366b | GET /recommendations/1 | status=200 | durationMs=2 | usersMs=0 | catalogMs=1
recommendations request | id=4767974e-b122-4069-9bff-9636f5b02f7d | GET /recommendations/1 | status=200 | durationMs=2 | usersMs=1 | catalogMs=2
recommendations request | id=a195fea7-0bbb-47aa-af46-857a9913c7f7 | GET /recommendations/1 | status=200 | durationMs=2 | usersMs=1 | catalogMs=2
recommendations request | id=c811efe1-bf13-43a4-b7f1-e5eb389d77fc | GET /recommendations/1 | status=200 | durationMs=1 | usersMs=0 | catalogMs=1
recommendations request | id=e08cd45e-b568-4104-8184-0f70a43bb846 | GET /recommendations/1 | status=200 | durationMs=2 | usersMs=1 | catalogMs=1
recommendations request | id=9a68d82e-eda8-415c-b55a-c9fa2ecffd6d | GET /recommendations/1 | status=200 | durationMs=2 | usersMs=1 | catalogMs=2
recommendations request | id=ddbb9b59-14d5-4b31-8327-3cb41ad03a45 | GET /recommendations/1 | status=200 | durationMs=1 | usersMs=1 | catalogMs=1
recommendations request | id=2b133dbf-71fc-4260-b253-112c6d13c0d5 | GET /recommendations/1 | status=200 | durationMs=2 | usersMs=1 | catalogMs=2
recommendations request | id=ee1dc5c0-1089-421d-b117-6d21ffa694e0 | GET /recommendations/1 | status=200 | durationMs=1 | usersMs=0 | catalogMs=1
recommendations request | id=a84fbea8-3924-42d6-97ca-342bf1f10a90 | GET /recommendations/1 | status=200 | durationMs=8 | usersMs=1 | catalogMs=8
recommendations request | id=97ae3909-87db-46ea-8963-90d970940359 | GET /recommendations/1 | status=200 | durationMs=9 | usersMs=8 | catalogMs=9
recommendations request | id=9e4bfb63-badb-4f03-96e1-076cdebd968c | GET /recommendations/1 | status=200 | durationMs=9 | usersMs=8 | catalogMs=8
recommendations request | id=e79a8b4c-b153-4fad-85b7-256347f3546b | GET /recommendations/1 | status=200 | durationMs=9 | usersMs=8 | catalogMs=8
recommendations request | id=a928be71-db53-47e0-8f0f-5f47518fcdf1 | GET /recommendations/1 | status=200 | durationMs=2 | usersMs=1 | catalogMs=1
recommendations request | id=a4ca1f11-78ad-4237-a1cf-a69703408b2a | GET /recommendations/1 | status=200 | durationMs=1 | usersMs=0 | catalogMs=1
recommendations request | id=c1c5e077-8909-4bf7-bf78-e626b1a13378 | GET /recommendations/1 | status=200 | durationMs=2 | usersMs=1 | catalogMs=2
recommendations request | id=1a17f443-e07f-4665-9181-fd5100fbb796 | GET /recommendations/1 | status=200 | durationMs=1 | usersMs=1 | catalogMs=1
recommendations request | id=20e9eb87-d747-4e98-9bc4-d2e2c84f54a1 | GET /recommendations/1 | status=200 | durationMs=2 | usersMs=1 | catalogMs=1
recommendations request | id=dc1c8063-813d-4037-90dc-61b9b469f002 | GET /recommendations/1 | status=200 | durationMs=2 | usersMs=1 | catalogMs=1
recommendations request | id=7121f89d-b34e-439a-9ef5-4bbd824839f4 | GET /recommendations/1 | status=200 | durationMs=1 | usersMs=1 | catalogMs=1
recommendations request | id=7caf296b-4acc-4349-be05-739727e05f73 | GET /recommendations/1 | status=200 | durationMs=2 | usersMs=1 | catalogMs=2
recommendations request | id=fdc71385-e93b-49c8-a02f-aa58007790ec | GET /recommendations/1 | status=200 | durationMs=3 | usersMs=1 | catalogMs=2
recommendations request | id=b3fadb79-6e98-4977-b5f3-9573f4ca4284 | GET /recommendations/1 | status=200 | durationMs=2 | usersMs=1 | catalogMs=2
recommendations request | id=11e4544a-c54f-4df7-9154-238f43621cff | GET /recommendations/1 | status=200 | durationMs=2 | usersMs=1 | catalogMs=2
recommendations request | id=0a6629ef-f746-4905-96c2-afc5e20f585e | GET /recommendations/1 | status=200 | durationMs=2 | usersMs=0 | catalogMs=2
recommendations request | id=58c87599-bcad-4d58-9f4d-47fc1520497b | GET /recommendations/1 | status=200 | durationMs=1 | usersMs=0 | catalogMs=1
recommendations request | id=a91137ea-7ab9-4cf5-86cb-42108f2cf78c | GET /recommendations/1 | status=200 | durationMs=1 | usersMs=1 | catalogMs=1
recommendations request | id=72d8152e-1fc6-416d-8835-d8023e8ff957 | GET /recommendations/1 | status=200 | durationMs=2 | usersMs=1 | catalogMs=2
recommendations request | id=2008cdf5-232e-4776-9711-0c63bd23fd90 | GET /recommendations/1 | status=200 | durationMs=2 | usersMs=1 | catalogMs=1
recommendations request | id=3278db08-9a07-49db-af9e-bfbd156c2312 | GET /recommendations/1 | status=200 | durationMs=2 | usersMs=0 | catalogMs=1
recommendations request | id=8b9f23c8-73e2-48cc-9776-babd6ed2ad73 | GET /recommendations/1 | status=200 | durationMs=2 | usersMs=1 | catalogMs=2
recommendations request | id=dc8b0f33-cf67-4ce1-acde-f6a735d77fda | GET /recommendations/1 | status=200 | durationMs=2 | usersMs=1 | catalogMs=2
recommendations request | id=9f405730-0fce-43a0-936a-b4f2aeb0bcff | GET /recommendations/1 | status=200 | durationMs=1 | usersMs=0 | catalogMs=1
recommendations request | id=01b723da-a7df-47cc-8a01-d074203843e0 | GET /recommendations/1 | status=200 | durationMs=2 | usersMs=1 | catalogMs=1
recommendations request | id=7a38e9b2-a6da-4db0-b7b7-a3a1d5e74590 | GET /recommendations/1 | status=200 | durationMs=2 | usersMs=1 | catalogMs=2
recommendations request | id=472ae0ea-89c3-4ae4-89f9-ea9a1b59c825 | GET /recommendations/1 | status=200 | durationMs=2 | usersMs=1 | catalogMs=2
recommendations request | id=ee828143-5709-481e-93ab-e6cbb393484e | GET /recommendations/1 | status=200 | durationMs=3 | usersMs=1 | catalogMs=2
recommendations request | id=31077735-6d97-402b-9a9c-b1b35c114385 | GET /recommendations/1 | status=200 | durationMs=1 | usersMs=1 | catalogMs=1
recommendations request | id=c3881983-2420-4f76-b86e-4718531018e6 | GET /recommendations/1 | status=200 | durationMs=2 | usersMs=1 | catalogMs=2
recommendations request | id=de690734-e0fe-49dd-acae-7cbd7c036cb9 | GET /recommendations/1 | status=200 | durationMs=2 | usersMs=1 | catalogMs=1
recommendations request | id=ef64d991-91d5-41a9-bd99-a6fbe5e0c6d8 | GET /recommendations/1 | status=200 | durationMs=1 | usersMs=1 | catalogMs=1
recommendations request | id=45900de3-a7d4-4b76-9017-8ee86ea9f53a | GET /recommendations/1 | status=200 | durationMs=1 | usersMs=1 | catalogMs=1
recommendations request | id=5cccfd98-dbef-4bc3-ac71-a1d1f7d7d1c9 | GET /recommendations/1 | status=200 | durationMs=2 | usersMs=1 | catalogMs=1
recommendations request | id=ef2e35a1-b5fc-431a-95ef-31c965b2c074 | GET /recommendations/1 | status=200 | durationMs=2 | usersMs=1 | catalogMs=2
recommendations request | id=660f99f9-9e09-4075-9548-c5b217a7769c | GET /recommendations/1 | status=200 | durationMs=1 | usersMs=0 | catalogMs=1
recommendations request | id=ada652bf-e403-47f3-9999-800f9fa3ac30 | GET /recommendations/1 | status=200 | durationMs=2 | usersMs=1 | catalogMs=1
recommendations request | id=bd736eea-83f7-4b0e-88d3-f3f44de1eab3 | GET /recommendations/1 | status=200 | durationMs=2 | usersMs=1 | catalogMs=2
recommendations request | id=4189f464-c517-463f-a962-4d84f6bba2af | GET /recommendations/1 | status=200 | durationMs=2 | usersMs=1 | catalogMs=1
recommendations request | id=6eedd238-d4e8-4da3-8a01-9abaa548b909 | GET /recommendations/1 | status=200 | durationMs=2 | usersMs=1 | catalogMs=1
recommendations request | id=0c398981-ba57-4192-a4c5-6f0594650069 | GET /recommendations/1 | status=200 | durationMs=3 | usersMs=2 | catalogMs=2
recommendations request | id=7294c1f0-e332-43bd-826a-e2a454c4191c | GET /recommendations/1 | status=200 | durationMs=3 | usersMs=1 | catalogMs=2
recommendations request | id=77694376-f4d0-4a33-86c7-2828b581d527 | GET /recommendations/1 | status=200 | durationMs=2 | usersMs=1 | catalogMs=1
recommendations request | id=6fa565df-9ec9-4dd7-968e-f853d647c1b6 | GET /recommendations/1 | status=200 | durationMs=2 | usersMs=1 | catalogMs=1
recommendations request | id=b14a9bc0-d480-4a3d-aac1-c025cad7d5ae | GET /recommendations/1 | status=200 | durationMs=2 | usersMs=2 | catalogMs=1
recommendations request | id=93c3905b-1a2d-4332-9130-355443239c28 | GET /recommendations/1 | status=200 | durationMs=2 | usersMs=1 | catalogMs=1
recommendations request | id=c66a54bd-f9e3-491d-b992-8168efb5f46b | GET /recommendations/1 | status=200 | durationMs=2 | usersMs=1 | catalogMs=2
recommendations request | id=49aa9017-a901-4c8d-8d5a-9e2ad56427d1 | GET /recommendations/1 | status=200 | durationMs=2 | usersMs=1 | catalogMs=1
recommendations request | id=c1c702cf-64b4-4f8c-89d3-889d61c8a303 | GET /recommendations/1 | status=200 | durationMs=2 | usersMs=0 | catalogMs=1
recommendations request | id=66fcf346-858d-4431-b525-ada05a91cef0 | GET /recommendations/1 | status=200 | durationMs=2 | usersMs=1 | catalogMs=1
recommendations request | id=fc999ad0-f41e-4dd3-a22a-8d90fd195efb | GET /recommendations/1 | status=200 | durationMs=3 | usersMs=1 | catalogMs=2
recommendations request | id=07d38ff3-3d73-4df2-8c1d-d3916366b520 | GET /recommendations/1 | status=200 | durationMs=2 | usersMs=1 | catalogMs=1
recommendations request | id=3f663eac-66f6-405a-9232-bb1c1ef2ca9e | GET /recommendations/1 | status=200 | durationMs=1 | usersMs=1 | catalogMs=1
recommendations request | id=2e72d877-60e6-4cbd-9ff8-d1dae25d1cff | GET /recommendations/1 | status=200 | durationMs=1 | usersMs=1 | catalogMs=1
recommendations request | id=a2b9bf59-9dea-471f-aa0d-e44ed02b7176 | GET /recommendations/1 | status=200 | durationMs=1 | usersMs=1 | catalogMs=1
recommendations request | id=f523e8e9-d81b-43ce-a00e-bf249573db85 | GET /recommendations/1 | status=200 | durationMs=1 | usersMs=0 | catalogMs=1
recommendations request | id=3d96c2c0-f10c-4387-a39a-b6a2a2e823f1 | GET /recommendations/1 | status=200 | durationMs=1 | usersMs=1 | catalogMs=1
recommendations request | id=6a91a7fc-9f08-4200-81d1-a5b55d9da96b | GET /recommendations/1 | status=200 | durationMs=2 | usersMs=1 | catalogMs=2
recommendations request | id=d1be4033-a42e-4f90-891d-a276920e738e | GET /recommendations/1 | status=200 | durationMs=2 | usersMs=1 | catalogMs=1
recommendations request | id=8229f396-971f-4616-9de6-18206b355a69 | GET /recommendations/1 | status=200 | durationMs=1 | usersMs=1 | catalogMs=1
recommendations request | id=8d830551-244f-4c66-8065-8e0fade74fe1 | GET /recommendations/1 | status=200 | durationMs=2 | usersMs=1 | catalogMs=1
recommendations request | id=28743dc5-62f3-4da1-b99d-877384f39765 | GET /recommendations/1 | status=200 | durationMs=2 | usersMs=1 | catalogMs=1
recommendations request | id=36c9ea45-5956-4267-a2cb-e537410578fc | GET /recommendations/1 | status=200 | durationMs=2 | usersMs=1 | catalogMs=1
recommendations request | id=928eff11-6ebc-4618-9041-28eb53aa81c1 | GET /recommendations/1 | status=200 | durationMs=2 | usersMs=1 | catalogMs=2
recommendations request | id=690deeab-1442-4f3b-a6f0-9a710009b379 | GET /recommendations/1 | status=200 | durationMs=2 | usersMs=1 | catalogMs=1
recommendations request | id=da54b625-1dec-4778-bf7d-2e18cedb7b4f | GET /recommendations/1 | status=200 | durationMs=1 | usersMs=0 | catalogMs=1
recommendations request | id=3778b053-0c07-49ec-8f4c-82ceb65fcb20 | GET /recommendations/1 | status=200 | durationMs=2 | usersMs=1 | catalogMs=1
recommendations request | id=94fae179-ba89-4871-8ef5-cdc78999fcc9 | GET /recommendations/1 | status=200 | durationMs=2 | usersMs=2 | catalogMs=2
recommendations request | id=8b3e068e-d287-45ac-99bc-048c0ce5c34a | GET /recommendations/1 | status=200 | durationMs=2 | usersMs=1 | catalogMs=1
recommendations request | id=7ca2e155-c15c-4423-bcbc-575e2936f1a5 | GET /recommendations/1 | status=200 | durationMs=2 | usersMs=1 | catalogMs=1
recommendations request | id=da9fb1cf-d6b6-4155-85ce-86f6d710555c | GET /recommendations/1 | status=200 | durationMs=2 | usersMs=0 | catalogMs=1
recommendations request | id=0f5bea14-9d63-42aa-84b7-adcc82c28bf0 | GET /recommendations/1 | status=200 | durationMs=1 | usersMs=0 | catalogMs=1
recommendations request | id=3613c674-572b-43a0-8fcf-4c4d9d68a8ce | GET /recommendations/1 | status=200 | durationMs=1 | usersMs=1 | catalogMs=1
recommendations request | id=d27c1f91-7f2c-4bf3-9032-105e0ab12298 | GET /recommendations/1 | status=200 | durationMs=2 | usersMs=1 | catalogMs=1
recommendations request | id=e281b522-2a91-49da-8fad-7c99da3ad08a | GET /recommendations/1 | status=200 | durationMs=2 | usersMs=1 | catalogMs=2
recommendations request | id=63a91266-6ed8-47ea-9f48-63c52444a85b | GET /recommendations/1 | status=200 | durationMs=3 | usersMs=2 | catalogMs=1
recommendations request | id=0f777d27-b9eb-422b-aba6-0a13859e1ad9 | GET /recommendations/1 | status=200 | durationMs=4 | usersMs=2 | catalogMs=2
recommendations request | id=8bb98616-e74f-4369-ab06-70f8342d3b2f | GET /recommendations/1 | status=200 | durationMs=4 | usersMs=1 | catalogMs=3
recommendations request | id=f13debbb-97b2-419b-947b-7bc386adf367 | GET /recommendations/1 | status=200 | durationMs=1 | usersMs=0 | catalogMs=1
recommendations request | id=d5017f75-c1d5-435e-b9eb-3bf4ea77a221 | GET /recommendations/1 | status=200 | durationMs=1 | usersMs=1 | catalogMs=1
recommendations request | id=a0be7a99-c7c9-4517-b11c-0eabd5058148 | GET /recommendations/1 | status=200 | durationMs=1 | usersMs=1 | catalogMs=1
recommendations request | id=d0083a33-2740-4839-a9fb-6b697da4add0 | GET /recommendations/1 | status=200 | durationMs=2 | usersMs=2 | catalogMs=2
recommendations request | id=eff92684-df7f-4d0b-a35b-2376ad40a9ee | GET /recommendations/1 | status=200 | durationMs=2 | usersMs=1 | catalogMs=2
recommendations request | id=5689b21c-422f-4d45-9ea8-04d127249d68 | GET /recommendations/1 | status=200 | durationMs=2 | usersMs=1 | catalogMs=2
recommendations request | id=cd446916-3917-4476-878a-8965ef7d3f50 | GET /recommendations/1 | status=200 | durationMs=2 | usersMs=1 | catalogMs=0
recommendations request | id=2abd6fa9-3aea-4c81-a1b4-583496f42489 | GET /recommendations/1 | status=200 | durationMs=1 | usersMs=1 | catalogMs=1
recommendations request | id=6939bdd2-674c-4817-b38e-801b8114d576 | GET /recommendations/1 | status=200 | durationMs=2 | usersMs=1 | catalogMs=0
recommendations request | id=15d31864-d742-47fa-b2e1-a3a345e13250 | GET /recommendations/1 | status=200 | durationMs=2 | usersMs=1 | catalogMs=1
recommendations request | id=6b9c3c2c-a36c-42c8-bdb2-e8b33c51cc87 | GET /recommendations/1 | status=200 | durationMs=1 | usersMs=1 | catalogMs=1
recommendations request | id=d1ed77dc-ed75-4c1d-9438-0773af483c0a | GET /recommendations/1 | status=200 | durationMs=1 | usersMs=1 | catalogMs=1
recommendations request | id=c7f818b3-6ad3-478a-819f-6ed101257aef | GET /recommendations/1 | status=200 | durationMs=2 | usersMs=1 | catalogMs=1
recommendations request | id=d344d050-c7cf-4b56-b13f-22bd70b25cec | GET /recommendations/1 | status=200 | durationMs=2 | usersMs=1 | catalogMs=0
recommendations request | id=01f0a338-9123-4fc4-939e-c368a5422683 | GET /recommendations/1 | status=200 | durationMs=3 | usersMs=1 | catalogMs=2
recommendations request | id=882be7d1-5c31-4ed6-9eea-a96a0583c794 | GET /recommendations/1 | status=200 | durationMs=3 | usersMs=1 | catalogMs=3
recommendations request | id=da701dbd-bf66-45c1-9664-84183ffabfe7 | GET /recommendations/1 | status=200 | durationMs=3 | usersMs=1 | catalogMs=2
recommendations request | id=2bbf7a98-6cec-4ea3-a36f-cc1f00c0a2f3 | GET /recommendations/1 | status=200 | durationMs=3 | usersMs=1 | catalogMs=3
recommendations request | id=e9ec140d-17c0-4e9a-8c75-fc2f8d20b28b | GET /recommendations/1 | status=200 | durationMs=1 | usersMs=1 | catalogMs=1
recommendations request | id=8273deb6-cbd3-4d47-9d58-2516ba20de26 | GET /recommendations/1 | status=200 | durationMs=2 | usersMs=1 | catalogMs=2
recommendations request | id=cefae374-3be4-4dab-bc35-2560adbced2d | GET /recommendations/1 | status=200 | durationMs=1 | usersMs=0 | catalogMs=1
recommendations request | id=4f9cb67e-bd19-4e41-a7b3-d16df470ab27 | GET /recommendations/1 | status=200 | durationMs=1 | usersMs=1 | catalogMs=1
recommendations request | id=92a87edc-8749-4cb0-bba1-482da198467e | GET /recommendations/1 | status=200 | durationMs=2 | usersMs=1 | catalogMs=2
recommendations request | id=5f4e0dd0-4049-4ac5-b7dc-be042a05fe96 | GET /recommendations/1 | status=200 | durationMs=2 | usersMs=1 | catalogMs=2
recommendations request | id=451aa242-a59d-4e58-92ed-7ade25ead757 | GET /recommendations/1 | status=200 | durationMs=3 | usersMs=2 | catalogMs=3
recommendations request | id=fd2927f6-726f-4f55-aa0d-b832af3e32c2 | GET /recommendations/1 | status=200 | durationMs=3 | usersMs=1 | catalogMs=3
recommendations request | id=d16e988e-3e50-49aa-ae44-76318867418e | GET /recommendations/1 | status=200 | durationMs=2 | usersMs=1 | catalogMs=2
