catalog cache disabled
catalog listening on port 3001
catalog request | id=a2777c95-9a58-4fb0-b618-d6bca4b41695 | GET /catalog | status=200 | durationMs=7 | cache=MISS | source=dataset | key=catalog:all
catalog request | id=6b7ad109-08d3-4ffd-8ff3-15dd4745a2ad | GET /catalog | status=200 | durationMs=1 | cache=MISS | source=dataset | key=catalog:all
catalog request | id=8cdddca9-bee4-4fb1-b99b-e4cdb86712e2 | GET /catalog | status=200 | durationMs=0 | cache=MISS | source=dataset | key=catalog:all
catalog request | id=6a37e995-41b9-49e1-83c3-332c4b359435 | GET /catalog | status=200 | durationMs=1 | cache=MISS | source=dataset | key=catalog:all
catalog request | id=00cba9ef-dbf0-49a3-8225-614fe36ce3c4 | GET /catalog | status=200 | durationMs=0 | cache=MISS | source=dataset | key=catalog:all
catalog request | id=e7acd249-4ffd-40e8-9dc6-ce9297182a07 | GET /catalog | status=200 | durationMs=1 | cache=MISS | source=dataset | key=catalog:all
catalog request | id=fa047081-bb33-43a9-a45b-34b34fe11ce9 | GET /catalog | status=200 | durationMs=1 | cache=MISS | source=dataset | key=catalog:all
catalog request | id=7ff430d2-1e64-4913-8d0f-872557c84215 | GET /catalog | status=200 | durationMs=0 | cache=MISS | source=dataset | key=catalog:all
catalog request | id=a5c9e43f-4d93-4ea1-a2bd-76ca360f31f4 | GET /catalog | status=200 | durationMs=0 | cache=MISS | source=dataset | key=catalog:all
catalog request | id=795e586b-699e-48e0-8b33-0181a589c127 | GET /catalog | status=200 | durationMs=1 | cache=MISS | source=dataset | key=catalog:all
catalog request | id=b9362b8d-29cf-4b98-b57e-fad753806f05 | GET /catalog | status=200 | durationMs=0 | cache=MISS | source=dataset | key=catalog:all
catalog request | id=a782aff8-e4b2-4a08-a510-52871483f668 | GET /catalog | status=200 | durationMs=0 | cache=MISS | source=dataset | key=catalog:all
catalog request | id=8eaac51c-692a-4f37-b88c-0080c0ff802e | GET /catalog | status=200 | durationMs=0 | cache=MISS | source=dataset | key=catalog:all
catalog request | id=571c652b-8f6c-4c4b-9a1a-4d0a4a3706b5 | GET /catalog | status=200 | durationMs=0 | cache=MISS | source=dataset | key=catalog:all
catalog request | id=d8cf5340-27c5-40f7-963d-f85f9da72bff | GET /catalog | status=200 | durationMs=0 | cache=MISS | source=dataset | key=catalog:all
catalog request | id=e444d731-515d-457c-9cdf-8cfe71a25f03 | GET /catalog | status=200 | durationMs=0 | cache=MISS | source=dataset | key=catalog:all
catalog request | id=fef0f3cc-6573-4f35-9322-2ecab4c1d6c4 | GET /catalog | status=200 | durationMs=0 | cache=MISS | source=dataset | key=catalog:all
catalog request | id=ee86711e-306f-4946-b781-61f7cf75a3de | GET /catalog | status=200 | durationMs=0 | cache=MISS | source=dataset | key=catalog:all
catalog request | id=8d5b7d17-56cf-4c8f-befc-826471c3bfcd | GET /catalog | status=200 | durationMs=1 | cache=MISS | source=dataset | key=catalog:all
catalog request | id=0bba261f-aab6-4869-ab19-402dd56ba0c0 | GET /catalog | status=200 | durationMs=1 | cache=MISS | source=dataset | key=catalog:all
catalog request | id=25b8c329-3045-47ed-b889-ee8c2f062e7f | GET /catalog | status=200 | durationMs=0 | cache=MISS | source=dataset | key=catalog:all
catalog request | id=d86e5361-5ced-441d-a233-0debea099907 | GET /catalog | status=200 | durationMs=0 | cache=MISS | source=dataset | key=catalog:all
catalog request | id=a6da6732-939f-4cdb-8ca8-aac04609c57a | GET /catalog | status=200 | durationMs=1 | cache=MISS | source=dataset | key=catalog:all
catalog request | id=be0bcfd1-60a0-4780-9c40-44e7582c7e71 | GET /catalog | status=200 | durationMs=0 | cache=MISS | source=dataset | key=catalog:all
catalog request | id=2d3ce97f-22a2-4a34-a073-9ad511380a81 | GET /catalog | status=200 | durationMs=0 | cache=MISS | source=dataset | key=catalog:all
catalog request | id=75967958-af5d-4f1f-b81d-383c37cc6f00 | GET /catalog | status=200 | durationMs=0 | cache=MISS | source=dataset | key=catalog:all
catalog request | id=d95f0c16-091b-42df-bae5-71b3a2d81955 | GET /catalog | status=200 | durationMs=0 | cache=MISS | source=dataset | key=catalog:all
catalog request | id=3122905c-2846-4c54-a858-8eb398e96c98 | GET /catalog | status=200 | durationMs=0 | cache=MISS | source=dataset | key=catalog:all
catalog request | id=6232a7fc-858a-4be9-9eeb-77088fd9757a | GET /catalog | status=200 | durationMs=1 | cache=MISS | source=dataset | key=catalog:all
catalog request | id=d0d5f99a-1391-405e-bf20-e06008de94fc | GET /catalog | status=200 | durationMs=1 | cache=MISS | source=dataset | key=catalog:all
catalog request | id=42bbc33f-0e5b-455b-9465-9d634de14436 | GET /catalog | status=200 | durationMs=0 | cache=MISS | source=dataset | key=catalog:all
catalog request | id=571ac232-d0ee-4e1b-b7df-a3bbf06059e9 | GET /catalog | status=200 | durationMs=0 | cache=MISS | source=dataset | key=catalog:all
catalog request | id=0835271e-dbb4-435b-8122-d98dd60f4b2f | GET /catalog | status=200 | durationMs=1 | cache=MISS | source=dataset | key=catalog:all
catalog request | id=6d529312-9ba5-4201-981f-6634af062ba0 | GET /catalog | status=200 | durationMs=1 | cache=MISS | source=dataset | key=catalog:all
catalog request | id=a2df2d08-666f-4231-88ac-000cdc16a2ca | GET /catalog | status=200 | durationMs=1 | cache=MISS | source=dataset | key=catalog:all
catalog request | id=88d453ab-eddc-429b-9014-01b3ecc0bd7d | GET /catalog | status=200 | durationMs=1 | cache=MISS | source=dataset | key=catalog:all
catalog request | id=ea2ce8b7-9bf1-48a5-b339-8af4c3202e55 | GET /catalog | status=200 | durationMs=0 | cache=MISS | source=dataset | key=catalog:all
catalog request | id=edd6955f-95d3-4968-8b08-d5aeb1e7ee3e | GET /catalog | status=200 | durationMs=0 | cache=MISS | source=dataset | key=catalog:all
catalog request | id=0002cde6-73f5-4e7e-bfb2-3ad1ec6c6901 | GET /catalog | status=200 | durationMs=1 | cache=MISS | source=dataset | key=catalog:all
catalog request | id=11fac054-d7e3-4d53-b27f-d394c99d1c69 | GET /catalog | status=200 | durationMs=0 | cache=MISS | source=dataset | key=catalog:all
catalog request | id=e335ca2c-79c7-4172-98e2-aeef239c6fbf | GET /catalog | status=200 | durationMs=0 | cache=MISS | source=dataset | key=catalog:all
catalog request | id=3f3a1981-e9d6-45ac-8641-582850717924 | GET /catalog | status=200 | durationMs=1 | cache=MISS | source=dataset | key=catalog:all
catalog request | id=813c0e38-2c29-480c-8e8a-edf25aced245 | GET /catalog | status=200 | durationMs=1 | cache=MISS | source=dataset | key=catalog:all
catalog request | id=ac4c5af7-86e3-4c88-898d-4672808e09f4 | GET /catalog | status=200 | durationMs=0 | cache=MISS | source=dataset | key=catalog:all
catalog request | id=c2b1acd8-cb34-401d-9758-3586a4b384bf | GET /catalog | status=200 | durationMs=0 | cache=MISS | source=dataset | key=catalog:all
catalog request | id=29714d4b-2d9e-41a1-9b29-dfc47e6964f4 | GET /catalog | status=200 | durationMs=0 | cache=MISS | source=dataset | key=catalog:all
catalog request | id=fcb4104e-90fb-42f3-a5a1-6bbdccea544b | GET /catalog | status=200 | durationMs=1 | cache=MISS | source=dataset | key=catalog:all
catalog request | id=afbe45bf-520a-4734-ab49-b793e02ca2c8 | GET /catalog | status=200 | durationMs=1 | cache=MISS | source=dataset | key=catalog:all
catalog request | id=506ff054-b654-4a80-b98b-2dffd76378bc | GET /catalog | status=200 | durationMs=1 | cache=MISS | source=dataset | key=catalog:all
catalog request | id=f486ac12-49f7-4f50-ab6b-c393c6e4f990 | GET /catalog | status=200 | durationMs=1 | cache=MISS | source=dataset | key=catalog:all
catalog request | id=9419fab1-19dc-402f-85d0-9e174df84bac | GET /catalog | status=200 | durationMs=1 | cache=MISS | source=dataset | key=catalog:all
catalog request | id=112d5931-17b4-4e1b-a54c-f7596fa225c8 | GET /catalog | status=200 | durationMs=0 | cache=MISS | source=dataset | key=catalog:all
catalog request | id=cc5b5f35-75e1-49f0-96c1-27c3c0b84676 | GET /catalog | status=200 | durationMs=0 | cache=MISS | source=dataset | key=catalog:all
catalog request | id=7791bb39-5e48-4476-96b4-8138fb4fac5e | GET /catalog | status=200 | durationMs=0 | cache=MISS | source=dataset | key=catalog:all
catalog request | id=f3d6ceeb-11fa-45a4-ab12-fcae79ee39d4 | GET /catalog | status=200 | durationMs=0 | cache=MISS | source=dataset | key=catalog:all
catalog request | id=b06f42fe-adda-422f-b009-c1dac9d121a2 | GET /catalog | status=200 | durationMs=0 | cache=MISS | source=dataset | key=catalog:all
catalog request | id=0da223cc-0259-49f5-a89f-1ad93e8acf7c | GET /catalog | status=200 | durationMs=1 | cache=MISS | source=dataset | key=catalog:all
catalog request | id=33bb933b-a492-4d95-ab32-aa8e1127e040 | GET /catalog | status=200 | durationMs=0 | cache=MISS | source=dataset | key=catalog:all
catalog request | id=4d94eb30-937a-46d9-8687-f5c5bc2044fd | GET /catalog | status=200 | durationMs=0 | cache=MISS | source=dataset | key=catalog:all
catalog request | id=c195571b-4cbe-4a6a-8b52-dd736352db1a | GET /catalog | status=200 | durationMs=1 | cache=MISS | source=dataset | key=catalog:all
catalog request | id=fff0659e-9d65-4094-92a8-6b6a68a16a6a | GET /catalog | status=200 | durationMs=0 | cache=MISS | source=dataset | key=catalog:all
catalog request | id=4b9926de-53da-4016-a597-fdb0ee5e29b7 | GET /catalog | status=200 | durationMs=0 | cache=MISS | source=dataset | key=catalog:all
catalog request | id=167038d6-b435-4894-be0c-29821bef72fc | GET /catalog | status=200 | durationMs=1 | cache=MISS | source=dataset | key=catalog:all
catalog request | id=2dd2da71-fc92-4cf7-87f7-d9c08df81edf | GET /catalog | status=200 | durationMs=0 | cache=MISS | source=dataset | key=catalog:all
catalog request | id=eec1b27c-3642-487a-b8de-25554259ab0d | GET /catalog | status=200 | durationMs=0 | cache=MISS | source=dataset | key=catalog:all
catalog request | id=d99b78e9-397f-43ce-bdb9-9b4cb11c521b | GET /catalog | status=200 | durationMs=0 | cache=MISS | source=dataset | key=catalog:all
catalog request | id=9f21b3c5-6e9f-429f-9de7-521cb05358a9 | GET /catalog | status=200 | durationMs=0 | cache=MISS | source=dataset | key=catalog:all
catalog request | id=3685a9c6-9270-423b-abb7-864c8d2a2e21 | GET /catalog | status=200 | durationMs=0 | cache=MISS | source=dataset | key=catalog:all
catalog request | id=33606a8b-edb8-4a69-ba84-438c0f2236b4 | GET /catalog | status=200 | durationMs=0 | cache=MISS | source=dataset | key=catalog:all
catalog request | id=bf4b31d6-ec49-4b8b-b5de-27ef316b37bc | GET /catalog | status=200 | durationMs=0 | cache=MISS | source=dataset | key=catalog:all
catalog request | id=10e0f34b-6f6d-44f5-93c1-cfdc9fcfe5af | GET /catalog | status=200 | durationMs=0 | cache=MISS | source=dataset | key=catalog:all
catalog request | id=013f60c1-a1fa-4a44-88a8-69e96016555b | GET /catalog | status=200 | durationMs=0 | cache=MISS | source=dataset | key=catalog:all
catalog request | id=41693668-ea1d-48c7-aa06-27403be67c25 | GET /catalog | status=200 | durationMs=1 | cache=MISS | source=dataset | key=catalog:all
catalog request | id=51491484-3e48-4f36-86d3-036287d39a3e | GET /catalog | status=200 | durationMs=0 | cache=MISS | source=dataset | key=catalog:all
catalog request | id=1759043c-0817-48f2-85fb-8c2da92a32a0 | GET /catalog | status=200 | durationMs=1 | cache=MISS | source=dataset | key=catalog:all
catalog request | id=4ac5610f-a493-460c-b8bb-2951d054edb0 | GET /catalog | status=200 | durationMs=0 | cache=MISS | source=dataset | key=catalog:all
catalog request | id=506d7dc3-ce3d-4674-8e91-54424a4c1b77 | GET /catalog | status=200 | durationMs=0 | cache=MISS | source=dataset | key=catalog:all
catalog request | id=e5e0823b-de9e-41c5-8300-055bd79dcb23 | GET /catalog | status=200 | durationMs=1 | cache=MISS | source=dataset | key=catalog:all
catalog request | id=f4fb0944-9869-4d64-b424-61a92d5aad00 | GET /catalog | status=200 | durationMs=1 | cache=MISS | source=dataset | key=catalog:all
catalog request | id=cfc5c7ff-13ea-471a-bd1c-a9f628f1643f | GET /catalog | status=200 | durationMs=0 | cache=MISS | source=dataset | key=catalog:all
catalog request | id=3cdc6cb9-5275-4f0a-9e10-3b89a038c787 | GET /catalog | status=200 | durationMs=0 | cache=MISS | source=dataset | key=catalog:all
catalog request | id=34747ec7-95f9-42ea-b8f7-d1c9089bbbdb | GET /catalog | status=200 | durationMs=1 | cache=MISS | source=dataset | key=catalog:all
catalog request | id=be206f91-9c09-4d98-b99c-7581118e3843 | GET /catalog | status=200 | durationMs=0 | cache=MISS | source=dataset | key=catalog:all
catalog request | id=15ffc9ab-84ea-4477-8d90-90ad15ed59bc | GET /catalog | status=200 | durationMs=1 | cache=MISS | source=dataset | key=catalog:all
catalog request | id=b6a4f47d-00e0-4922-ac3e-05f4b6f4797b | GET /catalog | status=200 | durationMs=0 | cache=MISS | source=dataset | key=catalog:all
catalog request | id=4cda3c80-775b-4299-a898-7fbd5b36d4a0 | GET /catalog | status=200 | durationMs=0 | cache=MISS | source=dataset | key=catalog:all
catalog request | id=66939852-42c3-4591-af52-09a495b58fca | GET /catalog | status=200 | durationMs=0 | cache=MISS | source=dataset | key=catalog:all
catalog request | id=75223614-68fc-4911-b262-8ec8118f4b46 | GET /catalog | status=200 | durationMs=0 | cache=MISS | source=dataset | key=catalog:all
catalog request | id=9e70c880-c861-4710-8c68-192f4e707153 | GET /catalog | status=200 | durationMs=1 | cache=MISS | source=dataset | key=catalog:all
catalog request | id=2716b241-eb11-4caa-9a3c-d6f40db229a1 | GET /catalog | status=200 | durationMs=0 | cache=MISS | source=dataset | key=catalog:all
catalog request | id=daf1f00a-7f72-4208-97e1-4bee6a067759 | GET /catalog | status=200 | durationMs=1 | cache=MISS | source=dataset | key=catalog:all
catalog request | id=659b5acc-e38c-4b28-91f6-96a96ed648b7 | GET /catalog | status=200 | durationMs=0 | cache=MISS | source=dataset | key=catalog:all
catalog request | id=9b9bdad6-8c12-462a-8323-0d55e37522da | GET /catalog | status=200 | durationMs=0 | cache=MISS | source=dataset | key=catalog:all
catalog request | id=377f6419-01a7-4575-879a-4bb02e3b4d7c | GET /catalog | status=200 | durationMs=0 | cache=MISS | source=dataset | key=catalog:all
catalog request | id=8b56ef3c-17b7-4384-a05a-14d31e4525cf | GET /catalog | status=200 | durationMs=0 | cache=MISS | source=dataset | key=catalog:all
catalog request | id=6957040b-5862-4558-84fc-8e6de0e8ea6f | GET /catalog | status=200 | durationMs=0 | cache=MISS | source=dataset | key=catalog:all
catalog request | id=af166a40-d5ba-4e2d-8f12-1f9180fe8177 | GET /catalog | status=200 | durationMs=0 | cache=MISS | source=dataset | key=catalog:all
catalog request | id=c748ca59-ce1f-4457-ad45-c2705d50ae80 | GET /catalog | status=200 | durationMs=0 | cache=MISS | source=dataset | key=catalog:all
catalog request | id=26f9515f-4505-4ea5-99f5-6b06170ad43f | GET /catalog | status=200 | durationMs=0 | cache=MISS | source=dataset | key=catalog:all
catalog request | id=0e5f1c84-5ab1-47b2-9292-d79becb2cf6d | GET /catalog | status=200 | durationMs=0 | cache=MISS | source=dataset | key=catalog:all
catalog request | id=575c4dd7-d3b8-48ac-a622-4d4b71c74e22 | GET /catalog | status=200 | durationMs=0 | cache=MISS | source=dataset | key=catalog:all
catalog request | id=4cf14b51-5e45-4e8c-9b2a-2de9cef3afad | GET /catalog | status=200 | durationMs=0 | cache=MISS | source=dataset | key=catalog:all
catalog request | id=1ded12da-047a-42eb-8dac-5e41b2d15ba2 | GET /catalog | status=200 | durationMs=1 | cache=MISS | source=dataset | key=catalog:all
catalog request | id=fdabaa5f-c07f-47cd-a2bb-9acf8f8ee627 | GET /catalog | status=200 | durationMs=0 | cache=MISS | source=dataset | key=catalog:all
catalog request | id=02fd12d3-bc60-4635-9b16-aad3dcec5db5 | GET /catalog | status=200 | durationMs=1 | cache=MISS | source=dataset | key=catalog:all
catalog request | id=9bd1af2e-016c-4310-9718-66b4906bac49 | GET /catalog | status=200 | durationMs=1 | cache=MISS | source=dataset | key=catalog:all
catalog request | id=2d78ccbc-500d-452f-8614-63b7e949aa62 | GET /catalog | status=200 | durationMs=1 | cache=MISS | source=dataset | key=catalog:all
catalog request | id=13b19122-e114-45a2-9f3c-fdf521d11f40 | GET /catalog | status=200 | durationMs=0 | cache=MISS | source=dataset | key=catalog:all
catalog request | id=9d2c7bcc-6348-49a9-aa20-721a438c9023 | GET /catalog | status=200 | durationMs=0 | cache=MISS | source=dataset | key=catalog:all
catalog request | id=76d291a3-0afd-44a8-895c-643fe7e77fe5 | GET /catalog | status=200 | durationMs=1 | cache=MISS | source=dataset | key=catalog:all
catalog request | id=75730cc1-6b90-48cf-ad15-28ace9b9a8f1 | GET /catalog | status=200 | durationMs=0 | cache=MISS | source=dataset | key=catalog:all
catalog request | id=1c18df9f-bd0e-4766-83ec-d8a4568c8e12 | GET /catalog | status=200 | durationMs=0 | cache=MISS | source=dataset | key=catalog:all
catalog request | id=069a7756-efc5-4dd6-9122-cd041ec346b7 | GET /catalog | status=200 | durationMs=1 | cache=MISS | source=dataset | key=catalog:all
catalog request | id=b4e64df3-fd77-4398-be99-d54f31ec619b | GET /catalog | status=200 | durationMs=0 | cache=MISS | source=dataset | key=catalog:all
catalog request | id=863b06d0-7884-4a32-b9dc-86ea676651fb | GET /catalog | status=200 | durationMs=1 | cache=MISS | source=dataset | key=catalog:all
catalog request | id=71787e3c-dc3a-4366-88f3-76b707caa224 | GET /catalog | status=200 | durationMs=1 | cache=MISS | source=dataset | key=catalog:all
catalog request | id=5e7ff107-d621-4191-a95f-26c064e9ec57 | GET /catalog | status=200 | durationMs=0 | cache=MISS | source=dataset | key=catalog:all
catalog request | id=c367ef5a-75c7-45dd-8774-e9374acc05b2 | GET /catalog | status=200 | durationMs=1 | cache=MISS | source=dataset | key=catalog:all
catalog request | id=8f3c9126-eb7a-44a9-9b43-f8c9a0aabf9a | GET /catalog | status=200 | durationMs=1 | cache=MISS | source=dataset | key=catalog:all
catalog request | id=dd96b972-4f43-4c27-a15a-d92cdcfab087 | GET /catalog | status=200 | durationMs=0 | cache=MISS | source=dataset | key=catalog:all
catalog request | id=412ee83a-db13-4082-a1be-d3962111879b | GET /catalog | status=200 | durationMs=0 | cache=MISS | source=dataset | key=catalog:all
catalog request | id=a92268a7-40cf-4057-95e7-0baa3dce9b20 | GET /catalog | status=200 | durationMs=0 | cache=MISS | source=dataset | key=catalog:all
catalog request | id=fd652b0b-6e73-43c5-b4a8-825c270d1e4b | GET /catalog | status=200 | durationMs=0 | cache=MISS | source=dataset | key=catalog:all
catalog request | id=8c81fba9-fab8-469a-95e2-328a4cbd1a1c | GET /catalog | status=200 | durationMs=1 | cache=MISS | source=dataset | key=catalog:all
catalog request | id=fc171edd-1d58-4f7a-9098-c65637a3437b | GET /catalog | status=200 | durationMs=1 | cache=MISS | source=dataset | key=catalog:all
catalog request | id=ae254f9d-46df-47b5-9cf1-7d08bfbb9cb5 | GET /catalog | status=200 | durationMs=0 | cache=MISS | source=dataset | key=catalog:all
catalog request | id=d92944d7-8513-46a6-8004-2b84283cda72 | GET /catalog | status=200 | durationMs=0 | cache=MISS | source=dataset | key=catalog:all
catalog request | id=5a5bbf39-3661-446d-b1de-91589105410e | GET /catalog | status=200 | durationMs=0 | cache=MISS | source=dataset | key=catalog:all
catalog request | id=322fc8c3-e856-42de-bf35-4b193fb57038 | GET /catalog | status=200 | durationMs=0 | cache=MISS | source=dataset | key=catalog:all
catalog request | id=ef57e7f5-7d3e-4298-8c74-90ecb6ecdce4 | GET /catalog | status=200 | durationMs=1 | cache=MISS | source=dataset | key=catalog:all
catalog request | id=c43ed605-c187-4d7e-b4e4-f4187e92a47c | GET /catalog | status=200 | durationMs=0 | cache=MISS | source=dataset | key=catalog:all
catalog request | id=bdde54fa-ca5b-4565-a37d-8f4cfeec3250 | GET /catalog | status=200 | durationMs=1 | cache=MISS | source=dataset | key=catalog:all
catalog request | id=320edceb-d81a-4c0c-9605-5a1b6c1ac30f | GET /catalog | status=200 | durationMs=1 | cache=MISS | source=dataset | key=catalog:all
catalog request | id=b1433254-5697-4c34-8324-711e67485a5f | GET /catalog | status=200 | durationMs=0 | cache=MISS | source=dataset | key=catalog:all
catalog request | id=32886e48-61c6-47b7-8136-fff3158c1791 | GET /catalog | status=200 | durationMs=0 | cache=MISS | source=dataset | key=catalog:all
catalog request | id=4b813fe4-ce6c-4b4e-8508-dbad6ef0f450 | GET /catalog | status=200 | durationMs=0 | cache=MISS | source=dataset | key=catalog:all
catalog request | id=2a11f597-ef95-49ed-838f-8c3624cac217 | GET /catalog | status=200 | durationMs=1 | cache=MISS | source=dataset | key=catalog:all
catalog request | id=823348c2-e4c0-4ee1-a5f3-10d569561341 | GET /catalog | status=200 | durationMs=0 | cache=MISS | source=dataset | key=catalog:all
catalog request | id=e6c6ac3d-05f6-4e58-a0c8-9030d1d6a52f | GET /catalog | status=200 | durationMs=1 | cache=MISS | source=dataset | key=catalog:all
catalog request | id=76f53cf9-7ad5-4193-8839-4f8460d037d1 | GET /catalog | status=200 | durationMs=0 | cache=MISS | source=dataset | key=catalog:all
catalog request | id=f77968a0-a54b-4544-9c52-80e9c49edd6f | GET /catalog | status=200 | durationMs=0 | cache=MISS | source=dataset | key=catalog:all
catalog request | id=75309591-d577-457f-8784-35cbae81ea25 | GET /catalog | status=200 | durationMs=1 | cache=MISS | source=dataset | key=catalog:all
catalog request | id=4428403c-486a-4716-9253-e74afbd36c09 | GET /catalog | status=200 | durationMs=1 | cache=MISS | source=dataset | key=catalog:all
catalog request | id=a591eefe-24b7-4579-885f-6f2101fdbb8a | GET /catalog | status=200 | durationMs=0 | cache=MISS | source=dataset | key=catalog:all
catalog request | id=df2ae854-066e-46c3-9358-5e2633f2b130 | GET /catalog | status=200 | durationMs=0 | cache=MISS | source=dataset | key=catalog:all
catalog request | id=3727425a-f77a-4d12-ba97-bc923594f300 | GET /catalog | status=200 | durationMs=1 | cache=MISS | source=dataset | key=catalog:all
catalog request | id=8d084cd8-db27-4a50-96c7-9dff1cd25bcf | GET /catalog | status=200 | durationMs=0 | cache=MISS | source=dataset | key=catalog:all
catalog request | id=4d3d8884-2e6a-43e9-9c85-9a0598141146 | GET /catalog | status=200 | durationMs=0 | cache=MISS | source=dataset | key=catalog:all
catalog request | id=9f1a877f-d4fc-4363-86a3-6d02771be7ad | GET /catalog | status=200 | durationMs=0 | cache=MISS | source=dataset | key=catalog:all
catalog request | id=13ba410e-5a94-47af-b48c-0b42e97b6d25 | GET /catalog | status=200 | durationMs=0 | cache=MISS | source=dataset | key=catalog:all
catalog request | id=fea4b4cb-bbe1-44d1-96e2-6628036c93da | GET /catalog | status=200 | durationMs=0 | cache=MISS | source=dataset | key=catalog:all
catalog request | id=779182ab-b8a7-4d1f-9e8d-05695d276db2 | GET /catalog | status=200 | durationMs=1 | cache=MISS | source=dataset | key=catalog:all
catalog request | id=d052a274-51ab-419e-8820-bf5f3a638342 | GET /catalog | status=200 | durationMs=1 | cache=MISS | source=dataset | key=catalog:all
catalog request | id=c45c0c66-3f74-4a67-9777-35ae7150f3ec | GET /catalog | status=200 | durationMs=1 | cache=MISS | source=dataset | key=catalog:all
catalog request | id=59153ac0-f0e7-4f4a-98f0-7e97eb711d48 | GET /catalog | status=200 | durationMs=0 | cache=MISS | source=dataset | key=catalog:all
catalog request | id=4b05c3b5-739d-4a9d-be98-ea8560a4a1f4 | GET /catalog | status=200 | durationMs=1 | cache=MISS | source=dataset | key=catalog:all
catalog request | id=ed5a910e-cd55-48db-bbbc-4d29d34b33fb | GET /catalog | status=200 | durationMs=0 | cache=MISS | source=dataset | key=catalog:all
catalog request | id=21128a60-b157-45b6-8501-bbd7d9f01297 | GET /catalog | status=200 | durationMs=0 | cache=MISS | source=dataset | key=catalog:all
catalog request | id=5919719e-06b8-4497-9551-0c390f2903af | GET /catalog | status=200 | durationMs=0 | cache=MISS | source=dataset | key=catalog:all
catalog request | id=a19d8454-27c4-417f-bca5-5e5fc9ad50a1 | GET /catalog | status=200 | durationMs=0 | cache=MISS | source=dataset | key=catalog:all
catalog request | id=640db1e0-d288-4374-93e9-cc51086e970b | GET /catalog | status=200 | durationMs=0 | cache=MISS | source=dataset | key=catalog:all
catalog request | id=df45cd62-4c98-43af-af6f-60a33462296c | GET /catalog | status=200 | durationMs=0 | cache=MISS | source=dataset | key=catalog:all
catalog request | id=e3dbe451-e478-457e-ba82-f6a057fa5c30 | GET /catalog | status=200 | durationMs=0 | cache=MISS | source=dataset | key=catalog:all
catalog request | id=b0335d17-4a13-4b90-a1f2-b410b2d65849 | GET /catalog | status=200 | durationMs=0 | cache=MISS | source=dataset | key=catalog:all
catalog request | id=23f81ca1-8818-467e-b05e-c62c1e40894c | GET /catalog | status=200 | durationMs=1 | cache=MISS | source=dataset | key=catalog:all
catalog request | id=f8e519aa-e8c1-44ce-8a2f-9b17485aa0ce | GET /catalog | status=200 | durationMs=0 | cache=MISS | source=dataset | key=catalog:all
catalog request | id=afe6716f-f386-43eb-b0d9-31cd390cb18d | GET /catalog | status=200 | durationMs=1 | cache=MISS | source=dataset | key=catalog:all
catalog request | id=be2a380f-3d8c-465b-975f-3c78ab98afac | GET /catalog | status=200 | durationMs=0 | cache=MISS | source=dataset | key=catalog:all
catalog request | id=3174dcc6-693e-4228-8b2e-e9679e903575 | GET /catalog | status=200 | durationMs=0 | cache=MISS | source=dataset | key=catalog:all
catalog request | id=4cca1677-9ee9-4368-adaf-4db4a19c6ae8 | GET /catalog | status=200 | durationMs=1 | cache=MISS | source=dataset | key=catalog:all
catalog request | id=183df26e-b162-447d-b302-79712d196837 | GET /catalog | status=200 | durationMs=1 | cache=MISS | source=dataset | key=catalog:all
catalog request | id=c09a9bb9-ccb3-414c-98a3-4170296578db | GET /catalog | status=200 | durationMs=0 | cache=MISS | source=dataset | key=catalog:all
catalog request | id=a1bb54e1-f57b-4149-923c-6235515f141b | GET /catalog | status=200 | durationMs=0 | cache=MISS | source=dataset | key=catalog:all
catalog request | id=d4ad42c7-d2b4-4dc7-9d0a-b41024bbd4e8 | GET /catalog | status=200 | durationMs=1 | cache=MISS | source=dataset | key=catalog:all
catalog request | id=3688897a-97ae-4261-a3ec-4539c9fcb609 | GET /catalog | status=200 | durationMs=0 | cache=MISS | source=dataset | key=catalog:all
catalog request | id=60068efd-3fcb-4fc3-97d1-eefaae551da7 | GET /catalog | status=200 | durationMs=0 | cache=MISS | source=dataset | key=catalog:all
catalog request | id=67fb15b9-0939-43d8-a43a-ba48d9a60ede | GET /catalog | status=200 | durationMs=0 | cache=MISS | source=dataset | key=catalog:all
catalog request | id=29d93640-1c39-4b3a-8379-7d45f05dee20 | GET /catalog | status=200 | durationMs=0 | cache=MISS | source=dataset | key=catalog:all
catalog request | id=4e93e960-7945-4466-b252-58cc69d6cf70 | GET /catalog | status=200 | durationMs=0 | cache=MISS | source=dataset | key=catalog:all
catalog request | id=d2015794-91df-4f95-8d85-96a7e134d53e | GET /catalog | status=200 | durationMs=0 | cache=MISS | source=dataset | key=catalog:all
catalog request | id=301f4918-2e23-44d4-8d81-590de5ef3074 | GET /catalog | status=200 | durationMs=0 | cache=MISS | source=dataset | key=catalog:all
catalog request | id=9dfeae85-8370-4612-a346-81258e29c474 | GET /catalog | status=200 | durationMs=1 | cache=MISS | source=dataset | key=catalog:all
catalog request | id=4d17534a-2f5f-4510-8290-21b9e099fc66 | GET /catalog | status=200 | durationMs=0 | cache=MISS | source=dataset | key=catalog:all
catalog request | id=29fd84e2-273a-4eac-8be5-147de32dcea9 | GET /catalog | status=200 | durationMs=0 | cache=MISS | source=dataset | key=catalog:all
catalog request | id=4ff50351-b34c-48f6-8e78-ba2b02a5a58e | GET /catalog | status=200 | durationMs=1 | cache=MISS | source=dataset | key=catalog:all
catalog request | id=9a873e10-d6db-4f3f-958f-b66373da0fb8 | GET /catalog | status=200 | durationMs=0 | cache=MISS | source=dataset | key=catalog:all
catalog request | id=6ed8d30e-3cff-4285-96f7-4136587ea58c | GET /catalog | status=200 | durationMs=0 | cache=MISS | source=dataset | key=catalog:all
catalog request | id=f155792a-8b2d-4f95-bef4-cfd36b11320e | GET /catalog | status=200 | durationMs=0 | cache=MISS | source=dataset | key=catalog:all
catalog request | id=82ad57c9-5f7b-4da5-bcdf-1922fff8c9b3 | GET /catalog | status=200 | durationMs=0 | cache=MISS | source=dataset | key=catalog:all
catalog request | id=ff2800ce-0ff9-417f-9860-fac6819383d9 | GET /catalog | status=200 | durationMs=1 | cache=MISS | source=dataset | key=catalog:all
catalog request | id=43b0adb7-4fb8-4518-b13a-d9e051db8671 | GET /catalog | status=200 | durationMs=0 | cache=MISS | source=dataset | key=catalog:all
catalog request | id=769456d5-5bfa-4783-b631-2c6ad5318d9e | GET /catalog | status=200 | durationMs=1 | cache=MISS | source=dataset | key=catalog:all
catalog request | id=0307717a-cbd0-4585-a29c-f7787ebb0a9a | GET /catalog | status=200 | durationMs=1 | cache=MISS | source=dataset | key=catalog:all
catalog request | id=9091686f-5e94-45f4-bc23-5c6979070f26 | GET /catalog | status=200 | durationMs=0 | cache=MISS | source=dataset | key=catalog:all
catalog request | id=ee50d06a-0bf9-4ea3-88d0-7ac229026891 | GET /catalog | status=200 | durationMs=0 | cache=MISS | source=dataset | key=catalog:all
catalog request | id=75d577ca-1440-4066-8faa-7fc09c080edf | GET /catalog | status=200 | durationMs=1 | cache=MISS | source=dataset | key=catalog:all
catalog request | id=c6e68eff-50d2-4590-95c5-1b1abeac2ddb | GET /catalog | status=200 | durationMs=0 | cache=MISS | source=dataset | key=catalog:all
catalog request | id=ae104f72-94ee-4c62-ae89-90380630f483 | GET /catalog | status=200 | durationMs=0 | cache=MISS | source=dataset | key=catalog:all
catalog request | id=a409faae-3f5d-409f-838b-76a25af6c237 | GET /catalog | status=200 | durationMs=0 | cache=MISS | source=dataset | key=catalog:all
catalog request | id=ea0b8f26-9150-46c7-bcf0-908dc5d9d97b | GET /catalog | status=200 | durationMs=0 | cache=MISS | source=dataset | key=catalog:all
catalog request | id=5278b252-7292-42a3-8070-0068c2a850b5 | GET /catalog | status=200 | durationMs=0 | cache=MISS | source=dataset | key=catalog:all
catalog request | id=25e964f7-ccbd-4b4c-b2f4-f6518e9cd724 | GET /catalog | status=200 | durationMs=0 | cache=MISS | source=dataset | key=catalog:all
catalog request | id=0a39d475-5c85-48c5-afab-34ddf6d80b81 | GET /catalog | status=200 | durationMs=0 | cache=MISS | source=dataset | key=catalog:all
catalog request | id=116a88a5-0b99-4226-b953-42d47dccc6fe | GET /catalog | status=200 | durationMs=1 | cache=MISS | source=dataset | key=catalog:all
catalog request | id=44ae7d13-b8eb-4ea3-9e91-24136324b230 | GET /catalog | status=200 | durationMs=0 | cache=MISS | source=dataset | key=catalog:all
catalog request | id=c3df85d1-b716-42b8-ab65-73b2b9af8ef3 | GET /catalog | status=200 | durationMs=0 | cache=MISS | source=dataset | key=catalog:all
catalog request | id=bf9d3746-a399-4924-8488-e11be2987d97 | GET /catalog | status=200 | durationMs=1 | cache=MISS | source=dataset | key=catalog:all
catalog request | id=5044855c-8b45-4807-871b-bead1ef372ec | GET /catalog | status=200 | durationMs=0 | cache=MISS | source=dataset | key=catalog:all
catalog request | id=f7ea82b8-71fd-4dee-8d18-794bff77df44 | GET /catalog | status=200 | durationMs=0 | cache=MISS | source=dataset | key=catalog:all
catalog request | id=27140d49-7428-43ba-b4ea-af5979726251 | GET /catalog | status=200 | durationMs=0 | cache=MISS | source=dataset | key=catalog:all
catalog request | id=6859da14-08a6-41c8-b3dc-b7ce64098a16 | GET /catalog | status=200 | durationMs=1 | cache=MISS | source=dataset | key=catalog:all
catalog request | id=83d1240a-db43-4f44-9ddc-1255dabbc3ba | GET /catalog | status=200 | durationMs=0 | cache=MISS | source=dataset | key=catalog:all
catalog request | id=01687fb2-358d-4341-91d8-b03ddd0b958c | GET /catalog | status=200 | durationMs=1 | cache=MISS | source=dataset | key=catalog:all
catalog request | id=2d84b937-4f3f-4dae-9490-80d6ef9f1dee | GET /catalog | status=200 | durationMs=1 | cache=MISS | source=dataset | key=catalog:all
catalog request | id=808176a2-cac7-4c52-9963-4ea5607caffb | GET /catalog | status=200 | durationMs=0 | cache=MISS | source=dataset | key=catalog:all
catalog request | id=84b57167-2c41-471d-a0e0-d3f2c1def656 | GET /catalog | status=200 | durationMs=0 | cache=MISS | source=dataset | key=catalog:all
catalog request | id=7380fcfa-3a39-44d6-95a1-3e56c3790b13 | GET /catalog | status=200 | durationMs=0 | cache=MISS | source=dataset | key=catalog:all
catalog request | id=5919ab82-634f-4653-8f08-9e396bc04cd9 | GET /catalog | status=200 | durationMs=1 | cache=MISS | source=dataset | key=catalog:all
catalog request | id=501311b7-d311-427e-b26d-788eda3d2a6c | GET /catalog | status=200 | durationMs=0 | cache=MISS | source=dataset | key=catalog:all
catalog request | id=7b61892b-cb3f-4cd9-9af9-a88c63ab2800 | GET /catalog | status=200 | durationMs=1 | cache=MISS | source=dataset | key=catalog:all
catalog request | id=8972d163-50de-4f88-84d2-923e149e0d50 | GET /catalog | status=200 | durationMs=1 | cache=MISS | source=dataset | key=catalog:all
catalog request | id=2b50c685-dfea-401a-ade2-e2e67b79e752 | GET /catalog | status=200 | durationMs=0 | cache=MISS | source=dataset | key=catalog:all
catalog request | id=9a18af59-06e0-45e6-86ba-e6ccb53f1a23 | GET /catalog | status=200 | durationMs=0 | cache=MISS | source=dataset | key=catalog:all
catalog request | id=b99cb32a-03ca-482f-a3da-f42c653d1a4c | GET /catalog | status=200 | durationMs=0 | cache=MISS | source=dataset | key=catalog:all
catalog request | id=37c25b28-564c-4923-bb6f-96e4a3a416d1 | GET /catalog | status=200 | durationMs=1 | cache=MISS | source=dataset | key=catalog:all
catalog request | id=e689e821-7bf0-4caa-8e04-dad271ba33c3 | GET /catalog | status=200 | durationMs=1 | cache=MISS | source=dataset | key=catalog:all
catalog request | id=e4026d9e-fbd8-4c3b-9c24-385aaa83658c | GET /catalog | status=200 | durationMs=0 | cache=MISS | source=dataset | key=catalog:all
catalog request | id=ab84b3e0-9ac7-4b6d-b98b-f5d92f2d7a48 | GET /catalog | status=200 | durationMs=0 | cache=MISS | source=dataset | key=catalog:all
catalog request | id=9cfdd56b-5659-4c34-b2f9-40e08fd9bab4 | GET /catalog | status=200 | durationMs=0 | cache=MISS | source=dataset | key=catalog:all
catalog request | id=e13fc443-a337-4246-b3a0-dac5b90a5b79 | GET /catalog | status=200 | durationMs=1 | cache=MISS | source=dataset | key=catalog:all
catalog request | id=1a030e22-b9e4-45e3-bdb6-b1deda3ba832 | GET /catalog | status=200 | durationMs=1 | cache=MISS | source=dataset | key=catalog:all
catalog request | id=e0bfaed5-de83-46b7-8449-1f83b4352bc1 | GET /catalog | status=200 | durationMs=0 | cache=MISS | source=dataset | key=catalog:all
catalog request | id=ca77e627-1e8c-4170-bea0-61ddf5e12bea | GET /catalog | status=200 | durationMs=0 | cache=MISS | source=dataset | key=catalog:all
catalog request | id=1b6d936a-9796-473e-98e3-f37888862dbe | GET /catalog | status=200 | durationMs=1 | cache=MISS | source=dataset | key=catalog:all
catalog request | id=3b790eb8-5c0b-4a3a-a7ae-584aa6255c2e | GET /catalog | status=200 | durationMs=0 | cache=MISS | source=dataset | key=catalog:all
catalog request | id=0272662a-ad2c-48af-aebb-d0b11677b43f | GET /catalog | status=200 | durationMs=0 | cache=MISS | source=dataset | key=catalog:all
catalog request | id=4f1a776d-e12f-425f-9221-8d6682ed2d58 | GET /catalog | status=200 | durationMs=1 | cache=MISS | source=dataset | key=catalog:all
catalog request | id=a823189f-43aa-46d9-9cb9-83201b2f124e | GET /catalog | status=200 | durationMs=0 | cache=MISS | source=dataset | key=catalog:all
catalog request | id=10c809b7-5e2a-409f-93f6-11b77aae45d9 | GET /catalog | status=200 | durationMs=0 | cache=MISS | source=dataset | key=catalog:all
catalog request | id=a51f5404-903c-46e0-a323-6478d25f07d6 | GET /catalog | status=200 | durationMs=1 | cache=MISS | source=dataset | key=catalog:all
catalog request | id=b38796af-01bb-483d-a865-9eb43d274edb | GET /catalog | status=200 | durationMs=0 | cache=MISS | source=dataset | key=catalog:all
catalog request | id=30340667-b238-46a4-b33d-c4ebdd1388d7 | GET /catalog | status=200 | durationMs=0 | cache=MISS | source=dataset | key=catalog:all
catalog request | id=09203352-67be-415e-a1c7-146637499c6b | GET /catalog | status=200 | durationMs=0 | cache=MISS | source=dataset | key=catalog:all
catalog request | id=43510b7d-276a-4717-adb8-196cb4202cfa | GET /catalog | status=200 | durationMs=1 | cache=MISS | source=dataset | key=catalog:all
catalog request | id=97e9a8e5-11f7-4867-979e-174e9ce96404 | GET /catalog | status=200 | durationMs=0 | cache=MISS | source=dataset | key=catalog:all
catalog request | id=8b36175f-6d9a-45a6-a1b8-1263ba092b33 | GET /catalog | status=200 | durationMs=0 | cache=MISS | source=dataset | key=catalog:all
catalog request | id=d814d11a-fa03-416d-9f2c-1a07dde1b3c5 | GET /catalog | status=200 | durationMs=1 | cache=MISS | source=dataset | key=catalog:all
catalog request | id=a85ae457-9373-4d0d-90f8-bf0b9744c54b | GET /catalog | status=200 | durationMs=0 | cache=MISS | source=dataset | key=catalog:all
catalog request | id=da3198d5-4b23-42b6-b176-01e465fffb4d | GET /catalog | status=200 | durationMs=1 | cache=MISS | source=dataset | key=catalog:all
catalog request | id=04a39b0c-c61b-48ba-8c7c-e1fbe10a0898 | GET /catalog | status=200 | durationMs=0 | cache=MISS | source=dataset | key=catalog:all
catalog request | id=a0065b9e-cb6f-4571-aa50-f4121fe19f6e | GET /catalog | status=200 | durationMs=1 | cache=MISS | source=dataset | key=catalog:all
catalog request | id=4194ce41-6e69-45e7-b4fc-23a093deed98 | GET /catalog | status=200 | durationMs=0 | cache=MISS | source=dataset | key=catalog:all
catalog request | id=fc07b271-9987-4e69-b98f-11df0ae77dff | GET /catalog | status=200 | durationMs=0 | cache=MISS | source=dataset | key=catalog:all
catalog request | id=e5466a0e-ef99-449d-ac12-6fbe0bc07e32 | GET /catalog | status=200 | durationMs=1 | cache=MISS | source=dataset | key=catalog:all
catalog request | id=9397640c-dd50-4be9-9da6-3a865c897281 | GET /catalog | status=200 | durationMs=0 | cache=MISS | source=dataset | key=catalog:all
catalog request | id=23fa76c9-c607-49c9-82d8-406fdfa8bcac | GET /catalog | status=200 | durationMs=1 | cache=MISS | source=dataset | key=catalog:all
catalog request | id=11f95204-cc15-4ab4-b24d-f99360ab1a8b | GET /catalog | status=200 | durationMs=1 | cache=MISS | source=dataset | key=catalog:all
catalog request | id=6710319a-02cc-4655-ae2f-79b13c2e6994 | GET /catalog | status=200 | durationMs=0 | cache=MISS | source=dataset | key=catalog:all
catalog request | id=cefb82d9-fbe9-435b-b9ce-3416538a7a29 | GET /catalog | status=200 | durationMs=1 | cache=MISS | source=dataset | key=catalog:all
catalog request | id=d2af1530-84d7-42bc-8f73-a0116f39647d | GET /catalog | status=200 | durationMs=0 | cache=MISS | source=dataset | key=catalog:all
catalog request | id=60cc2b28-d870-44c5-98cf-ece8028678db | GET /catalog | status=200 | durationMs=1 | cache=MISS | source=dataset | key=catalog:all
catalog request | id=d70554f5-4877-4d29-b172-a6f6b954069e | GET /catalog | status=200 | durationMs=1 | cache=MISS | source=dataset | key=catalog:all
catalog request | id=9d81150f-63c0-4911-8e91-0c3c3caf809d | GET /catalog | status=200 | durationMs=0 | cache=MISS | source=dataset | key=catalog:all
catalog request | id=150b93d3-a9f9-43aa-9c44-fa92d1c8bf96 | GET /catalog | status=200 | durationMs=0 | cache=MISS | source=dataset | key=catalog:all
catalog request | id=b9070fce-dfc3-4a3a-a2ef-8ddd0ab100c5 | GET /catalog | status=200 | durationMs=1 | cache=MISS | source=dataset | key=catalog:all
catalog request | id=fa0577eb-dc50-49cd-9d8a-2a372eea05b1 | GET /catalog | status=200 | durationMs=0 | cache=MISS | source=dataset | key=catalog:all
catalog request | id=ddf5d536-fdd4-40c4-863c-6100dd643907 | GET /catalog | status=200 | durationMs=0 | cache=MISS | source=dataset | key=catalog:all
catalog request | id=6697df4c-5771-4212-be0e-4b99dba93c13 | GET /catalog | status=200 | durationMs=0 | cache=MISS | source=dataset | key=catalog:all
catalog request | id=7a40fabe-af00-450e-994e-1a95976fc697 | GET /catalog | status=200 | durationMs=1 | cache=MISS | source=dataset | key=catalog:all
catalog request | id=2cfaa434-8775-409f-8ad8-dfef9247f123 | GET /catalog | status=200 | durationMs=0 | cache=MISS | source=dataset | key=catalog:all
catalog request | id=c9c364d5-4e9a-492a-a7cb-0bd4ce08375d | GET /catalog | status=200 | durationMs=0 | cache=MISS | source=dataset | key=catalog:all
catalog request | id=bb691d90-c90a-44c5-96e5-1143932500e4 | GET /catalog | status=200 | durationMs=0 | cache=MISS | source=dataset | key=catalog:all
catalog request | id=abf62a68-78a4-44e2-b743-f4d6cb14138c | GET /catalog | status=200 | durationMs=1 | cache=MISS | source=dataset | key=catalog:all
catalog request | id=f13cbf8d-91c5-4536-bfe9-ccee0e2ae54e | GET /catalog | status=200 | durationMs=1 | cache=MISS | source=dataset | key=catalog:all
catalog request | id=025c8657-93a5-4822-acbc-0aabea891d8e | GET /catalog | status=200 | durationMs=0 | cache=MISS | source=dataset | key=catalog:all
catalog request | id=2cad3003-8a35-4fb1-9053-3eb450c779aa | GET /catalog | status=200 | durationMs=0 | cache=MISS | source=dataset | key=catalog:all
catalog request | id=e1c2e60e-a403-494a-b37f-6a947eb6528e | GET /catalog | status=200 | durationMs=0 | cache=MISS | source=dataset | key=catalog:all
catalog request | id=68b98e59-0f80-426d-9228-4543f2a7385f | GET /catalog | status=200 | durationMs=0 | cache=MISS | source=dataset | key=catalog:all
catalog request | id=2d62f7ec-d728-48fd-bebb-0a9ac0dfc70f | GET /catalog | status=200 | durationMs=0 | cache=MISS | source=dataset | key=catalog:all
catalog request | id=83410c75-aa10-4ee6-9e30-4e05fbd3112f | GET /catalog | status=200 | durationMs=0 | cache=MISS | source=dataset | key=catalog:all
catalog request | id=6aeff53f-826b-4b3d-8068-63bcf58c1011 | GET /catalog | status=200 | durationMs=1 | cache=MISS | source=dataset | key=catalog:all
catalog request | id=e086fc60-5492-4146-a9df-3cc95830c093 | GET /catalog | status=200 | durationMs=0 | cache=MISS | source=dataset | key=catalog:all
catalog request | id=6cac78b6-00a7-4a36-955a-7c92782a553e | GET /catalog | status=200 | durationMs=1 | cache=MISS | source=dataset | key=catalog:all
catalog request | id=5ce735e3-3258-464e-9a8d-2c2c72c3d8fd | GET /catalog | status=200 | durationMs=0 | cache=MISS | source=dataset | key=catalog:all
catalog request | id=22ed4ae6-40a3-4185-9070-bda0bf4f91af | GET /catalog | status=200 | durationMs=0 | cache=MISS | source=dataset | key=catalog:all
catalog request | id=f25dd775-512b-4e75-af1d-7053a4643ac3 | GET /catalog | status=200 | durationMs=1 | cache=MISS | source=dataset | key=catalog:all
catalog request | id=881e4da0-4637-4905-9246-a11f5dcd2ebd | GET /catalog | status=200 | durationMs=0 | cache=MISS | source=dataset | key=catalog:all
catalog request | id=83850a17-664c-4f59-80b8-29d0b86af55e | GET /catalog | status=200 | durationMs=0 | cache=MISS | source=dataset | key=catalog:all
catalog request | id=7ac92612-4843-400f-a563-7e75e8b0d518 | GET /catalog | status=200 | durationMs=0 | cache=MISS | source=dataset | key=catalog:all
catalog request | id=f8e3bc0c-8ff1-412e-b334-e1353936d4fd | GET /catalog | status=200 | durationMs=1 | cache=MISS | source=dataset | key=catalog:all
catalog request | id=a3a0665c-e597-48bf-8cfd-edac7653c972 | GET /catalog | status=200 | durationMs=0 | cache=MISS | source=dataset | key=catalog:all
catalog request | id=52e623e0-2f16-4b8e-bd98-632c5bf29b34 | GET /catalog | status=200 | durationMs=1 | cache=MISS | source=dataset | key=catalog:all
catalog request | id=26a262bc-8e8d-4932-a479-60c1cba80002 | GET /catalog | status=200 | durationMs=0 | cache=MISS | source=dataset | key=catalog:all
catalog request | id=6b21a897-875e-4337-a2b0-bc4eea999f31 | GET /catalog | status=200 | durationMs=0 | cache=MISS | source=dataset | key=catalog:all
catalog request | id=85940907-e919-4abf-a69a-6ac3441b8af4 | GET /catalog | status=200 | durationMs=1 | cache=MISS | source=dataset | key=catalog:all
catalog request | id=a0becce9-cb43-4b22-b711-f3493e6dd73b | GET /catalog | status=200 | durationMs=0 | cache=MISS | source=dataset | key=catalog:all
catalog request | id=5a2fc1d1-8de9-43ac-a44d-0f5e3c94ed9e | GET /catalog | status=200 | durationMs=0 | cache=MISS | source=dataset | key=catalog:all
catalog request | id=ad2cc334-07a3-4820-bff6-40a313fa0e8f | GET /catalog | status=200 | durationMs=0 | cache=MISS | source=dataset | key=catalog:all
catalog request | id=1a189406-769c-4aed-8c08-df8eaf545e2b | GET /catalog | status=200 | durationMs=1 | cache=MISS | source=dataset | key=catalog:all
catalog request | id=3bc1364e-58b3-4ba3-adc7-4ba163d0f27d | GET /catalog | status=200 | durationMs=0 | cache=MISS | source=dataset | key=catalog:all
catalog request | id=7624c454-2eae-4e9f-88b1-f0cacc8db067 | GET /catalog | status=200 | durationMs=0 | cache=MISS | source=dataset | key=catalog:all
catalog request | id=69a4ef8b-c042-4121-b412-187ddf068b62 | GET /catalog | status=200 | durationMs=0 | cache=MISS | source=dataset | key=catalog:all
catalog request | id=9ef227c8-e7d1-4dff-ae1e-01cd5038e3e0 | GET /catalog | status=200 | durationMs=1 | cache=MISS | source=dataset | key=catalog:all
catalog request | id=57ce41e5-a4e2-4de6-a224-3410465ccc21 | GET /catalog | status=200 | durationMs=1 | cache=MISS | source=dataset | key=catalog:all
catalog request | id=a814a0d9-7eee-449d-bb84-105bb3c43de9 | GET /catalog | status=200 | durationMs=0 | cache=MISS | source=dataset | key=catalog:all
catalog request | id=20efcca5-e9fb-4c09-b27f-1410c751f918 | GET /catalog | status=200 | durationMs=0 | cache=MISS | source=dataset | key=catalog:all
catalog request | id=966a9efd-5c54-4199-9bd2-0c7168618221 | GET /catalog | status=200 | durationMs=0 | cache=MISS | source=dataset | key=catalog:all
catalog request | id=61723664-eac1-489c-b9a3-25ab330f77b7 | GET /catalog | status=200 | durationMs=0 | cache=MISS | source=dataset | key=catalog:all
catalog request | id=546b069a-efd2-456d-bf3e-2f20bfb52610 | GET /catalog | status=200 | durationMs=0 | cache=MISS | source=dataset | key=catalog:all
catalog request | id=cfd5ebd5-b9bc-4813-803c-30ccd705523a | GET /catalog | status=200 | durationMs=0 | cache=MISS | source=dataset | key=catalog:all
catalog request | id=385fb57d-ee5a-4883-b8a4-4080920915fd | GET /catalog | status=200 | durationMs=0 | cache=MISS | source=dataset | key=catalog:all
catalog request | id=4d80a69b-4310-42e1-91a7-814a99d47f40 | GET /catalog | status=200 | durationMs=0 | cache=MISS | source=dataset | key=catalog:all
catalog request | id=2cbcb2d5-906d-46eb-aeb5-dbd11ba7dbc7 | GET /catalog | status=200 | durationMs=0 | cache=MISS | source=dataset | key=catalog:all
catalog request | id=dbc18c2e-add0-4e47-8b37-865dfe5fa68c | GET /catalog | status=200 | durationMs=1 | cache=MISS | source=dataset | key=catalog:all
catalog request | id=af52bf29-de88-479d-b54b-e1deb8a41c72 | GET /catalog | status=200 | durationMs=0 | cache=MISS | source=dataset | key=catalog:all
catalog request | id=27bbd51d-044b-473c-bab8-d7f033e6b5b6 | GET /catalog | status=200 | durationMs=1 | cache=MISS | source=dataset | key=catalog:all
catalog request | id=a569c07b-c1b6-4968-bc7c-87989c26b52e | GET /catalog | status=200 | durationMs=1 | cache=MISS | source=dataset | key=catalog:all
catalog request | id=6686436f-f52d-4c21-aed1-f04326dd2ab5 | GET /catalog | status=200 | durationMs=0 | cache=MISS | source=dataset | key=catalog:all
catalog request | id=6503de78-43a0-4cf9-8a86-88ddf85667c4 | GET /catalog | status=200 | durationMs=0 | cache=MISS | source=dataset | key=catalog:all
catalog request | id=75dde978-1a81-452d-8bdc-81514e81bed9 | GET /catalog | status=200 | durationMs=0 | cache=MISS | source=dataset | key=catalog:all
catalog request | id=0baf9e2a-28f1-4d59-a408-0c4842828bb5 | GET /catalog | status=200 | durationMs=0 | cache=MISS | source=dataset | key=catalog:all
catalog request | id=d5b79253-a9b1-4db9-bfb8-e11964574f50 | GET /catalog | status=200 | durationMs=0 | cache=MISS | source=dataset | key=catalog:all
catalog request | id=d7fe1082-1bbb-4a9c-8b7c-965c9e390893 | GET /catalog | status=200 | durationMs=0 | cache=MISS | source=dataset | key=catalog:all
catalog request | id=18c91c14-e417-4420-9356-49fa72f5aa11 | GET /catalog | status=200 | durationMs=0 | cache=MISS | source=dataset | key=catalog:all
catalog request | id=987c121b-e9c5-49c2-9a40-a4b0938a88ab | GET /catalog | status=200 | durationMs=0 | cache=MISS | source=dataset | key=catalog:all
catalog request | id=35de500c-ea67-46c8-9c52-221e8780cecf | GET /catalog | status=200 | durationMs=0 | cache=MISS | source=dataset | key=catalog:all
catalog request | id=fa800e13-30fa-4789-a648-607f94de6164 | GET /catalog | status=200 | durationMs=1 | cache=MISS | source=dataset | key=catalog:all
catalog request | id=fab00d58-7d3f-4af5-a819-aa6400cf1898 | GET /catalog | status=200 | durationMs=0 | cache=MISS | source=dataset | key=catalog:all
catalog request | id=db449429-ebbd-4e21-b924-38fd7d452d0e | GET /catalog | status=200 | durationMs=0 | cache=MISS | source=dataset | key=catalog:all
catalog request | id=870a5441-ac75-4932-98d9-dd0f25751ece | GET /catalog | status=200 | durationMs=0 | cache=MISS | source=dataset | key=catalog:all
catalog request | id=58f756c5-35ee-47a8-be6d-a07cdee10ec0 | GET /catalog | status=200 | durationMs=0 | cache=MISS | source=dataset | key=catalog:all
catalog request | id=36d83268-00af-4e62-9380-747e23204da4 | GET /catalog | status=200 | durationMs=0 | cache=MISS | source=dataset | key=catalog:all
catalog request | id=dcabbf4b-8520-4538-b226-611e9dd4f205 | GET /catalog | status=200 | durationMs=0 | cache=MISS | source=dataset | key=catalog:all
catalog request | id=bae516ea-fc5a-4e50-aa7e-e8d5b0031ca0 | GET /catalog | status=200 | durationMs=0 | cache=MISS | source=dataset | key=catalog:all
catalog request | id=ecdddfea-ed7c-4a4d-a705-f44e2e2f50b0 | GET /catalog | status=200 | durationMs=0 | cache=MISS | source=dataset | key=catalog:all
catalog request | id=2f9968b6-cbfa-4300-9e40-918ec650f12d | GET /catalog | status=200 | durationMs=1 | cache=MISS | source=dataset | key=catalog:all
catalog request | id=5cc21ef4-70f7-427a-839a-e24814d0f06d | GET /catalog | status=200 | durationMs=0 | cache=MISS | source=dataset | key=catalog:all
catalog request | id=817a591b-5873-4529-a21a-81be4bc0701c | GET /catalog | status=200 | durationMs=0 | cache=MISS | source=dataset | key=catalog:all
catalog request | id=56de57b2-cc4e-4624-b8df-9e32b74b0ec8 | GET /catalog | status=200 | durationMs=0 | cache=MISS | source=dataset | key=catalog:all
catalog request | id=eafa7fe2-161e-4ebc-965a-303344570236 | GET /catalog | status=200 | durationMs=0 | cache=MISS | source=dataset | key=catalog:all
catalog request | id=d5b54632-3cf7-4e2b-b2ce-4018239255dd | GET /catalog | status=200 | durationMs=1 | cache=MISS | source=dataset | key=catalog:all
catalog request | id=58de58dd-d076-4b73-b22e-dd0afaf8bfd1 | GET /catalog | status=200 | durationMs=1 | cache=MISS | source=dataset | key=catalog:all
catalog request | id=2eb3eca2-f182-4a1b-8a2a-257d303bad6c | GET /catalog | status=200 | durationMs=0 | cache=MISS | source=dataset | key=catalog:all
catalog request | id=25a979b0-8f6b-4741-a59f-e10cc63759e7 | GET /catalog | status=200 | durationMs=1 | cache=MISS | source=dataset | key=catalog:all
catalog request | id=ca199626-a59f-40ce-b344-46135c31b1a3 | GET /catalog | status=200 | durationMs=0 | cache=MISS | source=dataset | key=catalog:all
catalog request | id=f0221015-8f69-441f-9926-b35fc5346c52 | GET /catalog | status=200 | durationMs=0 | cache=MISS | source=dataset | key=catalog:all
catalog request | id=e4926615-65f5-4665-93bc-84ce99088bb1 | GET /catalog | status=200 | durationMs=0 | cache=MISS | source=dataset | key=catalog:all
catalog request | id=d9b3e0c7-5f50-4ea1-a4ea-abd76e9c811e | GET /catalog | status=200 | durationMs=0 | cache=MISS | source=dataset | key=catalog:all
catalog request | id=3b8d4082-a7c1-46b7-9625-bee49844c6ff | GET /catalog | status=200 | durationMs=0 | cache=MISS | source=dataset | key=catalog:all
catalog request | id=2c274aeb-cab5-4e5c-a2a0-598060a45474 | GET /catalog | status=200 | durationMs=0 | cache=MISS | source=dataset | key=catalog:all
catalog request | id=4b944359-66b2-4411-9302-582b6ced40aa | GET /catalog | status=200 | durationMs=1 | cache=MISS | source=dataset | key=catalog:all
catalog request | id=5f70ff6b-0f20-4b9e-b311-aa3e204b1137 | GET /catalog | status=200 | durationMs=0 | cache=MISS | source=dataset | key=catalog:all
catalog request | id=30a03454-72a3-42c5-966d-bbe1be1734bc | GET /catalog | status=200 | durationMs=0 | cache=MISS | source=dataset | key=catalog:all
catalog request | id=f2726103-5ec7-449d-ade8-052d42b08560 | GET /catalog | status=200 | durationMs=0 | cache=MISS | source=dataset | key=catalog:all
catalog request | id=75d698ac-c25b-46cc-8553-c8d8349692bf | GET /catalog | status=200 | durationMs=0 | cache=MISS | source=dataset | key=catalog:all
catalog request | id=6f3d86c2-f681-491a-b747-ff8852519324 | GET /catalog | status=200 | durationMs=1 | cache=MISS | source=dataset | key=catalog:all
catalog request | id=1b71cc0e-3c17-4f81-9e8f-52e674fba535 | GET /catalog | status=200 | durationMs=0 | cache=MISS | source=dataset | key=catalog:all
catalog request | id=9fb0682e-1534-4dda-95da-3eaedd7e6303 | GET /catalog | status=200 | durationMs=0 | cache=MISS | source=dataset | key=catalog:all
catalog request | id=5ca64ba9-c558-43e5-ad98-8c6cf0e981ca | GET /catalog | status=200 | durationMs=0 | cache=MISS | source=dataset | key=catalog:all
catalog request | id=40c2ea3e-4d61-40af-aab9-76b64bc3e025 | GET /catalog | status=200 | durationMs=0 | cache=MISS | source=dataset | key=catalog:all
catalog request | id=e413bc09-2668-43e2-8341-b01875e269d3 | GET /catalog | status=200 | durationMs=1 | cache=MISS | source=dataset | key=catalog:all
catalog request | id=6eaadb88-e271-499a-8e2f-fbea961487d5 | GET /catalog | status=200 | durationMs=0 | cache=MISS | source=dataset | key=catalog:all
catalog request | id=b419925e-61dd-4da3-b9b2-9489261ea9d0 | GET /catalog | status=200 | durationMs=0 | cache=MISS | source=dataset | key=catalog:all
catalog request | id=c0678926-4723-40e7-a089-6bcfd11f8c32 | GET /catalog | status=200 | durationMs=0 | cache=MISS | source=dataset | key=catalog:all
catalog request | id=75dc1d64-1d7d-4000-a336-a4297e5c3bd7 | GET /catalog | status=200 | durationMs=1 | cache=MISS | source=dataset | key=catalog:all
catalog request | id=e49af8e6-ab69-4ff1-b6cf-a23f80b4588b | GET /catalog | status=200 | durationMs=0 | cache=MISS | source=dataset | key=catalog:all
catalog request | id=5442e65d-4571-46e4-98d5-35e105b291fd | GET /catalog | status=200 | durationMs=0 | cache=MISS | source=dataset | key=catalog:all
catalog request | id=59a5eafa-d800-4449-aff6-993d4a3e9c8e | GET /catalog | status=200 | durationMs=0 | cache=MISS | source=dataset | key=catalog:all
catalog request | id=5092e84a-81b0-4f14-a7b4-2884c19e24dc | GET /catalog | status=200 | durationMs=1 | cache=MISS | source=dataset | key=catalog:all
catalog request | id=b0990426-874a-4fe6-96d0-81f53612fa7b | GET /catalog | status=200 | durationMs=0 | cache=MISS | source=dataset | key=catalog:all
catalog request | id=725f1560-e515-47e5-bc35-8365c2e8a633 | GET /catalog | status=200 | durationMs=1 | cache=MISS | source=dataset | key=catalog:all
catalog request | id=aaa6f896-656f-49ce-a7b5-375002852f91 | GET /catalog | status=200 | durationMs=0 | cache=MISS | source=dataset | key=catalog:all
catalog request | id=5dafa991-00d2-4ed4-8cb9-b96c5214e8fc | GET /catalog | status=200 | durationMs=1 | cache=MISS | source=dataset | key=catalog:all
catalog request | id=d5883835-c4ea-4815-ad22-d81d5d9da5b7 | GET /catalog | status=200 | durationMs=0 | cache=MISS | source=dataset | key=catalog:all
catalog request | id=d9acd672-cf88-40b5-b706-69a77913821c | GET /catalog | status=200 | durationMs=0 | cache=MISS | source=dataset | key=catalog:all
catalog request | id=35570a2c-c624-4184-8ad0-ad52aa0cf3f6 | GET /catalog | status=200 | durationMs=0 | cache=MISS | source=dataset | key=catalog:all
catalog request | id=b90486f9-03d5-4910-af64-d404ba1d3fb8 | GET /catalog | status=200 | durationMs=0 | cache=MISS | source=dataset | key=catalog:all
catalog request | id=442db498-8a00-4094-8074-5c20af7ae20d | GET /catalog | status=200 | durationMs=0 | cache=MISS | source=dataset | key=catalog:all
catalog request | id=61f09c24-ab54-4e03-b8de-2184c4254d6e | GET /catalog | status=200 | durationMs=0 | cache=MISS | source=dataset | key=catalog:all
catalog request | id=b3948546-1948-4039-9bca-9685718dc0f6 | GET /catalog | status=200 | durationMs=0 | cache=MISS | source=dataset | key=catalog:all
catalog request | id=8eeb09de-fee1-4d47-8043-1fa01b89c49d | GET /catalog | status=200 | durationMs=0 | cache=MISS | source=dataset | key=catalog:all
catalog request | id=eca29315-d381-4bf3-b0b7-4445b834b506 | GET /catalog | status=200 | durationMs=0 | cache=MISS | source=dataset | key=catalog:all
catalog request | id=56b5e00f-92d5-4986-835f-88df449d5a79 | GET /catalog | status=200 | durationMs=0 | cache=MISS | source=dataset | key=catalog:all
catalog request | id=fbe71b0a-4e9b-4c94-a2ee-591eeee2cd46 | GET /catalog | status=200 | durationMs=0 | cache=MISS | source=dataset | key=catalog:all
catalog request | id=7c245033-78d0-4c5e-9c58-1e53a1982062 | GET /catalog | status=200 | durationMs=0 | cache=MISS | source=dataset | key=catalog:all
catalog request | id=b7c9fb27-f6f5-4f21-bf57-5abeb45e7661 | GET /catalog | status=200 | durationMs=0 | cache=MISS | source=dataset | key=catalog:all
catalog request | id=3ccf6811-47c7-4f3a-86c9-d561e87164ed | GET /catalog | status=200 | durationMs=0 | cache=MISS | source=dataset | key=catalog:all
catalog request | id=5afb4c91-388b-4e04-9502-c4f4e886dae7 | GET /catalog | status=200 | durationMs=0 | cache=MISS | source=dataset | key=catalog:all
catalog request | id=da8c04a7-1a0a-4a48-829f-fcb93ad8acae | GET /catalog | status=200 | durationMs=1 | cache=MISS | source=dataset | key=catalog:all
catalog request | id=6ebd89a4-c35a-4f2b-8f88-79c08c82b90f | GET /catalog | status=200 | durationMs=1 | cache=MISS | source=dataset | key=catalog:all
catalog request | id=2bcea856-afce-4cb8-942e-4511f13c65bb | GET /catalog | status=200 | durationMs=0 | cache=MISS | source=dataset | key=catalog:all
catalog request | id=bdea84a0-45c3-40da-a9af-c6040825d085 | GET /catalog | status=200 | durationMs=0 | cache=MISS | source=dataset | key=catalog:all
catalog request | id=bfaa5e28-5c9a-4a02-8f0e-338081041ea3 | GET /catalog | status=200 | durationMs=1 | cache=MISS | source=dataset | key=catalog:all
catalog request | id=23d07519-54d5-4b08-aae0-585a73ebb6f1 | GET /catalog | status=200 | durationMs=0 | cache=MISS | source=dataset | key=catalog:all
catalog request | id=48d4c2bc-a622-4eaf-9555-2412cdd3366c | GET /catalog | status=200 | durationMs=0 | cache=MISS | source=dataset | key=catalog:all
catalog request | id=7c4534e1-f4a6-4aea-b92c-6f124801fe45 | GET /catalog | status=200 | durationMs=0 | cache=MISS | source=dataset | key=catalog:all
catalog request | id=7d9efcd4-55f5-42c7-8d75-5b24c8ae8a7f | GET /catalog | status=200 | durationMs=0 | cache=MISS | source=dataset | key=catalog:all
catalog request | id=6e4d7e38-04a1-4811-9e37-1884b6b23988 | GET /catalog | status=200 | durationMs=1 | cache=MISS | source=dataset | key=catalog:all
catalog request | id=a8bfd78f-18d6-4cfb-9d42-2a77c3bdf713 | GET /catalog | status=200 | durationMs=1 | cache=MISS | source=dataset | key=catalog:all
catalog request | id=f452d298-1127-4e2e-a687-2aee9905bfc3 | GET /catalog | status=200 | durationMs=1 | cache=MISS | source=dataset | key=catalog:all
catalog request | id=49445f4b-7f5e-4a17-98e5-06089a37f5c4 | GET /catalog | status=200 | durationMs=0 | cache=MISS | source=dataset | key=catalog:all
catalog request | id=73b49c2d-ec01-4117-861c-e62dddb83e6a | GET /catalog | status=200 | durationMs=1 | cache=MISS | source=dataset | key=catalog:all
catalog request | id=479e5393-c60a-444e-852d-057a5e60f2d7 | GET /catalog | status=200 | durationMs=0 | cache=MISS | source=dataset | key=catalog:all
catalog request | id=3de92f5a-18f7-4806-a25f-a855676a5eba | GET /catalog | status=200 | durationMs=1 | cache=MISS | source=dataset | key=catalog:all
catalog request | id=dc165352-9bb6-482d-a958-ddd1e2f1b035 | GET /catalog | status=200 | durationMs=0 | cache=MISS | source=dataset | key=catalog:all
catalog request | id=a8de3b3a-7774-4f05-a012-ddc568c00ebd | GET /catalog | status=200 | durationMs=1 | cache=MISS | source=dataset | key=catalog:all
catalog request | id=00e83bb6-e2e6-4a55-a463-f2d93ffc7afd | GET /catalog | status=200 | durationMs=0 | cache=MISS | source=dataset | key=catalog:all
catalog request | id=26af2dd4-83ee-4628-ade9-573470fc7f68 | GET /catalog | status=200 | durationMs=1 | cache=MISS | source=dataset | key=catalog:all
catalog request | id=a3f32f1f-2e7b-4aef-8204-64f8ae31ed88 | GET /catalog | status=200 | durationMs=0 | cache=MISS | source=dataset | key=catalog:all
catalog request | id=71aebccc-1527-4936-8e1b-4f9d4b6cd466 | GET /catalog | status=200 | durationMs=1 | cache=MISS | source=dataset | key=catalog:all
catalog request | id=1164ba83-629e-46ac-98ec-2709c4078f2d | GET /catalog | status=200 | durationMs=0 | cache=MISS | source=dataset | key=catalog:all
catalog request | id=f869ff4c-4327-4dbf-bad9-c4c62a506b29 | GET /catalog | status=200 | durationMs=0 | cache=MISS | source=dataset | key=catalog:all
catalog request | id=67518287-22cb-4998-b7f3-86c5d463abee | GET /catalog | status=200 | durationMs=0 | cache=MISS | source=dataset | key=catalog:all
catalog request | id=00168391-2e7b-4da7-9369-076d5f77b02a | GET /catalog | status=200 | durationMs=0 | cache=MISS | source=dataset | key=catalog:all
catalog request | id=cc57b740-d0ca-4daf-9622-5cb7523de4aa | GET /catalog | status=200 | durationMs=0 | cache=MISS | source=dataset | key=catalog:all
catalog request | id=1ae74ce0-c541-4cf3-975c-7112198ccaf7 | GET /catalog | status=200 | durationMs=0 | cache=MISS | source=dataset | key=catalog:all
catalog request | id=97a0a9ab-f9c5-4149-b735-62414ca9d90f | GET /catalog | status=200 | durationMs=0 | cache=MISS | source=dataset | key=catalog:all
catalog request | id=a01ac471-b9d7-4451-b2d1-f59188a20578 | GET /catalog | status=200 | durationMs=0 | cache=MISS | source=dataset | key=catalog:all
catalog request | id=e7a24b4b-93cf-4685-8909-9e30018c5dca | GET /catalog | status=200 | durationMs=0 | cache=MISS | source=dataset | key=catalog:all
catalog request | id=d6d7f3a7-5f39-4e30-a160-f124170c0c20 | GET /catalog | status=200 | durationMs=0 | cache=MISS | source=dataset | key=catalog:all
catalog request | id=9743db56-ef05-4a10-b218-febd37cd91e1 | GET /catalog | status=200 | durationMs=1 | cache=MISS | source=dataset | key=catalog:all
catalog request | id=4de70cc2-02b9-47b9-9682-045dd0f18493 | GET /catalog | status=200 | durationMs=0 | cache=MISS | source=dataset | key=catalog:all
catalog request | id=bdfd7f9f-18ec-4a47-a80e-e44fa20e6379 | GET /catalog | status=200 | durationMs=0 | cache=MISS | source=dataset | key=catalog:all
catalog request | id=0715b797-5794-4b01-902b-1bf12c43f678 | GET /catalog | status=200 | durationMs=0 | cache=MISS | source=dataset | key=catalog:all
catalog request | id=2250ae69-78ba-4c57-842a-ec305eed5aad | GET /catalog | status=200 | durationMs=1 | cache=MISS | source=dataset | key=catalog:all
catalog request | id=67b29868-c2c8-4c3d-97fc-902f36551eb7 | GET /catalog | status=200 | durationMs=1 | cache=MISS | source=dataset | key=catalog:all
catalog request | id=dd654e54-5705-4c95-a84f-95be365683cc | GET /catalog | status=200 | durationMs=0 | cache=MISS | source=dataset | key=catalog:all
catalog request | id=2b51274d-9b22-4a5c-a0f6-37ab1a900686 | GET /catalog | status=200 | durationMs=0 | cache=MISS | source=dataset | key=catalog:all
catalog request | id=b0822444-e28f-45bf-8e74-fc5d9be9b952 | GET /catalog | status=200 | durationMs=1 | cache=MISS | source=dataset | key=catalog:all
catalog request | id=d6455ec2-c1ce-47db-a9c0-b60852b491dd | GET /catalog | status=200 | durationMs=0 | cache=MISS | source=dataset | key=catalog:all
catalog request | id=03600d8f-58a2-4871-aee1-b028991357f8 | GET /catalog | status=200 | durationMs=0 | cache=MISS | source=dataset | key=catalog:all
catalog request | id=3999a1ea-5e25-4d37-994c-26c8f04f5930 | GET /catalog | status=200 | durationMs=0 | cache=MISS | source=dataset | key=catalog:all
catalog request | id=b07ae988-a00c-432e-9797-8aabc1d18737 | GET /catalog | status=200 | durationMs=0 | cache=MISS | source=dataset | key=catalog:all
catalog request | id=a7efd5e3-90c3-4027-8cdc-01bb5bbd5f4e | GET /catalog | status=200 | durationMs=1 | cache=MISS | source=dataset | key=catalog:all
catalog request | id=a6ad054c-b5d6-4fa7-bc43-08e237a5ac40 | GET /catalog | status=200 | durationMs=0 | cache=MISS | source=dataset | key=catalog:all
catalog request | id=0e8c0a2f-147f-4744-b2f8-d1756b15ad26 | GET /catalog | status=200 | durationMs=0 | cache=MISS | source=dataset | key=catalog:all
catalog request | id=57954d53-f246-49cb-8efa-c6beb6e483f4 | GET /catalog | status=200 | durationMs=0 | cache=MISS | source=dataset | key=catalog:all
catalog request | id=e1477d22-5e5e-4b6c-90a0-46c28d958fe0 | GET /catalog | status=200 | durationMs=0 | cache=MISS | source=dataset | key=catalog:all
catalog request | id=a11c8890-6988-4560-95db-266905ce747b | GET /catalog | status=200 | durationMs=1 | cache=MISS | source=dataset | key=catalog:all
catalog request | id=5aafa66d-a2f2-4a65-bb79-fa86b06b6485 | GET /catalog | status=200 | durationMs=0 | cache=MISS | source=dataset | key=catalog:all
catalog request | id=846c3a42-00d2-406d-b4ed-70cefc5e1da7 | GET /catalog | status=200 | durationMs=0 | cache=MISS | source=dataset | key=catalog:all
catalog request | id=5679e178-8921-428c-9119-21bc15f6be5d | GET /catalog | status=200 | durationMs=1 | cache=MISS | source=dataset | key=catalog:all
catalog request | id=9028c4fa-0343-40b3-9d1a-7e3044d647f8 | GET /catalog | status=200 | durationMs=0 | cache=MISS | source=dataset | key=catalog:all
catalog request | id=463ca9ce-1987-4599-992b-a5756ba856ae | GET /catalog | status=200 | durationMs=1 | cache=MISS | source=dataset | key=catalog:all
catalog request | id=72a89aef-ccea-4e8d-aae6-0a31fd9f986b | GET /catalog | status=200 | durationMs=0 | cache=MISS | source=dataset | key=catalog:all
catalog request | id=b38820c9-6793-4942-90e8-9169d0310e78 | GET /catalog | status=200 | durationMs=0 | cache=MISS | source=dataset | key=catalog:all
catalog request | id=2ed90e36-8f43-44ba-83d9-9c35031c2f6d | GET /catalog | status=200 | durationMs=0 | cache=MISS | source=dataset | key=catalog:all
catalog request | id=040cf9cf-fc05-4f05-a3a6-3689243e9e99 | GET /catalog | status=200 | durationMs=0 | cache=MISS | source=dataset | key=catalog:all
catalog request | id=e6a346ce-0b15-4945-9a4e-7d679c06a8e8 | GET /catalog | status=200 | durationMs=0 | cache=MISS | source=dataset | key=catalog:all
catalog request | id=58b5a864-d032-4b4a-94ed-986d141ac495 | GET /catalog | status=200 | durationMs=0 | cache=MISS | source=dataset | key=catalog:all
catalog request | id=89c7ed0f-7dbf-4c39-91de-48cfd6642fe5 | GET /catalog | status=200 | durationMs=0 | cache=MISS | source=dataset | key=catalog:all
catalog request | id=93328c75-c7a2-4d0e-bb47-fd16093608fc | GET /catalog | status=200 | durationMs=0 | cache=MISS | source=dataset | key=catalog:all
catalog request | id=8019ffeb-3793-4fa8-a591-edb8cb42d70a | GET /catalog | status=200 | durationMs=1 | cache=MISS | source=dataset | key=catalog:all
catalog request | id=a9423b02-9e93-40ad-8c8f-b7e67e7c45d4 | GET /catalog | status=200 | durationMs=0 | cache=MISS | source=dataset | key=catalog:all
catalog request | id=2424dd73-6b27-478e-af8f-d326fa08d070 | GET /catalog | status=200 | durationMs=0 | cache=MISS | source=dataset | key=catalog:all
catalog request | id=966b002e-e5eb-4a8d-a4e9-da70f7af49ad | GET /catalog | status=200 | durationMs=0 | cache=MISS | source=dataset | key=catalog:all
catalog request | id=2494e2f3-3508-4c09-8d56-4f8d4af55407 | GET /catalog | status=200 | durationMs=0 | cache=MISS | source=dataset | key=catalog:all
catalog request | id=8c24697c-bf63-4a14-8504-767aaf017a98 | GET /catalog | status=200 | durationMs=0 | cache=MISS | source=dataset | key=catalog:all
catalog request | id=11bae77f-487f-43c0-ade8-4514b2424609 | GET /catalog | status=200 | durationMs=0 | cache=MISS | source=dataset | key=catalog:all
catalog request | id=f17bf948-aee7-42c4-8941-e66cae0d0fd4 | GET /catalog | status=200 | durationMs=0 | cache=MISS | source=dataset | key=catalog:all
catalog request | id=dea8d84f-f960-46c3-88fa-65f5767b1099 | GET /catalog | status=200 | durationMs=0 | cache=MISS | source=dataset | key=catalog:all
catalog request | id=91a1da47-355f-46df-b5ec-1a1adadbced8 | GET /catalog | status=200 | durationMs=0 | cache=MISS | source=dataset | key=catalog:all
catalog request | id=7ea867f3-dd3c-47cf-8af2-0364cc185b3f | GET /catalog | status=200 | durationMs=0 | cache=MISS | source=dataset | key=catalog:all
catalog request | id=0c8316d4-de23-42cb-bc53-e8c1c64a41c6 | GET /catalog | status=200 | durationMs=1 | cache=MISS | source=dataset | key=catalog:all
catalog request | id=43aeab12-d941-46a9-8b50-6f7ab8cd2f3c | GET /catalog | status=200 | durationMs=0 | cache=MISS | source=dataset | key=catalog:all
catalog request | id=58b554dc-5dd7-4b94-b906-d4946726741e | GET /catalog | status=200 | durationMs=1 | cache=MISS | source=dataset | key=catalog:all
catalog request | id=4f7d907d-e43c-4580-8aa4-5d51b1e86889 | GET /catalog | status=200 | durationMs=1 | cache=MISS | source=dataset | key=catalog:all
catalog request | id=8766afe0-135e-482a-8f47-fcefb35e9c07 | GET /catalog | status=200 | durationMs=0 | cache=MISS | source=dataset | key=catalog:all
catalog request | id=6b83a8a2-bf49-422f-9eee-25accb23cfbe | GET /catalog | status=200 | durationMs=0 | cache=MISS | source=dataset | key=catalog:all
catalog request | id=8a2b890a-6a21-4496-838d-db9e565dcb05 | GET /catalog | status=200 | durationMs=0 | cache=MISS | source=dataset | key=catalog:all
catalog request | id=77b41a0d-04f9-48cc-b287-1a60f865bdcb | GET /catalog | status=200 | durationMs=0 | cache=MISS | source=dataset | key=catalog:all
catalog request | id=5b6230b7-11c4-4d9f-9b55-66d5ab488a0e | GET /catalog | status=200 | durationMs=1 | cache=MISS | source=dataset | key=catalog:all
catalog request | id=be2e288b-1b2e-4987-abf3-7615d5649c56 | GET /catalog | status=200 | durationMs=0 | cache=MISS | source=dataset | key=catalog:all
catalog request | id=b330507c-8df3-44e3-b0f3-e1474416654b | GET /catalog | status=200 | durationMs=1 | cache=MISS | source=dataset | key=catalog:all
catalog request | id=37389b15-be83-47cd-ba92-339d686ccf90 | GET /catalog | status=200 | durationMs=1 | cache=MISS | source=dataset | key=catalog:all
catalog request | id=9b0224de-74c9-4d71-a209-f7013cd48d51 | GET /catalog | status=200 | durationMs=1 | cache=MISS | source=dataset | key=catalog:all
catalog request | id=065b3c0a-1e35-47eb-bfc9-daa9282ee57a | GET /catalog | status=200 | durationMs=0 | cache=MISS | source=dataset | key=catalog:all
catalog request | id=e0edeb1e-7788-474d-bbcf-c7d8855abc00 | GET /catalog | status=200 | durationMs=0 | cache=MISS | source=dataset | key=catalog:all
catalog request | id=ebc1d443-f69e-4516-90c3-cf30615d44d3 | GET /catalog | status=200 | durationMs=1 | cache=MISS | source=dataset | key=catalog:all
catalog request | id=5be0d23c-c591-4ac1-b5bf-d214f9a05240 | GET /catalog | status=200 | durationMs=0 | cache=MISS | source=dataset | key=catalog:all
catalog request | id=8e7fdbd1-7df7-4c3a-92d3-c5554c9df5c8 | GET /catalog | status=200 | durationMs=0 | cache=MISS | source=dataset | key=catalog:all
catalog request | id=ef8cfdcd-0334-4f04-b108-a642ba3d7837 | GET /catalog | status=200 | durationMs=0 | cache=MISS | source=dataset | key=catalog:all
catalog request | id=8d173f9f-0cb2-4f98-a927-da8f5baaa8b3 | GET /catalog | status=200 | durationMs=0 | cache=MISS | source=dataset | key=catalog:all
catalog request | id=7cff0a1b-d8f3-43a2-957b-bf98f23374a7 | GET /catalog | status=200 | durationMs=0 | cache=MISS | source=dataset | key=catalog:all
catalog request | id=93947522-419f-43eb-b0c0-742f8088bc0b | GET /catalog | status=200 | durationMs=0 | cache=MISS | source=dataset | key=catalog:all
catalog request | id=19966193-0b7a-49de-8d13-eac18bf1d97f | GET /catalog | status=200 | durationMs=0 | cache=MISS | source=dataset | key=catalog:all
catalog request | id=6586bf1d-dcb1-49c6-bd18-bc960a8f12ef | GET /catalog | status=200 | durationMs=0 | cache=MISS | source=dataset | key=catalog:all
catalog request | id=0c3913db-cb0f-4c20-b4a2-c20a582dbfe3 | GET /catalog | status=200 | durationMs=1 | cache=MISS | source=dataset | key=catalog:all
catalog request | id=7f0dfb9f-017e-4974-9b63-5f942c931f2d | GET /catalog | status=200 | durationMs=0 | cache=MISS | source=dataset | key=catalog:all
catalog request | id=58605e2b-8eee-4161-a163-1f4db3a05959 | GET /catalog | status=200 | durationMs=0 | cache=MISS | source=dataset | key=catalog:all
catalog request | id=6921a053-e768-4c94-a689-b0ced4cd8507 | GET /catalog | status=200 | durationMs=0 | cache=MISS | source=dataset | key=catalog:all
catalog request | id=689f8f76-12f8-4ce4-868c-df0265800cb0 | GET /catalog | status=200 | durationMs=1 | cache=MISS | source=dataset | key=catalog:all
catalog request | id=042c344e-ddac-4c95-ba82-9a53890b3142 | GET /catalog | status=200 | durationMs=0 | cache=MISS | source=dataset | key=catalog:all
catalog request | id=70619e84-91b3-4fc5-b93c-f4b4258c749a | GET /catalog | status=200 | durationMs=1 | cache=MISS | source=dataset | key=catalog:all
catalog request | id=090c245c-63a5-460f-88d5-7896f717c8d4 | GET /catalog | status=200 | durationMs=1 | cache=MISS | source=dataset | key=catalog:all
catalog request | id=ddf64f1b-5ef2-4573-bc89-793fe40789db | GET /catalog | status=200 | durationMs=0 | cache=MISS | source=dataset | key=catalog:all
catalog request | id=be8723be-19ef-47f4-9777-8c069cdb0fef | GET /catalog | status=200 | durationMs=0 | cache=MISS | source=dataset | key=catalog:all
catalog request | id=73c2a4b6-e147-4ef3-98d8-fb22361c4541 | GET /catalog | status=200 | durationMs=0 | cache=MISS | source=dataset | key=catalog:all
catalog request | id=d0206361-7f56-4dd4-9e3b-8ebcee478984 | GET /catalog | status=200 | durationMs=0 | cache=MISS | source=dataset | key=catalog:all
catalog request | id=b2e5ffc4-17c8-4d0e-aae3-6ebe301a28c0 | GET /catalog | status=200 | durationMs=0 | cache=MISS | source=dataset | key=catalog:all
catalog request | id=918446c5-e81c-4450-a3e5-56e6f065f760 | GET /catalog | status=200 | durationMs=0 | cache=MISS | source=dataset | key=catalog:all
catalog request | id=14350562-11e1-4691-8293-75ccd753672f | GET /catalog | status=200 | durationMs=0 | cache=MISS | source=dataset | key=catalog:all
catalog request | id=13d257cf-de4b-4b01-bb4c-be87c3d2e56d | GET /catalog | status=200 | durationMs=0 | cache=MISS | source=dataset | key=catalog:all
catalog request | id=3c854eaf-93c8-4c0a-8d7e-77d78b2e13b6 | GET /catalog | status=200 | durationMs=1 | cache=MISS | source=dataset | key=catalog:all
catalog request | id=2794f94e-dcde-4b7c-9e61-de509f771abd | GET /catalog | status=200 | durationMs=1 | cache=MISS | source=dataset | key=catalog:all
catalog request | id=2e34fe8c-b8e7-40b6-b9ca-86fdfd76d23f | GET /catalog | status=200 | durationMs=1 | cache=MISS | source=dataset | key=catalog:all
catalog request | id=5013df5d-7c98-4b11-ac7f-88f55ac9b67c | GET /catalog | status=200 | durationMs=0 | cache=MISS | source=dataset | key=catalog:all
catalog request | id=8dba36af-7c66-4d8d-a0fc-02934f8b40ce | GET /catalog | status=200 | durationMs=1 | cache=MISS | source=dataset | key=catalog:all
catalog request | id=ce7f3937-8389-457e-82ad-6c9d5caf13f3 | GET /catalog | status=200 | durationMs=0 | cache=MISS | source=dataset | key=catalog:all
catalog request | id=53fe108d-3581-44a2-af22-b73eea67907a | GET /catalog | status=200 | durationMs=0 | cache=MISS | source=dataset | key=catalog:all
catalog request | id=5477255d-4d80-422f-9f9d-4d944c69d72e | GET /catalog | status=200 | durationMs=1 | cache=MISS | source=dataset | key=catalog:all
catalog request | id=3323860a-9474-45ed-b326-a32b613ee367 | GET /catalog | status=200 | durationMs=0 | cache=MISS | source=dataset | key=catalog:all
catalog request | id=f4ac19f0-c70b-44a5-9938-9ac9d25f0055 | GET /catalog | status=200 | durationMs=0 | cache=MISS | source=dataset | key=catalog:all
catalog request | id=42056c2b-1467-4814-b70e-ab3acdd55e27 | GET /catalog | status=200 | durationMs=0 | cache=MISS | source=dataset | key=catalog:all
catalog request | id=2b2f255f-df75-4a51-9df7-428c0c51c61d | GET /catalog | status=200 | durationMs=0 | cache=MISS | source=dataset | key=catalog:all
catalog request | id=16ab45ed-4bfb-4c6a-bf75-8c6fb89a3caa | GET /catalog | status=200 | durationMs=0 | cache=MISS | source=dataset | key=catalog:all
catalog request | id=b0d5ed74-41a2-4fae-b608-036c30fa0466 | GET /catalog | status=200 | durationMs=1 | cache=MISS | source=dataset | key=catalog:all
catalog request | id=6f85a975-451e-407c-8cec-0df84a9291bb | GET /catalog | status=200 | durationMs=1 | cache=MISS | source=dataset | key=catalog:all
catalog request | id=82bb777f-681c-4090-bfe3-5d1038694edb | GET /catalog | status=200 | durationMs=0 | cache=MISS | source=dataset | key=catalog:all
catalog request | id=f42284c1-176a-456d-8d70-45efa80e521d | GET /catalog | status=200 | durationMs=0 | cache=MISS | source=dataset | key=catalog:all
catalog request | id=232d0868-17e8-47ff-b214-64ac25664e8f | GET /catalog | status=200 | durationMs=0 | cache=MISS | source=dataset | key=catalog:all
catalog request | id=0abf8a41-54ad-45be-badb-e6f8e069cfa6 | GET /catalog | status=200 | durationMs=0 | cache=MISS | source=dataset | key=catalog:all
catalog request | id=55ce5f82-6714-4f1a-86c8-781606e208e5 | GET /catalog | status=200 | durationMs=0 | cache=MISS | source=dataset | key=catalog:all
catalog request | id=7249f398-4c2a-4433-8b93-f16870059919 | GET /catalog | status=200 | durationMs=0 | cache=MISS | source=dataset | key=catalog:all
catalog request | id=96dcbbd0-e15f-43da-88f6-15e96e9f9767 | GET /catalog | status=200 | durationMs=0 | cache=MISS | source=dataset | key=catalog:all
catalog request | id=60a7d392-496f-4a20-8ff1-043d347f5bd3 | GET /catalog | status=200 | durationMs=0 | cache=MISS | source=dataset | key=catalog:all
catalog request | id=437ea0a5-2a69-4ccb-af1e-ee5f3b4bd67e | GET /catalog | status=200 | durationMs=0 | cache=MISS | source=dataset | key=catalog:all
catalog request | id=716c6f0c-afa3-45be-a695-ae1abe36fc5e | GET /catalog | status=200 | durationMs=0 | cache=MISS | source=dataset | key=catalog:all
catalog request | id=e2a2ff44-a008-4812-a6fe-965dcfbdf9d9 | GET /catalog | status=200 | durationMs=1 | cache=MISS | source=dataset | key=catalog:all
catalog request | id=1134498d-acb5-4e5f-9bff-39dcd38b0ebb | GET /catalog | status=200 | durationMs=0 | cache=MISS | source=dataset | key=catalog:all
catalog request | id=d023860e-1c33-42c2-ba5b-e92d9614a95d | GET /catalog | status=200 | durationMs=0 | cache=MISS | source=dataset | key=catalog:all
catalog request | id=f9f97e2b-eb43-47d7-82fa-7b7f6d2802c8 | GET /catalog | status=200 | durationMs=0 | cache=MISS | source=dataset | key=catalog:all
catalog request | id=58e8cea7-c718-40fa-a240-327f3794ddfa | GET /catalog | status=200 | durationMs=1 | cache=MISS | source=dataset | key=catalog:all
catalog request | id=40ec40c6-b93f-4bb9-aed1-c492c78dd892 | GET /catalog | status=200 | durationMs=0 | cache=MISS | source=dataset | key=catalog:all
catalog request | id=2b2edc02-2289-463f-8935-29d9a2730dc6 | GET /catalog | status=200 | durationMs=0 | cache=MISS | source=dataset | key=catalog:all
catalog request | id=5d7316cb-e622-4ece-bdae-c25c49637a01 | GET /catalog | status=200 | durationMs=0 | cache=MISS | source=dataset | key=catalog:all
catalog request | id=15e04a90-a5ee-427d-b8ca-d8be7ae42932 | GET /catalog | status=200 | durationMs=1 | cache=MISS | source=dataset | key=catalog:all
catalog request | id=2ab014cf-c925-424a-a713-a184d628996b | GET /catalog | status=200 | durationMs=0 | cache=MISS | source=dataset | key=catalog:all
catalog request | id=66ff8cc4-00ea-4abf-aa9b-507a43706377 | GET /catalog | status=200 | durationMs=1 | cache=MISS | source=dataset | key=catalog:all
catalog request | id=36333eab-5a5f-4811-9a81-e89323c01e96 | GET /catalog | status=200 | durationMs=0 | cache=MISS | source=dataset | key=catalog:all
catalog request | id=a34e4a32-f2ab-4ad3-bb3c-94a4425b5e08 | GET /catalog | status=200 | durationMs=0 | cache=MISS | source=dataset | key=catalog:all
catalog request | id=25c34e34-7ac0-40a6-8205-e5a1b56e919b | GET /catalog | status=200 | durationMs=0 | cache=MISS | source=dataset | key=catalog:all
catalog request | id=a262b82f-b11f-4ce5-81aa-53827e494f04 | GET /catalog | status=200 | durationMs=0 | cache=MISS | source=dataset | key=catalog:all
catalog request | id=528736da-b23a-4d1e-86fa-500a85e20b1f | GET /catalog | status=200 | durationMs=0 | cache=MISS | source=dataset | key=catalog:all
catalog request | id=82f957ed-e9ba-4453-962b-13659db07290 | GET /catalog | status=200 | durationMs=0 | cache=MISS | source=dataset | key=catalog:all
catalog request | id=aa79c57f-66e3-4492-a4d4-5e0635eab55c | GET /catalog | status=200 | durationMs=0 | cache=MISS | source=dataset | key=catalog:all
catalog request | id=99c7fcda-ba43-4bf2-b8ee-f349e224f2d1 | GET /catalog | status=200 | durationMs=0 | cache=MISS | source=dataset | key=catalog:all
catalog request | id=7fa83961-12a3-4bfb-a683-48dc933b339e | GET /catalog | status=200 | durationMs=0 | cache=MISS | source=dataset | key=catalog:all
catalog request | id=6cc52cd3-3a0d-4e42-b6e4-cb5d4595f441 | GET /catalog | status=200 | durationMs=0 | cache=MISS | source=dataset | key=catalog:all
catalog request | id=b7716d4a-f59f-4ef4-a3e1-8ce81291a1a4 | GET /catalog | status=200 | durationMs=0 | cache=MISS | source=dataset | key=catalog:all
catalog request | id=23817dbe-9f43-4da3-89a0-1266c78764ed | GET /catalog | status=200 | durationMs=0 | cache=MISS | source=dataset | key=catalog:all
catalog request | id=7f15bd36-f418-468b-b624-173c8c53c173 | GET /catalog | status=200 | durationMs=0 | cache=MISS | source=dataset | key=catalog:all
catalog request | id=a4983802-ddea-4b14-b300-42a3b99f612a | GET /catalog | status=200 | durationMs=0 | cache=MISS | source=dataset | key=catalog:all
catalog request | id=5dd9f6dd-430f-4ef3-aa20-9855d47f450d | GET /catalog | status=200 | durationMs=0 | cache=MISS | source=dataset | key=catalog:all
catalog request | id=469dd92b-1581-49a8-b862-0d0a428aceb3 | GET /catalog | status=200 | durationMs=0 | cache=MISS | source=dataset | key=catalog:all
catalog request | id=bdde7c94-7577-466c-84bb-58e10a62369c | GET /catalog | status=200 | durationMs=0 | cache=MISS | source=dataset | key=catalog:all
catalog request | id=fe304016-49c5-4d08-a829-4be9bf9dba49 | GET /catalog | status=200 | durationMs=0 | cache=MISS | source=dataset | key=catalog:all
catalog request | id=b84c0fe5-a921-4d18-a086-59252450fee3 | GET /catalog | status=200 | durationMs=0 | cache=MISS | source=dataset | key=catalog:all
catalog request | id=88056cf6-1daa-446f-8817-ef5707456316 | GET /catalog | status=200 | durationMs=0 | cache=MISS | source=dataset | key=catalog:all
catalog request | id=920e1f37-5dbf-4bdc-88f6-8e86c8f6856d | GET /catalog | status=200 | durationMs=0 | cache=MISS | source=dataset | key=catalog:all
catalog request | id=cc7896d3-bae3-4964-9a56-085520a15ee9 | GET /catalog | status=200 | durationMs=0 | cache=MISS | source=dataset | key=catalog:all
catalog request | id=c14a139f-4f67-4acc-97d0-95e61fffc31e | GET /catalog | status=200 | durationMs=1 | cache=MISS | source=dataset | key=catalog:all
catalog request | id=51176962-5396-441f-a817-9887bfeb5305 | GET /catalog | status=200 | durationMs=0 | cache=MISS | source=dataset | key=catalog:all
catalog request | id=349cc703-1420-48ef-b1ea-23c998f22eaf | GET /catalog | status=200 | durationMs=0 | cache=MISS | source=dataset | key=catalog:all
catalog request | id=a14c87da-301a-428c-9435-b0473feeade1 | GET /catalog | status=200 | durationMs=1 | cache=MISS | source=dataset | key=catalog:all
catalog request | id=fd0325e4-92b8-47e4-b002-d5bb54212f79 | GET /catalog | status=200 | durationMs=0 | cache=MISS | source=dataset | key=catalog:all
catalog request | id=44a5888d-fbbe-421b-acef-af6e2217f029 | GET /catalog | status=200 | durationMs=1 | cache=MISS | source=dataset | key=catalog:all
catalog request | id=761745e1-5c4c-4729-bb01-9cfa068a53ec | GET /catalog | status=200 | durationMs=0 | cache=MISS | source=dataset | key=catalog:all
catalog request | id=347cc079-b798-43f9-b5be-4418e8197f3d | GET /catalog | status=200 | durationMs=0 | cache=MISS | source=dataset | key=catalog:all
catalog request | id=93ad23b8-eae4-4fdb-b538-0aeed2e6994a | GET /catalog | status=200 | durationMs=1 | cache=MISS | source=dataset | key=catalog:all
catalog request | id=1b8bc2db-e9e6-447f-bb9b-c5981494f57e | GET /catalog | status=200 | durationMs=0 | cache=MISS | source=dataset | key=catalog:all
catalog request | id=5c221f79-f12d-4ced-bc36-550bf7cc5a1e | GET /catalog | status=200 | durationMs=0 | cache=MISS | source=dataset | key=catalog:all
catalog request | id=fe786b5c-0dcf-4cc8-972e-9ede957615b5 | GET /catalog | status=200 | durationMs=1 | cache=MISS | source=dataset | key=catalog:all
catalog request | id=c8620e4d-622b-4ca7-9c7f-6b6bae821fc8 | GET /catalog | status=200 | durationMs=0 | cache=MISS | source=dataset | key=catalog:all
catalog request | id=affa58f9-404b-450d-9b67-3352b4c4e6bd | GET /catalog | status=200 | durationMs=1 | cache=MISS | source=dataset | key=catalog:all
catalog request | id=c37591f0-0e7a-4f20-877b-9ef6106b86e6 | GET /catalog | status=200 | durationMs=1 | cache=MISS | source=dataset | key=catalog:all
catalog request | id=671b2212-8893-4df6-bd04-0f4b6514e26e | GET /catalog | status=200 | durationMs=1 | cache=MISS | source=dataset | key=catalog:all
catalog request | id=33490839-13dd-42c5-be30-eb90c71f864d | GET /catalog | status=200 | durationMs=0 | cache=MISS | source=dataset | key=catalog:all
catalog request | id=344366d4-d8f7-45ee-a5a2-96081ed066b4 | GET /catalog | status=200 | durationMs=1 | cache=MISS | source=dataset | key=catalog:all
catalog request | id=2d272e87-48a2-4bdc-9a24-8f0e977976dd | GET /catalog | status=200 | durationMs=0 | cache=MISS | source=dataset | key=catalog:all
catalog request | id=5a108b8d-1e06-4d4f-b1ea-ad82eab3fb80 | GET /catalog | status=200 | durationMs=0 | cache=MISS | source=dataset | key=catalog:all
catalog request | id=338043a8-2049-40ee-bd2f-e58ebba19fe8 | GET /catalog | status=200 | durationMs=0 | cache=MISS | source=dataset | key=catalog:all
catalog request | id=f94c3ddf-9eb3-4ca0-9787-c60466a15e62 | GET /catalog | status=200 | durationMs=0 | cache=MISS | source=dataset | key=catalog:all
catalog request | id=3addea38-a412-49e3-8eb9-d97c099651d2 | GET /catalog | status=200 | durationMs=0 | cache=MISS | source=dataset | key=catalog:all
catalog request | id=db21254b-db33-4eb1-916f-073b8b944883 | GET /catalog | status=200 | durationMs=0 | cache=MISS | source=dataset | key=catalog:all
catalog request | id=da9006bf-c59a-4cd7-a030-409f556cd168 | GET /catalog | status=200 | durationMs=0 | cache=MISS | source=dataset | key=catalog:all
catalog request | id=85c368a0-ff6f-4a8e-8323-8ad949614d11 | GET /catalog | status=200 | durationMs=0 | cache=MISS | source=dataset | key=catalog:all
catalog request | id=6e1abb0b-d3c4-4b24-b68f-57d991d4ad40 | GET /catalog | status=200 | durationMs=0 | cache=MISS | source=dataset | key=catalog:all
catalog request | id=49de601f-d50b-4255-85de-5b7ffea5fac7 | GET /catalog | status=200 | durationMs=0 | cache=MISS | source=dataset | key=catalog:all
catalog request | id=70b1fac2-e24f-40a7-8de4-f871428ce4c5 | GET /catalog | status=200 | durationMs=0 | cache=MISS | source=dataset | key=catalog:all
catalog request | id=2c7870df-be7b-453f-941a-4cd4537f8f73 | GET /catalog | status=200 | durationMs=1 | cache=MISS | source=dataset | key=catalog:all
catalog request | id=4053cb90-d486-4121-b3ad-5ebafc9741d6 | GET /catalog | status=200 | durationMs=1 | cache=MISS | source=dataset | key=catalog:all
catalog request | id=775de900-2c5e-443f-8dff-deaddd5625a7 | GET /catalog | status=200 | durationMs=0 | cache=MISS | source=dataset | key=catalog:all
catalog request | id=d314c1a0-12a4-4fbd-a9d9-a1e4c3251a5d | GET /catalog | status=200 | durationMs=0 | cache=MISS | source=dataset | key=catalog:all
catalog request | id=f01fd8df-ca35-415b-b3e4-d72aae23e129 | GET /catalog | status=200 | durationMs=0 | cache=MISS | source=dataset | key=catalog:all
catalog request | id=ad1933e4-34bd-44fc-9e6f-93a05f13589c | GET /catalog | status=200 | durationMs=1 | cache=MISS | source=dataset | key=catalog:all
catalog request | id=0e951137-37ba-462a-8a87-736d243ccaac | GET /catalog | status=200 | durationMs=0 | cache=MISS | source=dataset | key=catalog:all
catalog request | id=0a4421d2-5a5e-4d9b-be14-7c1355f250da | GET /catalog | status=200 | durationMs=0 | cache=MISS | source=dataset | key=catalog:all
catalog request | id=3469b28b-bbba-4b8f-b254-0171084ea3e8 | GET /catalog | status=200 | durationMs=0 | cache=MISS | source=dataset | key=catalog:all
catalog request | id=22928cbc-66d3-4454-93c3-3cd0417bdf95 | GET /catalog | status=200 | durationMs=0 | cache=MISS | source=dataset | key=catalog:all
catalog request | id=b99503a0-69d8-4571-a580-c56afda849ed | GET /catalog | status=200 | durationMs=0 | cache=MISS | source=dataset | key=catalog:all
catalog request | id=9fd2f25c-7466-4609-b64f-5425bbeaef7c | GET /catalog | status=200 | durationMs=0 | cache=MISS | source=dataset | key=catalog:all
catalog request | id=12d8effb-0902-481e-931e-4eb735aabfca | GET /catalog | status=200 | durationMs=0 | cache=MISS | source=dataset | key=catalog:all
catalog request | id=f06b966f-954d-4890-b731-cecfd4d641ef | GET /catalog | status=200 | durationMs=1 | cache=MISS | source=dataset | key=catalog:all
catalog request | id=da686cc9-198c-4274-8806-cb00c6799e78 | GET /catalog | status=200 | durationMs=0 | cache=MISS | source=dataset | key=catalog:all
catalog request | id=33289f26-7b63-4091-bced-f75b07d5627c | GET /catalog | status=200 | durationMs=0 | cache=MISS | source=dataset | key=catalog:all
catalog request | id=18711c1e-6bb2-462f-88b9-8cc2b254e526 | GET /catalog | status=200 | durationMs=0 | cache=MISS | source=dataset | key=catalog:all
catalog request | id=17510341-7293-4fc4-a685-167be1619649 | GET /catalog | status=200 | durationMs=1 | cache=MISS | source=dataset | key=catalog:all
catalog request | id=1bd87770-3950-4c76-a444-9c4c3c8bd38b | GET /catalog | status=200 | durationMs=0 | cache=MISS | source=dataset | key=catalog:all
catalog request | id=fb4d25b3-796c-4756-8c41-1b5eb549d088 | GET /catalog | status=200 | durationMs=0 | cache=MISS | source=dataset | key=catalog:all
catalog request | id=74355515-99b3-4700-ba7b-523815038dea | GET /catalog | status=200 | durationMs=0 | cache=MISS | source=dataset | key=catalog:all
catalog request | id=aaa717dc-8f8e-48d0-a77b-8c47e48d902c | GET /catalog | status=200 | durationMs=0 | cache=MISS | source=dataset | key=catalog:all
catalog request | id=8362b903-a80d-4a0f-b97e-91df37c70d35 | GET /catalog | status=200 | durationMs=0 | cache=MISS | source=dataset | key=catalog:all
catalog request | id=d7c47e71-dc68-43ff-9d46-45128b23ff11 | GET /catalog | status=200 | durationMs=0 | cache=MISS | source=dataset | key=catalog:all
catalog request | id=dec651d2-e6a7-4203-b86a-86b40fb07efa | GET /catalog | status=200 | durationMs=0 | cache=MISS | source=dataset | key=catalog:all
catalog request | id=888cde56-2b17-4d7b-9f63-6b4e6d6ad680 | GET /catalog | status=200 | durationMs=0 | cache=MISS | source=dataset | key=catalog:all
catalog request | id=ea9ee377-502f-41e0-9d20-95dc5df38e9d | GET /catalog | status=200 | durationMs=0 | cache=MISS | source=dataset | key=catalog:all
catalog request | id=eb725463-f8a8-40b2-a5d2-35695340d076 | GET /catalog | status=200 | durationMs=0 | cache=MISS | source=dataset | key=catalog:all
catalog request | id=c061bacd-3a2c-44a9-af57-dea5cd108f4f | GET /catalog | status=200 | durationMs=0 | cache=MISS | source=dataset | key=catalog:all
catalog request | id=7fb39081-af93-4468-a417-be4389462bc7 | GET /catalog | status=200 | durationMs=0 | cache=MISS | source=dataset | key=catalog:all
catalog request | id=e0ea1525-e9f0-419b-9ce0-732d6bc5fbd2 | GET /catalog | status=200 | durationMs=0 | cache=MISS | source=dataset | key=catalog:all
catalog request | id=7ce231c0-3e0c-49ce-8210-10149ee5e608 | GET /catalog | status=200 | durationMs=1 | cache=MISS | source=dataset | key=catalog:all
catalog request | id=b226bcb5-c04b-4e96-92bd-2fa8386faa8d | GET /catalog | status=200 | durationMs=0 | cache=MISS | source=dataset | key=catalog:all
catalog request | id=16b7a608-8886-4fd9-8995-8849d83aa056 | GET /catalog | status=200 | durationMs=0 | cache=MISS | source=dataset | key=catalog:all
catalog request | id=03b2387a-3470-48e0-99d2-a928a47e0304 | GET /catalog | status=200 | durationMs=1 | cache=MISS | source=dataset | key=catalog:all
catalog request | id=5d050942-c5fa-48dc-8236-0f17c3b90c12 | GET /catalog | status=200 | durationMs=0 | cache=MISS | source=dataset | key=catalog:all
catalog request | id=d3edbcd4-97c4-466b-b407-3d8c86382148 | GET /catalog | status=200 | durationMs=1 | cache=MISS | source=dataset | key=catalog:all
catalog request | id=e9db1409-8593-409e-85f3-caecf7d7aeda | GET /catalog | status=200 | durationMs=0 | cache=MISS | source=dataset | key=catalog:all
catalog request | id=a62fc2b5-7eaa-421b-9302-d6d78fae1d8a | GET /catalog | status=200 | durationMs=0 | cache=MISS | source=dataset | key=catalog:all
catalog request | id=a4ac7c38-30cd-4163-a024-b4d4cdeb4e6a | GET /catalog | status=200 | durationMs=1 | cache=MISS | source=dataset | key=catalog:all
catalog request | id=2e802c14-4b72-498d-a582-27c5222693aa | GET /catalog | status=200 | durationMs=0 | cache=MISS | source=dataset | key=catalog:all
catalog request | id=7c50b4fb-e034-44e7-a753-06fc399d3a71 | GET /catalog | status=200 | durationMs=0 | cache=MISS | source=dataset | key=catalog:all
catalog request | id=4a0387c8-7980-4947-ae2a-e1565201c358 | GET /catalog | status=200 | durationMs=0 | cache=MISS | source=dataset | key=catalog:all
catalog request | id=da89c884-c6a1-4720-8d84-0258adcc071d | GET /catalog | status=200 | durationMs=0 | cache=MISS | source=dataset | key=catalog:all
catalog request | id=f4c9c864-4f9d-46b9-b7cf-926205a032b4 | GET /catalog | status=200 | durationMs=0 | cache=MISS | source=dataset | key=catalog:all
catalog request | id=417fdad0-345e-4f4d-827b-4cf5fa4799c3 | GET /catalog | status=200 | durationMs=1 | cache=MISS | source=dataset | key=catalog:all
catalog request | id=d7e329db-0a00-4019-8d42-f1199756b6db | GET /catalog | status=200 | durationMs=0 | cache=MISS | source=dataset | key=catalog:all
catalog request | id=b399629f-8381-49c2-8e5f-975c32c8402a | GET /catalog | status=200 | durationMs=1 | cache=MISS | source=dataset | key=catalog:all
catalog request | id=db74dd97-3d3b-4b4d-ad83-b38f5311bf91 | GET /catalog | status=200 | durationMs=0 | cache=MISS | source=dataset | key=catalog:all
catalog request | id=32e307ae-1da9-4893-a171-a93ac9423ddb | GET /catalog | status=200 | durationMs=0 | cache=MISS | source=dataset | key=catalog:all
catalog request | id=4a6855bd-bc8a-404c-800f-7dc29650c50e | GET /catalog | status=200 | durationMs=0 | cache=MISS | source=dataset | key=catalog:all
catalog request | id=caaa611b-192b-4da2-be1d-3ecd0b32fe05 | GET /catalog | status=200 | durationMs=1 | cache=MISS | source=dataset | key=catalog:all
catalog request | id=259aef3e-2c6a-4e30-9567-2d87ed16d551 | GET /catalog | status=200 | durationMs=0 | cache=MISS | source=dataset | key=catalog:all
catalog request | id=d129deff-dd63-42d5-83db-829f75fd8c6c | GET /catalog | status=200 | durationMs=0 | cache=MISS | source=dataset | key=catalog:all
catalog request | id=5f8034a8-2983-4ddb-ae66-edb5d96e3cd6 | GET /catalog | status=200 | durationMs=0 | cache=MISS | source=dataset | key=catalog:all
catalog request | id=f2fcd04b-e25d-4b56-8f69-8b11b61148f5 | GET /catalog | status=200 | durationMs=0 | cache=MISS | source=dataset | key=catalog:all
catalog request | id=6c366474-9db8-48a3-8718-4c2ccac5d25e | GET /catalog | status=200 | durationMs=0 | cache=MISS | source=dataset | key=catalog:all
catalog request | id=70f1ec85-75de-4a1f-94c2-4ca4dbbd4205 | GET /catalog | status=200 | durationMs=0 | cache=MISS | source=dataset | key=catalog:all
catalog request | id=e2cd0788-7e35-40bc-a2e5-54ebb594f93b | GET /catalog | status=200 | durationMs=1 | cache=MISS | source=dataset | key=catalog:all
catalog request | id=1b37a281-0c12-41fd-adc1-c4e470567991 | GET /catalog | status=200 | durationMs=0 | cache=MISS | source=dataset | key=catalog:all
catalog request | id=74225191-cac1-4437-90a4-efd37817a317 | GET /catalog | status=200 | durationMs=0 | cache=MISS | source=dataset | key=catalog:all
catalog request | id=950b20dc-4cf6-4af5-99c5-100406d8eba6 | GET /catalog | status=200 | durationMs=0 | cache=MISS | source=dataset | key=catalog:all
catalog request | id=f12c15f6-36c3-4a3b-ae56-b640c218aadf | GET /catalog | status=200 | durationMs=0 | cache=MISS | source=dataset | key=catalog:all
catalog request | id=0b156600-9d31-454e-818c-d81ab46b4bea | GET /catalog | status=200 | durationMs=1 | cache=MISS | source=dataset | key=catalog:all
catalog request | id=5bbbda97-09cd-4cd3-9864-f041fd10b09b | GET /catalog | status=200 | durationMs=0 | cache=MISS | source=dataset | key=catalog:all
catalog request | id=fe2a762a-62e4-43ef-9bd9-fed7ef2f225a | GET /catalog | status=200 | durationMs=1 | cache=MISS | source=dataset | key=catalog:all
catalog request | id=6d28c210-0d73-40c8-9495-7d1f7240c943 | GET /catalog | status=200 | durationMs=0 | cache=MISS | source=dataset | key=catalog:all
catalog request | id=5f2f61f2-55de-403a-9369-c837b870ffb1 | GET /catalog | status=200 | durationMs=0 | cache=MISS | source=dataset | key=catalog:all
catalog request | id=77af094f-e1e1-43b9-ba92-02b970e40bd1 | GET /catalog | status=200 | durationMs=1 | cache=MISS | source=dataset | key=catalog:all
catalog request | id=ae99a916-336e-432c-915f-b4d4f3206ad1 | GET /catalog | status=200 | durationMs=0 | cache=MISS | source=dataset | key=catalog:all
catalog request | id=19af58a9-f65b-4b26-a312-6b6c993ade95 | GET /catalog | status=200 | durationMs=0 | cache=MISS | source=dataset | key=catalog:all
catalog request | id=9d07de89-b710-4f4e-bfaa-695976256167 | GET /catalog | status=200 | durationMs=0 | cache=MISS | source=dataset | key=catalog:all
catalog request | id=e4d1590e-6f90-496b-9275-7595d86c267c | GET /catalog | status=200 | durationMs=1 | cache=MISS | source=dataset | key=catalog:all
catalog request | id=3b223fbc-19a9-4440-b1f2-5106a956b889 | GET /catalog | status=200 | durationMs=0 | cache=MISS | source=dataset | key=catalog:all
catalog request | id=7a7d6466-d375-4840-b67e-41392e347486 | GET /catalog | status=200 | durationMs=0 | cache=MISS | source=dataset | key=catalog:all
catalog request | id=8093f87b-bfa5-4c29-941f-2393a787a4ff | GET /catalog | status=200 | durationMs=0 | cache=MISS | source=dataset | key=catalog:all
catalog request | id=bc15ae24-1850-4fa3-a080-d216901b175e | GET /catalog | status=200 | durationMs=0 | cache=MISS | source=dataset | key=catalog:all
catalog request | id=32472deb-53b0-4d45-bb4b-a272c69e8787 | GET /catalog | status=200 | durationMs=1 | cache=MISS | source=dataset | key=catalog:all
catalog request | id=a1b9fcea-8a04-45f0-989b-d2a440286472 | GET /catalog | status=200 | durationMs=0 | cache=MISS | source=dataset | key=catalog:all
catalog request | id=6a8ac326-fc09-4503-af7c-edcf49e5e4b5 | GET /catalog | status=200 | durationMs=0 | cache=MISS | source=dataset | key=catalog:all
catalog request | id=fa0990cd-4a89-4a6a-93b9-6814a51f7666 | GET /catalog | status=200 | durationMs=0 | cache=MISS | source=dataset | key=catalog:all
catalog request | id=e1a51d16-cb9b-4354-84e7-f5469686ba6b | GET /catalog | status=200 | durationMs=0 | cache=MISS | source=dataset | key=catalog:all
catalog request | id=cb0d2685-799b-433b-96f5-60f1b647b31c | GET /catalog | status=200 | durationMs=1 | cache=MISS | source=dataset | key=catalog:all
catalog request | id=e59e598b-62c2-4610-8993-c15ccdc87ec3 | GET /catalog | status=200 | durationMs=0 | cache=MISS | source=dataset | key=catalog:all
catalog request | id=f88df224-3a8f-4989-95f4-422d6b513ec6 | GET /catalog | status=200 | durationMs=0 | cache=MISS | source=dataset | key=catalog:all
catalog request | id=cc8de9fb-1b6e-4de4-b303-4b84ce570b37 | GET /catalog | status=200 | durationMs=0 | cache=MISS | source=dataset | key=catalog:all
catalog request | id=4d0a8d10-abf3-45d8-a532-a8cee3c8ea08 | GET /catalog | status=200 | durationMs=1 | cache=MISS | source=dataset | key=catalog:all
catalog request | id=c25f4ba8-1b62-4388-ab83-4988c7a45f9d | GET /catalog | status=200 | durationMs=0 | cache=MISS | source=dataset | key=catalog:all
catalog request | id=14478c36-6fda-4ddb-9fdf-00c7ecee0504 | GET /catalog | status=200 | durationMs=1 | cache=MISS | source=dataset | key=catalog:all
catalog request | id=073514d9-a874-4dd1-ab8a-3d5cd118a310 | GET /catalog | status=200 | durationMs=0 | cache=MISS | source=dataset | key=catalog:all
catalog request | id=f31b2623-271d-4f1f-8282-fb4a88a569f3 | GET /catalog | status=200 | durationMs=0 | cache=MISS | source=dataset | key=catalog:all
catalog request | id=f59d2067-1286-4f9e-af82-07a61b88f71d | GET /catalog | status=200 | durationMs=0 | cache=MISS | source=dataset | key=catalog:all
catalog request | id=0def312f-d487-4bac-93e9-6202f1bc233d | GET /catalog | status=200 | durationMs=0 | cache=MISS | source=dataset | key=catalog:all
catalog request | id=34e6da78-f25a-4378-83e0-5d0edf7c9c7a | GET /catalog | status=200 | durationMs=0 | cache=MISS | source=dataset | key=catalog:all
catalog request | id=3d8c9fd7-43c3-46c9-ae73-4e1f64be30cb | GET /catalog | status=200 | durationMs=0 | cache=MISS | source=dataset | key=catalog:all
catalog request | id=d064ebb8-d151-4d37-a2a9-3e714c2cfe51 | GET /catalog | status=200 | durationMs=1 | cache=MISS | source=dataset | key=catalog:all
catalog request | id=787660de-f333-450d-b730-1f8a13565c3b | GET /catalog | status=200 | durationMs=0 | cache=MISS | source=dataset | key=catalog:all
catalog request | id=9b602224-80b0-4d4f-8205-cb2ef2c02ae1 | GET /catalog | status=200 | durationMs=0 | cache=MISS | source=dataset | key=catalog:all
catalog request | id=6a919828-7088-4d04-a954-f7472a3edac2 | GET /catalog | status=200 | durationMs=0 | cache=MISS | source=dataset | key=catalog:all
catalog request | id=19df8cf1-a5e2-4813-88ba-e119c61b2bcd | GET /catalog | status=200 | durationMs=0 | cache=MISS | source=dataset | key=catalog:all
catalog request | id=1607fa02-b0ac-420d-be88-a2a2a02bf967 | GET /catalog | status=200 | durationMs=0 | cache=MISS | source=dataset | key=catalog:all
catalog request | id=02c82ebe-2095-4b31-bbb5-b2ebfb3b0da9 | GET /catalog | status=200 | durationMs=0 | cache=MISS | source=dataset | key=catalog:all
catalog request | id=1d5f691c-98b4-4639-88d2-b12bf4819840 | GET /catalog | status=200 | durationMs=0 | cache=MISS | source=dataset | key=catalog:all
catalog request | id=8f597792-c296-454d-9ad5-9fe73c2bde47 | GET /catalog | status=200 | durationMs=1 | cache=MISS | source=dataset | key=catalog:all
catalog request | id=cb14240f-364b-4dba-bcc9-bdb5b33081aa | GET /catalog | status=200 | durationMs=0 | cache=MISS | source=dataset | key=catalog:all
catalog request | id=978fb9e0-cbcb-4667-87b5-2f1ede6033a6 | GET /catalog | status=200 | durationMs=0 | cache=MISS | source=dataset | key=catalog:all
catalog request | id=4df8ec35-7609-46ca-b736-ca81cb975d80 | GET /catalog | status=200 | durationMs=0 | cache=MISS | source=dataset | key=catalog:all
catalog request | id=1424979c-c727-494b-b9a9-564140f3992e | GET /catalog | status=200 | durationMs=0 | cache=MISS | source=dataset | key=catalog:all
catalog request | id=05a08f1c-a168-44c8-8bda-edd4bb505d10 | GET /catalog | status=200 | durationMs=0 | cache=MISS | source=dataset | key=catalog:all
catalog request | id=d4cdfbc9-c476-444e-856b-4e4929cbc5a4 | GET /catalog | status=200 | durationMs=0 | cache=MISS | source=dataset | key=catalog:all
catalog request | id=58b928f5-1b62-4661-aea9-e0f2adf10264 | GET /catalog | status=200 | durationMs=1 | cache=MISS | source=dataset | key=catalog:all
catalog request | id=55d223a5-be43-4683-8fd7-c44cc077ed36 | GET /catalog | status=200 | durationMs=0 | cache=MISS | source=dataset | key=catalog:all
catalog request | id=4c1fb1cc-4f9d-40d3-b513-8d8c630efbb3 | GET /catalog | status=200 | durationMs=0 | cache=MISS | source=dataset | key=catalog:all
catalog request | id=eb83b908-4fb9-4c2c-aff1-4fdd3a91e586 | GET /catalog | status=200 | durationMs=0 | cache=MISS | source=dataset | key=catalog:all
catalog request | id=82d5202f-88b1-4e60-aa70-1ebb39f7b5e7 | GET /catalog | status=200 | durationMs=0 | cache=MISS | source=dataset | key=catalog:all
catalog request | id=f11147c0-37ce-4c93-8190-7e7603bba045 | GET /catalog | status=200 | durationMs=1 | cache=MISS | source=dataset | key=catalog:all
catalog request | id=55155b82-83f1-48f2-9e9d-e5617fe7114a | GET /catalog | status=200 | durationMs=0 | cache=MISS | source=dataset | key=catalog:all
catalog request | id=57defd10-2494-43ab-b0c7-ed89782ce50c | GET /catalog | status=200 | durationMs=1 | cache=MISS | source=dataset | key=catalog:all
catalog request | id=db341922-0826-4b16-b32a-316e3cccde13 | GET /catalog | status=200 | durationMs=0 | cache=MISS | source=dataset | key=catalog:all
catalog request | id=6bbdf653-13ad-4f54-bff5-024fd5fe3b2b | GET /catalog | status=200 | durationMs=0 | cache=MISS | source=dataset | key=catalog:all
catalog request | id=5407b317-81fd-4cb6-9bbe-ce0f88f6e03d | GET /catalog | status=200 | durationMs=1 | cache=MISS | source=dataset | key=catalog:all
catalog request | id=a81dcfb2-0863-486a-a0c9-dcd49d88d6bd | GET /catalog | status=200 | durationMs=1 | cache=MISS | source=dataset | key=catalog:all
catalog request | id=f7618a92-c66a-4524-9652-aa661e8ab99e | GET /catalog | status=200 | durationMs=1 | cache=MISS | source=dataset | key=catalog:all
catalog request | id=42be8e62-b8e5-4152-b771-ac1dee3ae5bb | GET /catalog | status=200 | durationMs=1 | cache=MISS | source=dataset | key=catalog:all
catalog request | id=2499861a-d59b-4c4d-b75f-4bd3ea513eec | GET /catalog | status=200 | durationMs=1 | cache=MISS | source=dataset | key=catalog:all
catalog request | id=002433de-3fac-4141-80a2-f2353158815e | GET /catalog | status=200 | durationMs=0 | cache=MISS | source=dataset | key=catalog:all
catalog request | id=00ce8aae-4a69-4568-9b33-5a56c6d67968 | GET /catalog | status=200 | durationMs=1 | cache=MISS | source=dataset | key=catalog:all
catalog request | id=8616cf41-a2da-4798-8ced-67b1817fe8e6 | GET /catalog | status=200 | durationMs=0 | cache=MISS | source=dataset | key=catalog:all
catalog request | id=dcb47a06-2bfd-4678-87fc-9136f7eb3b18 | GET /catalog | status=200 | durationMs=0 | cache=MISS | source=dataset | key=catalog:all
catalog request | id=32f2ce1c-2799-454e-a624-1f97e7fca792 | GET /catalog | status=200 | durationMs=1 | cache=MISS | source=dataset | key=catalog:all
catalog request | id=7ce8c49b-b84f-4414-a959-a050db1ad921 | GET /catalog | status=200 | durationMs=0 | cache=MISS | source=dataset | key=catalog:all
catalog request | id=11594fb2-2624-478b-abda-8123aeabe41c | GET /catalog | status=200 | durationMs=0 | cache=MISS | source=dataset | key=catalog:all
catalog request | id=eee166d4-7864-4cee-ad62-1027d35e427a | GET /catalog | status=200 | durationMs=1 | cache=MISS | source=dataset | key=catalog:all
catalog request | id=4a2a4736-018c-4f2e-ade7-cb2f8850c0dc | GET /catalog | status=200 | durationMs=0 | cache=MISS | source=dataset | key=catalog:all
catalog request | id=c91c5d6e-b485-41f5-be81-2a62ff02715e | GET /catalog | status=200 | durationMs=1 | cache=MISS | source=dataset | key=catalog:all
catalog request | id=52d173a9-55fc-4e15-9e62-d11e092b6e46 | GET /catalog | status=200 | durationMs=0 | cache=MISS | source=dataset | key=catalog:all
catalog request | id=38f19954-8b33-477b-8e32-93d26d166c75 | GET /catalog | status=200 | durationMs=1 | cache=MISS | source=dataset | key=catalog:all
catalog request | id=c9601cde-2728-4d5d-9ad6-17d0b7c06694 | GET /catalog | status=200 | durationMs=1 | cache=MISS | source=dataset | key=catalog:all
catalog request | id=a9e879b1-971e-4b81-b4b6-14109b3d35b5 | GET /catalog | status=200 | durationMs=0 | cache=MISS | source=dataset | key=catalog:all
catalog request | id=8698374d-2563-4446-ac80-b43ae0b1a347 | GET /catalog | status=200 | durationMs=0 | cache=MISS | source=dataset | key=catalog:all
catalog request | id=6f20af1d-17fd-4558-8657-8940de815f04 | GET /catalog | status=200 | durationMs=1 | cache=MISS | source=dataset | key=catalog:all
catalog request | id=4429769a-ffed-4f04-ade9-161fc5bc0845 | GET /catalog | status=200 | durationMs=0 | cache=MISS | source=dataset | key=catalog:all
catalog request | id=a254f4a4-2bca-43e6-aa27-874030f9c632 | GET /catalog | status=200 | durationMs=0 | cache=MISS | source=dataset | key=catalog:all
catalog request | id=b3ffb1cd-e16e-4182-84ee-28d5d991e5c1 | GET /catalog | status=200 | durationMs=0 | cache=MISS | source=dataset | key=catalog:all
catalog request | id=20c26ff2-9bd0-4040-b996-76ef239a2156 | GET /catalog | status=200 | durationMs=0 | cache=MISS | source=dataset | key=catalog:all
catalog request | id=0c8b864b-88bd-409e-ab32-0c02e4e1b50f | GET /catalog | status=200 | durationMs=1 | cache=MISS | source=dataset | key=catalog:all
catalog request | id=40948a2e-943f-4f8a-afd6-c582170fa426 | GET /catalog | status=200 | durationMs=0 | cache=MISS | source=dataset | key=catalog:all
catalog request | id=db85b175-e58a-4eca-8f74-49da69daccb7 | GET /catalog | status=200 | durationMs=0 | cache=MISS | source=dataset | key=catalog:all
catalog request | id=2e91c3d3-8108-4271-b6d0-391febc76a35 | GET /catalog | status=200 | durationMs=1 | cache=MISS | source=dataset | key=catalog:all
catalog request | id=4533554e-97f4-45a4-a9d6-da8cec5c3e87 | GET /catalog | status=200 | durationMs=0 | cache=MISS | source=dataset | key=catalog:all
catalog request | id=cdc3b025-5927-4d02-9454-84119be3fd4a | GET /catalog | status=200 | durationMs=0 | cache=MISS | source=dataset | key=catalog:all
catalog request | id=7af91897-ee08-4159-8e9d-4be8a9d10610 | GET /catalog | status=200 | durationMs=0 | cache=MISS | source=dataset | key=catalog:all
catalog request | id=d573eda4-224e-459d-9a06-f4684eb1fc6e | GET /catalog | status=200 | durationMs=0 | cache=MISS | source=dataset | key=catalog:all
catalog request | id=2ec4f0d0-c0a1-47f8-a9cf-945b249a0cc6 | GET /catalog | status=200 | durationMs=1 | cache=MISS | source=dataset | key=catalog:all
catalog request | id=fee4584c-4e54-436a-8c45-5c5485218ac6 | GET /catalog | status=200 | durationMs=1 | cache=MISS | source=dataset | key=catalog:all
catalog request | id=30f6e6a4-ccaa-42ca-8985-5edae5663d7a | GET /catalog | status=200 | durationMs=0 | cache=MISS | source=dataset | key=catalog:all
catalog request | id=60c58cc8-b5b9-45c3-ae93-143257c1f085 | GET /catalog | status=200 | durationMs=0 | cache=MISS | source=dataset | key=catalog:all
catalog request | id=92d345bc-8a24-4703-841c-29bca37c144f | GET /catalog | status=200 | durationMs=0 | cache=MISS | source=dataset | key=catalog:all
catalog request | id=4f4e4029-01cb-4930-bb24-eeac4125772c | GET /catalog | status=200 | durationMs=0 | cache=MISS | source=dataset | key=catalog:all
catalog request | id=056aa701-7d9b-4ebe-bc17-0c6d63e07ba1 | GET /catalog | status=200 | durationMs=0 | cache=MISS | source=dataset | key=catalog:all
catalog request | id=96caa6cd-56e4-4772-90ad-7664c510d589 | GET /catalog | status=200 | durationMs=0 | cache=MISS | source=dataset | key=catalog:all
catalog request | id=b20b374a-a692-47e5-b9e8-6b1436e51cbb | GET /catalog | status=200 | durationMs=1 | cache=MISS | source=dataset | key=catalog:all
catalog request | id=6521ac64-35f5-4659-b982-86b62850b118 | GET /catalog | status=200 | durationMs=0 | cache=MISS | source=dataset | key=catalog:all
catalog request | id=2d8912b2-807e-49d7-bdfc-e9e73b7b89ba | GET /catalog | status=200 | durationMs=0 | cache=MISS | source=dataset | key=catalog:all
catalog request | id=e147513c-ebf5-4293-932b-cebe9fda9fdd | GET /catalog | status=200 | durationMs=0 | cache=MISS | source=dataset | key=catalog:all
catalog request | id=a9287ac3-2014-4484-848a-18abf8380b28 | GET /catalog | status=200 | durationMs=0 | cache=MISS | source=dataset | key=catalog:all
catalog request | id=876cde9f-839a-4d2d-97d7-709d450aa9e0 | GET /catalog | status=200 | durationMs=1 | cache=MISS | source=dataset | key=catalog:all
catalog request | id=c2ddf39d-a4e9-40ce-8b9c-1196c4695e1f | GET /catalog | status=200 | durationMs=1 | cache=MISS | source=dataset | key=catalog:all
catalog request | id=4661087b-20de-4e34-b317-c64c542e3da8 | GET /catalog | status=200 | durationMs=0 | cache=MISS | source=dataset | key=catalog:all
catalog request | id=9a62fff1-ba43-431c-8205-5693b233a1b8 | GET /catalog | status=200 | durationMs=1 | cache=MISS | source=dataset | key=catalog:all
catalog request | id=7e17ad30-f12e-4620-a602-14ce082fa535 | GET /catalog | status=200 | durationMs=0 | cache=MISS | source=dataset | key=catalog:all
catalog request | id=4aeb5737-b913-4a41-b300-be9ea496c84a | GET /catalog | status=200 | durationMs=0 | cache=MISS | source=dataset | key=catalog:all
catalog request | id=7527757d-187e-44b5-848c-1aaabf3fb913 | GET /catalog | status=200 | durationMs=0 | cache=MISS | source=dataset | key=catalog:all
catalog request | id=776aa0d9-d8d5-482a-a578-80f2ea70b1b5 | GET /catalog | status=200 | durationMs=0 | cache=MISS | source=dataset | key=catalog:all
catalog request | id=cebc54a1-cfd0-4dbc-ae61-a6c464e7a78e | GET /catalog | status=200 | durationMs=0 | cache=MISS | source=dataset | key=catalog:all
catalog request | id=36bfee34-0bcb-45cf-97a2-92181c0b12b0 | GET /catalog | status=200 | durationMs=0 | cache=MISS | source=dataset | key=catalog:all
catalog request | id=0ca8b0ba-16d7-4827-a136-31fae38d8f7c | GET /catalog | status=200 | durationMs=0 | cache=MISS | source=dataset | key=catalog:all
catalog request | id=af580255-a3e5-4f6a-816b-66734c7c1619 | GET /catalog | status=200 | durationMs=0 | cache=MISS | source=dataset | key=catalog:all
catalog request | id=02710b86-56ed-4db6-8840-3a8f5ccbcd54 | GET /catalog | status=200 | durationMs=1 | cache=MISS | source=dataset | key=catalog:all
catalog request | id=8e5e3b85-342c-49d0-ae9f-a2ac3b2ac80b | GET /catalog | status=200 | durationMs=0 | cache=MISS | source=dataset | key=catalog:all
catalog request | id=30acbd30-1e74-43c6-800f-c79374a476c6 | GET /catalog | status=200 | durationMs=0 | cache=MISS | source=dataset | key=catalog:all
catalog request | id=d2365e2f-b11d-4f8a-a7aa-bee9a3bbfbf8 | GET /catalog | status=200 | durationMs=0 | cache=MISS | source=dataset | key=catalog:all
catalog request | id=ccc2277e-e735-4db1-9640-65fa171f16b4 | GET /catalog | status=200 | durationMs=0 | cache=MISS | source=dataset | key=catalog:all
catalog request | id=4985e136-bea7-4037-8dc0-a954c04a61f7 | GET /catalog | status=200 | durationMs=0 | cache=MISS | source=dataset | key=catalog:all
catalog request | id=77d08693-54a2-4aa6-b3c2-8c0e10cfe395 | GET /catalog | status=200 | durationMs=0 | cache=MISS | source=dataset | key=catalog:all
catalog request | id=d631d545-4d10-42b5-b894-1b7713551963 | GET /catalog | status=200 | durationMs=0 | cache=MISS | source=dataset | key=catalog:all
catalog request | id=eb4f8db7-62e1-45b5-8e35-f980ab88d4f0 | GET /catalog | status=200 | durationMs=0 | cache=MISS | source=dataset | key=catalog:all
catalog request | id=c5459373-0406-4bc7-babf-194e6bd3b182 | GET /catalog | status=200 | durationMs=0 | cache=MISS | source=dataset | key=catalog:all
catalog request | id=6e0a2ecd-8d95-45eb-a8ce-f479a2a1fc3a | GET /catalog | status=200 | durationMs=1 | cache=MISS | source=dataset | key=catalog:all
catalog request | id=5ae2d7d0-2dab-477e-9b85-5b82979934a7 | GET /catalog | status=200 | durationMs=0 | cache=MISS | source=dataset | key=catalog:all
catalog request | id=d50b2060-f11d-4be2-b862-05131692f2f9 | GET /catalog | status=200 | durationMs=0 | cache=MISS | source=dataset | key=catalog:all
catalog request | id=f162c6c9-3c9b-4069-8dc2-a4c907519b25 | GET /catalog | status=200 | durationMs=0 | cache=MISS | source=dataset | key=catalog:all
catalog request | id=028e1176-6a22-4f0a-8cd0-d675f7741016 | GET /catalog | status=200 | durationMs=0 | cache=MISS | source=dataset | key=catalog:all
catalog request | id=c05cb81f-cf9d-4dce-b5b8-a36dc324126b | GET /catalog | status=200 | durationMs=0 | cache=MISS | source=dataset | key=catalog:all
catalog request | id=a73354c0-51a0-4539-833c-a2b3ea0b3ec6 | GET /catalog | status=200 | durationMs=0 | cache=MISS | source=dataset | key=catalog:all
catalog request | id=fa008a3d-8bb2-4164-a23e-237d1027eb8f | GET /catalog | status=200 | durationMs=0 | cache=MISS | source=dataset | key=catalog:all
catalog request | id=1a5b1f75-7ac2-4116-95ba-91ac1bf4a19f | GET /catalog | status=200 | durationMs=1 | cache=MISS | source=dataset | key=catalog:all
catalog request | id=4e5ec8e6-662b-4d68-885b-4d2d6aaf69de | GET /catalog | status=200 | durationMs=0 | cache=MISS | source=dataset | key=catalog:all
catalog request | id=2fee1839-1188-4fbd-b74f-e5a6d2c9f2b1 | GET /catalog | status=200 | durationMs=1 | cache=MISS | source=dataset | key=catalog:all
catalog request | id=3e2fe4a5-90c5-4ac8-9879-e2f0e5e2a07b | GET /catalog | status=200 | durationMs=0 | cache=MISS | source=dataset | key=catalog:all
catalog request | id=c521e890-8356-400f-83ea-77c85c3c8c62 | GET /catalog | status=200 | durationMs=1 | cache=MISS | source=dataset | key=catalog:all
catalog request | id=46e50019-6a51-4c57-bd29-02c91534382e | GET /catalog | status=200 | durationMs=0 | cache=MISS | source=dataset | key=catalog:all
catalog request | id=0ad34c10-1475-44f7-8efe-957abade674b | GET /catalog | status=200 | durationMs=0 | cache=MISS | source=dataset | key=catalog:all
catalog request | id=2e0134c2-09af-44d0-ac0f-b30b67d9050e | GET /catalog | status=200 | durationMs=0 | cache=MISS | source=dataset | key=catalog:all
catalog request | id=b66e8fa0-df59-4ecf-8987-3b79f8ea7e40 | GET /catalog | status=200 | durationMs=0 | cache=MISS | source=dataset | key=catalog:all
catalog request | id=8c2b6a63-e9bf-4f8d-9597-32f55a1fadc5 | GET /catalog | status=200 | durationMs=0 | cache=MISS | source=dataset | key=catalog:all
catalog request | id=fd02a10a-15fd-4876-b678-4bd393dc0caa | GET /catalog | status=200 | durationMs=0 | cache=MISS | source=dataset | key=catalog:all
catalog request | id=19843be7-1c88-4e57-9e0a-696b3114449b | GET /catalog | status=200 | durationMs=0 | cache=MISS | source=dataset | key=catalog:all
catalog request | id=3d1cf94f-3a97-41ea-83df-c63364ac6368 | GET /catalog | status=200 | durationMs=0 | cache=MISS | source=dataset | key=catalog:all
catalog request | id=f17a56cc-8bd9-4b8c-8c13-41bc384f514d | GET /catalog | status=200 | durationMs=0 | cache=MISS | source=dataset | key=catalog:all
catalog request | id=630b00bf-1087-42c2-9187-f73a30a6022e | GET /catalog | status=200 | durationMs=0 | cache=MISS | source=dataset | key=catalog:all
catalog request | id=383d0ed6-672c-463f-986b-e8be422fa15c | GET /catalog | status=200 | durationMs=1 | cache=MISS | source=dataset | key=catalog:all
catalog request | id=905781aa-f5ff-4b8e-9baa-989411d7ca50 | GET /catalog | status=200 | durationMs=0 | cache=MISS | source=dataset | key=catalog:all
catalog request | id=179bacfb-f9d9-46de-b62a-35a410ef60dd | GET /catalog | status=200 | durationMs=0 | cache=MISS | source=dataset | key=catalog:all
catalog request | id=eecbc1ea-edd5-4c85-ba02-a785e0f5e30c | GET /catalog | status=200 | durationMs=0 | cache=MISS | source=dataset | key=catalog:all
catalog request | id=2251b348-adef-4e56-8382-db256e50e2d3 | GET /catalog | status=200 | durationMs=0 | cache=MISS | source=dataset | key=catalog:all
catalog request | id=83e23de5-41e6-44e7-946a-37a4dc78e57e | GET /catalog | status=200 | durationMs=0 | cache=MISS | source=dataset | key=catalog:all
catalog request | id=062e25ba-456d-4500-ae68-215ad1864b50 | GET /catalog | status=200 | durationMs=0 | cache=MISS | source=dataset | key=catalog:all
catalog request | id=cd22be16-eeda-4638-9853-e3ae9f465d25 | GET /catalog | status=200 | durationMs=0 | cache=MISS | source=dataset | key=catalog:all
catalog request | id=e10e366d-4fa6-4311-8167-899aaafae475 | GET /catalog | status=200 | durationMs=0 | cache=MISS | source=dataset | key=catalog:all
catalog request | id=b8e02ce7-3eca-4740-bf25-0624b56e86c0 | GET /catalog | status=200 | durationMs=0 | cache=MISS | source=dataset | key=catalog:all
catalog request | id=a32c901c-40fe-48d6-a546-e830e2d901ac | GET /catalog | status=200 | durationMs=0 | cache=MISS | source=dataset | key=catalog:all
catalog request | id=5ca6df15-b138-4496-8b5c-26a4792357f1 | GET /catalog | status=200 | durationMs=1 | cache=MISS | source=dataset | key=catalog:all
catalog request | id=46cfcf86-e8a0-4fb8-9746-fa0114fb92f3 | GET /catalog | status=200 | durationMs=0 | cache=MISS | source=dataset | key=catalog:all
catalog request | id=c236b027-eb1e-4d73-b9c6-5e45f36a2261 | GET /catalog | status=200 | durationMs=0 | cache=MISS | source=dataset | key=catalog:all
catalog request | id=55220630-c580-4e7e-bd35-56ae2f5c32ee | GET /catalog | status=200 | durationMs=0 | cache=MISS | source=dataset | key=catalog:all
catalog request | id=157876cb-f9cc-403f-bd9d-5f2361e9efed | GET /catalog | status=200 | durationMs=1 | cache=MISS | source=dataset | key=catalog:all
catalog request | id=aff3cd8d-1d7d-4749-9121-f48e42945a0e | GET /catalog | status=200 | durationMs=0 | cache=MISS | source=dataset | key=catalog:all
catalog request | id=4f430ef3-dffc-4db2-953b-dc9070ccb8f4 | GET /catalog | status=200 | durationMs=0 | cache=MISS | source=dataset | key=catalog:all
catalog request | id=2b778485-8655-4527-b2ce-41fda9a2bfb9 | GET /catalog | status=200 | durationMs=1 | cache=MISS | source=dataset | key=catalog:all
catalog request | id=6bf26a22-4d8c-4c3b-9cca-23608e67c02a | GET /catalog | status=200 | durationMs=0 | cache=MISS | source=dataset | key=catalog:all
catalog request | id=c379e51b-65b6-40ca-a439-330d8fb56511 | GET /catalog | status=200 | durationMs=0 | cache=MISS | source=dataset | key=catalog:all
catalog request | id=ab99ba85-4f15-43c7-a4cb-ce06df9017a5 | GET /catalog | status=200 | durationMs=0 | cache=MISS | source=dataset | key=catalog:all
catalog request | id=04b5d87c-776e-46cb-8333-fab605982da1 | GET /catalog | status=200 | durationMs=1 | cache=MISS | source=dataset | key=catalog:all
catalog request | id=5890979c-d8c2-40dc-b066-72e4726a7418 | GET /catalog | status=200 | durationMs=0 | cache=MISS | source=dataset | key=catalog:all
catalog request | id=1184534a-032b-420b-a960-00e435641e35 | GET /catalog | status=200 | durationMs=0 | cache=MISS | source=dataset | key=catalog:all
catalog request | id=5daa08ea-9982-4f5c-9673-d20450db90c3 | GET /catalog | status=200 | durationMs=0 | cache=MISS | source=dataset | key=catalog:all
catalog request | id=9e3989e1-c90b-4339-8649-c6e167f8790d | GET /catalog | status=200 | durationMs=0 | cache=MISS | source=dataset | key=catalog:all
catalog request | id=fab4aed4-7a74-4534-82a0-7f4e3082d09b | GET /catalog | status=200 | durationMs=0 | cache=MISS | source=dataset | key=catalog:all
catalog request | id=45c2c466-bb64-4718-81d4-149efb87c782 | GET /catalog | status=200 | durationMs=0 | cache=MISS | source=dataset | key=catalog:all
catalog request | id=5c23de15-e3f7-471f-b5e1-99afd26bdf5f | GET /catalog | status=200 | durationMs=0 | cache=MISS | source=dataset | key=catalog:all
catalog request | id=e6e9650c-52a9-4aac-b7f0-2ac91df838f4 | GET /catalog | status=200 | durationMs=0 | cache=MISS | source=dataset | key=catalog:all
catalog request | id=60d96f5d-def9-4719-8e77-67503ba3da9d | GET /catalog | status=200 | durationMs=1 | cache=MISS | source=dataset | key=catalog:all
catalog request | id=721ba0de-6c62-4ed6-9895-0420fb8a1608 | GET /catalog | status=200 | durationMs=0 | cache=MISS | source=dataset | key=catalog:all
catalog request | id=b35c4a9c-87b3-44b9-9bb0-74ab58404456 | GET /catalog | status=200 | durationMs=0 | cache=MISS | source=dataset | key=catalog:all
catalog request | id=0a9b79bc-50af-49bf-b56a-1d3cf0554426 | GET /catalog | status=200 | durationMs=0 | cache=MISS | source=dataset | key=catalog:all
catalog request | id=499491b4-d289-412f-923d-eccc686c2bab | GET /catalog | status=200 | durationMs=0 | cache=MISS | source=dataset | key=catalog:all
catalog request | id=1334976b-77f7-40dd-ac46-5133fad20c1b | GET /catalog | status=200 | durationMs=0 | cache=MISS | source=dataset | key=catalog:all
catalog request | id=2ca5a5df-c468-4869-a9fb-7c8edff9d8d5 | GET /catalog | status=200 | durationMs=0 | cache=MISS | source=dataset | key=catalog:all
catalog request | id=3e12fa2f-5994-45f4-a553-8c61e2ea0a63 | GET /catalog | status=200 | durationMs=0 | cache=MISS | source=dataset | key=catalog:all
catalog request | id=41a71299-6d84-4e7f-b2d9-c01e3a14f9d4 | GET /catalog | status=200 | durationMs=0 | cache=MISS | source=dataset | key=catalog:all
catalog request | id=3dc5be1e-38e2-442f-87b9-6dbc3cdc54de | GET /catalog | status=200 | durationMs=0 | cache=MISS | source=dataset | key=catalog:all
catalog request | id=f467fde6-bdd2-41d0-ada7-e0347796d98f | GET /catalog | status=200 | durationMs=1 | cache=MISS | source=dataset | key=catalog:all
catalog request | id=de443cf5-9ae7-4e5a-a186-77cc4f7490c2 | GET /catalog | status=200 | durationMs=0 | cache=MISS | source=dataset | key=catalog:all
catalog request | id=175c3e3b-787c-4c9a-8cac-150812c4d406 | GET /catalog | status=200 | durationMs=0 | cache=MISS | source=dataset | key=catalog:all
catalog request | id=f0915285-17ef-474d-b622-dee03f558c92 | GET /catalog | status=200 | durationMs=0 | cache=MISS | source=dataset | key=catalog:all
catalog request | id=fb0b6419-e452-44e8-8813-7014d00f9692 | GET /catalog | status=200 | durationMs=0 | cache=MISS | source=dataset | key=catalog:all
catalog request | id=28ee78a2-a23b-45e3-8a29-5efaa98aa1a5 | GET /catalog | status=200 | durationMs=0 | cache=MISS | source=dataset | key=catalog:all
catalog request | id=5c10c4cc-8d38-4bcb-aaf8-d065ae85f527 | GET /catalog | status=200 | durationMs=0 | cache=MISS | source=dataset | key=catalog:all
catalog request | id=cf93ac89-e04e-452d-822c-bafaadc2368d | GET /catalog | status=200 | durationMs=0 | cache=MISS | source=dataset | key=catalog:all
catalog request | id=2996dabf-1514-46ea-b93d-8002df7a22a6 | GET /catalog | status=200 | durationMs=0 | cache=MISS | source=dataset | key=catalog:all
catalog request | id=2e9b5d4d-36f2-4d00-9025-5256e3b00527 | GET /catalog | status=200 | durationMs=0 | cache=MISS | source=dataset | key=catalog:all
catalog request | id=4b66576c-c2ac-4795-941f-a4d8a4b5c8b1 | GET /catalog | status=200 | durationMs=0 | cache=MISS | source=dataset | key=catalog:all
catalog request | id=26e23578-23cb-4fe2-987e-991a33196c4f | GET /catalog | status=200 | durationMs=0 | cache=MISS | source=dataset | key=catalog:all
catalog request | id=04a3e7c2-fe79-4e8f-a5cf-adbb5aa890e9 | GET /catalog | status=200 | durationMs=0 | cache=MISS | source=dataset | key=catalog:all
catalog request | id=d5785786-aeba-4ee5-a635-6a68dc15d404 | GET /catalog | status=200 | durationMs=0 | cache=MISS | source=dataset | key=catalog:all
catalog request | id=5ff925a4-8e9a-4614-8384-bf1ff6c5ae0b | GET /catalog | status=200 | durationMs=0 | cache=MISS | source=dataset | key=catalog:all
catalog request | id=253439a9-c060-4792-abe7-fbd546c9264d | GET /catalog | status=200 | durationMs=0 | cache=MISS | source=dataset | key=catalog:all
catalog request | id=6676683b-7ec0-45df-8078-a83c04230d67 | GET /catalog | status=200 | durationMs=0 | cache=MISS | source=dataset | key=catalog:all
catalog request | id=e59da473-951b-4e57-b213-a3611d6ab533 | GET /catalog | status=200 | durationMs=0 | cache=MISS | source=dataset | key=catalog:all
catalog request | id=00fddaab-fc1a-48ba-8298-ff3cf11d9e4c | GET /catalog | status=200 | durationMs=0 | cache=MISS | source=dataset | key=catalog:all
catalog request | id=6e0c40ce-5478-4fbc-966a-da62d2be2c94 | GET /catalog | status=200 | durationMs=0 | cache=MISS | source=dataset | key=catalog:all
catalog request | id=39f4fd56-3b11-4e93-82f6-5959875e54b6 | GET /catalog | status=200 | durationMs=1 | cache=MISS | source=dataset | key=catalog:all
catalog request | id=88a8d43b-a511-4083-aa08-0474df254546 | GET /catalog | status=200 | durationMs=1 | cache=MISS | source=dataset | key=catalog:all
catalog request | id=f1391c8b-93d3-4cdb-9631-615334169b0e | GET /catalog | status=200 | durationMs=0 | cache=MISS | source=dataset | key=catalog:all
catalog request | id=b131373c-7998-43ee-8123-e39e9d04d240 | GET /catalog | status=200 | durationMs=0 | cache=MISS | source=dataset | key=catalog:all
catalog request | id=a434e747-26a4-4c09-b725-4db015171c02 | GET /catalog | status=200 | durationMs=1 | cache=MISS | source=dataset | key=catalog:all
catalog request | id=cd840f0c-f156-4530-b71c-96939deea110 | GET /catalog | status=200 | durationMs=0 | cache=MISS | source=dataset | key=catalog:all
catalog request | id=bf42904e-90af-4151-b279-54d39964dc31 | GET /catalog | status=200 | durationMs=1 | cache=MISS | source=dataset | key=catalog:all
catalog request | id=0a9db827-7f9d-4ba1-a40e-541a8394f26e | GET /catalog | status=200 | durationMs=0 | cache=MISS | source=dataset | key=catalog:all
catalog request | id=a0532657-b534-4187-a9fd-8fdca4d52090 | GET /catalog | status=200 | durationMs=0 | cache=MISS | source=dataset | key=catalog:all
catalog request | id=71a57522-6d1d-4978-89b8-ad469284cb8d | GET /catalog | status=200 | durationMs=0 | cache=MISS | source=dataset | key=catalog:all
catalog request | id=899920ca-35c6-4673-bc75-657f20bc436b | GET /catalog | status=200 | durationMs=1 | cache=MISS | source=dataset | key=catalog:all
catalog request | id=390f3935-8cd5-406d-942e-729c678a37c9 | GET /catalog | status=200 | durationMs=1 | cache=MISS | source=dataset | key=catalog:all
catalog request | id=2a137c14-f0d5-4ac5-ae42-b4f883c43914 | GET /catalog | status=200 | durationMs=0 | cache=MISS | source=dataset | key=catalog:all
catalog request | id=447ad2b1-3842-4b3a-8d9e-ad6a573003b5 | GET /catalog | status=200 | durationMs=1 | cache=MISS | source=dataset | key=catalog:all
catalog request | id=2b333dc0-52cd-4114-93dc-0905f7cb7541 | GET /catalog | status=200 | durationMs=0 | cache=MISS | source=dataset | key=catalog:all
catalog request | id=e9d81b99-30ed-4a3b-a12d-89841276b9d1 | GET /catalog | status=200 | durationMs=0 | cache=MISS | source=dataset | key=catalog:all
catalog request | id=ad9b0cc9-0822-47ad-a899-84029597fd21 | GET /catalog | status=200 | durationMs=0 | cache=MISS | source=dataset | key=catalog:all
catalog request | id=8670dcac-3874-4038-8f03-52e633c55c6f | GET /catalog | status=200 | durationMs=0 | cache=MISS | source=dataset | key=catalog:all
catalog request | id=8889a79b-0c57-49e0-a81f-68a50c777506 | GET /catalog | status=200 | durationMs=0 | cache=MISS | source=dataset | key=catalog:all
catalog request | id=f0719532-1be9-4388-b58b-32a4aa750f67 | GET /catalog | status=200 | durationMs=1 | cache=MISS | source=dataset | key=catalog:all
catalog request | id=cc3fa262-e0ea-4077-bf84-09aab2307e70 | GET /catalog | status=200 | durationMs=1 | cache=MISS | source=dataset | key=catalog:all
catalog request | id=5e88865a-f357-45f4-b5e5-a85bd3e7ae0f | GET /catalog | status=200 | durationMs=0 | cache=MISS | source=dataset | key=catalog:all
catalog request | id=820b9755-f3fe-4e1f-aacb-2d1c9c5f473b | GET /catalog | status=200 | durationMs=0 | cache=MISS | source=dataset | key=catalog:all
catalog request | id=51a1e0eb-f762-4303-b722-d13ba9806d33 | GET /catalog | status=200 | durationMs=0 | cache=MISS | source=dataset | key=catalog:all
catalog request | id=1571bb07-e24a-4120-91bd-94cd2d63b490 | GET /catalog | status=200 | durationMs=0 | cache=MISS | source=dataset | key=catalog:all
catalog request | id=225d02b8-246b-49aa-a6bb-a79d6a66f970 | GET /catalog | status=200 | durationMs=0 | cache=MISS | source=dataset | key=catalog:all
catalog request | id=85558cea-8bff-494d-aa24-a99a501e303e | GET /catalog | status=200 | durationMs=0 | cache=MISS | source=dataset | key=catalog:all
catalog request | id=8dab8a7d-7163-4d55-be27-6d3ce3bab409 | GET /catalog | status=200 | durationMs=0 | cache=MISS | source=dataset | key=catalog:all
catalog request | id=864e32c4-86ca-4d2a-9d54-d609efa248b8 | GET /catalog | status=200 | durationMs=0 | cache=MISS | source=dataset | key=catalog:all
catalog request | id=f627a735-e73a-4edc-8db3-64f4e51c0cf7 | GET /catalog | status=200 | durationMs=0 | cache=MISS | source=dataset | key=catalog:all
catalog request | id=41866e96-d4c1-4cf2-8317-31d8b4c5bbc8 | GET /catalog | status=200 | durationMs=0 | cache=MISS | source=dataset | key=catalog:all
catalog request | id=40718572-5a7d-4963-b449-55403714e871 | GET /catalog | status=200 | durationMs=0 | cache=MISS | source=dataset | key=catalog:all
catalog request | id=897bb2ce-4bda-460c-8eb2-adf9fed26bf9 | GET /catalog | status=200 | durationMs=0 | cache=MISS | source=dataset | key=catalog:all
catalog request | id=adc77fae-a802-43ce-bb44-bf4dd247816c | GET /catalog | status=200 | durationMs=0 | cache=MISS | source=dataset | key=catalog:all
catalog request | id=90a874c4-99bf-4f3c-8696-cc3e05544c9b | GET /catalog | status=200 | durationMs=0 | cache=MISS | source=dataset | key=catalog:all
catalog request | id=4b79ead1-8236-446f-924f-f88ac89af711 | GET /catalog | status=200 | durationMs=0 | cache=MISS | source=dataset | key=catalog:all
catalog request | id=c711fffe-c5d2-42d2-84f3-eba92c4db692 | GET /catalog | status=200 | durationMs=0 | cache=MISS | source=dataset | key=catalog:all
catalog request | id=db630706-9ecd-43e4-bcce-7d0f2cca1ae2 | GET /catalog | status=200 | durationMs=1 | cache=MISS | source=dataset | key=catalog:all
catalog request | id=913e1a09-cdb9-47c4-a9a2-ba723486602f | GET /catalog | status=200 | durationMs=0 | cache=MISS | source=dataset | key=catalog:all
catalog request | id=d0ed78e3-5a77-4d2e-b8c0-cf510c071cb4 | GET /catalog | status=200 | durationMs=1 | cache=MISS | source=dataset | key=catalog:all
catalog request | id=763cf9e6-f52d-45c4-829f-ab2e1cfbe177 | GET /catalog | status=200 | durationMs=0 | cache=MISS | source=dataset | key=catalog:all
catalog request | id=5463e03c-a010-4482-88ba-c822db057a75 | GET /catalog | status=200 | durationMs=1 | cache=MISS | source=dataset | key=catalog:all
catalog request | id=829b44b6-7c2c-4c0b-8f05-7f3e43870d86 | GET /catalog | status=200 | durationMs=0 | cache=MISS | source=dataset | key=catalog:all
catalog request | id=1719543b-e55a-47b5-8c7c-1061d4684cfb | GET /catalog | status=200 | durationMs=0 | cache=MISS | source=dataset | key=catalog:all
catalog request | id=6f9f71f0-efd4-4b3f-92bf-718cdd2c4511 | GET /catalog | status=200 | durationMs=0 | cache=MISS | source=dataset | key=catalog:all
catalog request | id=69328358-bbcc-4552-b277-19fc7c9355c4 | GET /catalog | status=200 | durationMs=0 | cache=MISS | source=dataset | key=catalog:all
catalog request | id=06471eb0-4acf-4584-8bc7-f7658d9a0484 | GET /catalog | status=200 | durationMs=0 | cache=MISS | source=dataset | key=catalog:all
catalog request | id=d252982c-9975-4647-9e27-65b711a51332 | GET /catalog | status=200 | durationMs=0 | cache=MISS | source=dataset | key=catalog:all
catalog request | id=475a36bf-aec9-4d2b-bc10-fa5fe0e4d113 | GET /catalog | status=200 | durationMs=0 | cache=MISS | source=dataset | key=catalog:all
catalog request | id=4657e64c-f882-4272-a845-45e961e68d22 | GET /catalog | status=200 | durationMs=0 | cache=MISS | source=dataset | key=catalog:all
catalog request | id=32a0357d-bc98-43a1-8446-20339afb5587 | GET /catalog | status=200 | durationMs=0 | cache=MISS | source=dataset | key=catalog:all
catalog request | id=4167c01e-edbd-4533-b427-b73766d453fc | GET /catalog | status=200 | durationMs=1 | cache=MISS | source=dataset | key=catalog:all
catalog request | id=5cdef196-66de-4d8d-94ad-cda8a89c7bd4 | GET /catalog | status=200 | durationMs=0 | cache=MISS | source=dataset | key=catalog:all
catalog request | id=41c538f0-d26c-4a93-866e-4c533406549a | GET /catalog | status=200 | durationMs=1 | cache=MISS | source=dataset | key=catalog:all
catalog request | id=2a17b19e-2ed9-4fa3-926a-10d1a42d85db | GET /catalog | status=200 | durationMs=0 | cache=MISS | source=dataset | key=catalog:all
catalog request | id=0a480758-211b-4e02-8aec-70272d582981 | GET /catalog | status=200 | durationMs=0 | cache=MISS | source=dataset | key=catalog:all
catalog request | id=58f9cd74-7a4a-4903-984b-6cd7ec6d8c42 | GET /catalog | status=200 | durationMs=0 | cache=MISS | source=dataset | key=catalog:all
catalog request | id=85d0edf4-4300-4411-ba58-fce3b400a7aa | GET /catalog | status=200 | durationMs=1 | cache=MISS | source=dataset | key=catalog:all
catalog request | id=f10bba47-0814-4f07-907b-a6fb3160516e | GET /catalog | status=200 | durationMs=1 | cache=MISS | source=dataset | key=catalog:all
catalog request | id=8e959e58-aa03-4152-8e98-2e3db1b18310 | GET /catalog | status=200 | durationMs=0 | cache=MISS | source=dataset | key=catalog:all
catalog request | id=5862b725-bacd-46b2-b5bb-0a319f7721ae | GET /catalog | status=200 | durationMs=1 | cache=MISS | source=dataset | key=catalog:all
catalog request | id=bfaa8d28-fd76-4c9f-b7ce-a3e5cb147c4f | GET /catalog | status=200 | durationMs=0 | cache=MISS | source=dataset | key=catalog:all
catalog request | id=f0221d1b-3d97-4ce5-bdfc-a23f881a8b94 | GET /catalog | status=200 | durationMs=0 | cache=MISS | source=dataset | key=catalog:all
catalog request | id=a7ed5d18-93ce-478b-82b2-4e507ab29cfa | GET /catalog | status=200 | durationMs=0 | cache=MISS | source=dataset | key=catalog:all
catalog request | id=93e92fea-f9be-4927-9f44-aeace253a793 | GET /catalog | status=200 | durationMs=1 | cache=MISS | source=dataset | key=catalog:all
catalog request | id=94815ea2-f4c4-47d2-b047-7b938d755ab5 | GET /catalog | status=200 | durationMs=0 | cache=MISS | source=dataset | key=catalog:all
catalog request | id=63f9740d-558e-45be-9ed9-8c1211309e53 | GET /catalog | status=200 | durationMs=0 | cache=MISS | source=dataset | key=catalog:all
catalog request | id=051fe2fe-5c48-4c0d-ac5e-bd02b830320d | GET /catalog | status=200 | durationMs=1 | cache=MISS | source=dataset | key=catalog:all
catalog request | id=5cb66950-765c-400b-b382-7b547788a9d4 | GET /catalog | status=200 | durationMs=0 | cache=MISS | source=dataset | key=catalog:all
catalog request | id=65ea5d1a-b5d5-4ffc-8cd8-584b6003c000 | GET /catalog | status=200 | durationMs=0 | cache=MISS | source=dataset | key=catalog:all
catalog request | id=5a4f2b50-1607-4308-8f03-9d1397f38b36 | GET /catalog | status=200 | durationMs=0 | cache=MISS | source=dataset | key=catalog:all
catalog request | id=c7932077-8247-4bed-a0f8-6cc37fea8cd5 | GET /catalog | status=200 | durationMs=0 | cache=MISS | source=dataset | key=catalog:all
catalog request | id=deb77ee0-9002-40d2-beb0-fff65bfa556a | GET /catalog | status=200 | durationMs=0 | cache=MISS | source=dataset | key=catalog:all
catalog request | id=a364c0f2-2baf-4b84-ab8f-9566da8abd2c | GET /catalog | status=200 | durationMs=0 | cache=MISS | source=dataset | key=catalog:all
catalog request | id=d16baf51-7909-4467-8645-04e46a06f868 | GET /catalog | status=200 | durationMs=0 | cache=MISS | source=dataset | key=catalog:all
catalog request | id=7c13d455-7a46-4ec4-aba5-3bb230c0b76e | GET /catalog | status=200 | durationMs=0 | cache=MISS | source=dataset | key=catalog:all
catalog request | id=25e6a3c2-299f-4668-8d6f-d19d45711003 | GET /catalog | status=200 | durationMs=0 | cache=MISS | source=dataset | key=catalog:all
catalog request | id=ae0cc9a3-fb8b-4473-b1db-f8b6a3256bb6 | GET /catalog | status=200 | durationMs=1 | cache=MISS | source=dataset | key=catalog:all
catalog request | id=4be77297-1022-4c16-ab7e-657f69cd6065 | GET /catalog | status=200 | durationMs=0 | cache=MISS | source=dataset | key=catalog:all
catalog request | id=08840307-1e01-4299-9757-2d27b63a45b7 | GET /catalog | status=200 | durationMs=1 | cache=MISS | source=dataset | key=catalog:all
catalog request | id=53819287-df9b-4be4-a41b-e2400a903145 | GET /catalog | status=200 | durationMs=0 | cache=MISS | source=dataset | key=catalog:all
catalog request | id=0eee6b90-6a19-4c9c-8e33-02f3266ab8ab | GET /catalog | status=200 | durationMs=0 | cache=MISS | source=dataset | key=catalog:all
catalog request | id=bee8b7fb-35ce-45c9-81c2-3b65683f4c6e | GET /catalog | status=200 | durationMs=1 | cache=MISS | source=dataset | key=catalog:all
catalog request | id=db4c4b2c-f4e3-46c6-8bc3-f3f00181c81b | GET /catalog | status=200 | durationMs=1 | cache=MISS | source=dataset | key=catalog:all
catalog request | id=a8479089-baed-4958-acf4-f8cc221b0712 | GET /catalog | status=200 | durationMs=0 | cache=MISS | source=dataset | key=catalog:all
catalog request | id=4dfefee7-bbb0-41b0-bcb3-fda132f25bf9 | GET /catalog | status=200 | durationMs=0 | cache=MISS | source=dataset | key=catalog:all
catalog request | id=c9ac6357-ccd8-4dd7-901e-6ac2c98268ca | GET /catalog | status=200 | durationMs=0 | cache=MISS | source=dataset | key=catalog:all
catalog request | id=531bcfd4-7ec0-44e2-851b-7213a73b8f9e | GET /catalog | status=200 | durationMs=0 | cache=MISS | source=dataset | key=catalog:all
catalog request | id=30a53f11-599e-4b8d-80ce-43e339d31eac | GET /catalog | status=200 | durationMs=0 | cache=MISS | source=dataset | key=catalog:all
catalog request | id=47b3b41c-3f48-4a9e-8c3e-67f5a988ae29 | GET /catalog | status=200 | durationMs=0 | cache=MISS | source=dataset | key=catalog:all
catalog request | id=31b03764-eaaf-45d1-94f5-55bd15e2d79b | GET /catalog | status=200 | durationMs=0 | cache=MISS | source=dataset | key=catalog:all
catalog request | id=26c16983-0ae8-428e-8130-985f68aa1bf0 | GET /catalog | status=200 | durationMs=0 | cache=MISS | source=dataset | key=catalog:all
catalog request | id=5ad849cb-079b-42a7-848a-b35cd1197fba | GET /catalog | status=200 | durationMs=0 | cache=MISS | source=dataset | key=catalog:all
catalog request | id=3f490bad-faef-462c-932c-ae2e8f31d1d5 | GET /catalog | status=200 | durationMs=1 | cache=MISS | source=dataset | key=catalog:all
catalog request | id=73689ee8-6d3e-44e0-a86b-db173d752c2c | GET /catalog | status=200 | durationMs=0 | cache=MISS | source=dataset | key=catalog:all
catalog request | id=277c8a2a-29a3-4752-9f3f-a9ef22e8162e | GET /catalog | status=200 | durationMs=1 | cache=MISS | source=dataset | key=catalog:all
catalog request | id=bb6cc00b-3ac5-4c47-85d0-c758f18bb7fb | GET /catalog | status=200 | durationMs=0 | cache=MISS | source=dataset | key=catalog:all
catalog request | id=3e5af0e3-2286-4b9b-b982-74ae3ff35869 | GET /catalog | status=200 | durationMs=0 | cache=MISS | source=dataset | key=catalog:all
catalog request | id=3fb651ab-4866-4af6-b091-4d499695c667 | GET /catalog | status=200 | durationMs=0 | cache=MISS | source=dataset | key=catalog:all
catalog request | id=b335bc32-3271-4651-8cd9-eb059487bb09 | GET /catalog | status=200 | durationMs=0 | cache=MISS | source=dataset | key=catalog:all
catalog request | id=a0959212-4810-4bfc-b6c1-54ad40248f38 | GET /catalog | status=200 | durationMs=0 | cache=MISS | source=dataset | key=catalog:all
catalog request | id=73ebf620-36d8-4607-9d4d-b47b08cf23a0 | GET /catalog | status=200 | durationMs=1 | cache=MISS | source=dataset | key=catalog:all
catalog request | id=3925b083-4b70-4f42-818b-1c9d6034ae10 | GET /catalog | status=200 | durationMs=0 | cache=MISS | source=dataset | key=catalog:all
catalog request | id=fa703dc6-306f-405b-9e3e-01983134de6e | GET /catalog | status=200 | durationMs=0 | cache=MISS | source=dataset | key=catalog:all
catalog request | id=1ac871a3-3a0d-4e26-9828-374f39911e32 | GET /catalog | status=200 | durationMs=1 | cache=MISS | source=dataset | key=catalog:all
catalog request | id=d0262c6f-a71d-4194-b9c7-bb3331ecbbc7 | GET /catalog | status=200 | durationMs=0 | cache=MISS | source=dataset | key=catalog:all
catalog request | id=50ff7cdc-4bca-49ae-915b-c45295662200 | GET /catalog | status=200 | durationMs=0 | cache=MISS | source=dataset | key=catalog:all
catalog request | id=4e663829-9507-41d2-b22e-7ecbfa0d3f0f | GET /catalog | status=200 | durationMs=0 | cache=MISS | source=dataset | key=catalog:all
catalog request | id=08add71b-f20c-4852-a1fa-16e892c76388 | GET /catalog | status=200 | durationMs=0 | cache=MISS | source=dataset | key=catalog:all
catalog request | id=56b158b9-2c9e-4d10-b279-37973a056212 | GET /catalog | status=200 | durationMs=0 | cache=MISS | source=dataset | key=catalog:all
catalog request | id=4caa123d-d51b-41d4-9d76-1662696f5ab3 | GET /catalog | status=200 | durationMs=0 | cache=MISS | source=dataset | key=catalog:all
catalog request | id=48dc3ed5-cbb2-46fa-b9f9-06ab4988c961 | GET /catalog | status=200 | durationMs=0 | cache=MISS | source=dataset | key=catalog:all
catalog request | id=22552754-4792-4eb4-86cb-c48b0816633e | GET /catalog | status=200 | durationMs=1 | cache=MISS | source=dataset | key=catalog:all
catalog request | id=dcfb5efb-616c-4368-8aa3-825fbf5a58d7 | GET /catalog | status=200 | durationMs=0 | cache=MISS | source=dataset | key=catalog:all
catalog request | id=e979cf8a-e132-4460-93cd-8113144d7604 | GET /catalog | status=200 | durationMs=0 | cache=MISS | source=dataset | key=catalog:all
catalog request | id=9bf7c0a4-2bac-4cbe-94ca-7ce56461f0e6 | GET /catalog | status=200 | durationMs=0 | cache=MISS | source=dataset | key=catalog:all
catalog request | id=4eb185cb-08f4-4088-af28-3be8a1452aa1 | GET /catalog | status=200 | durationMs=0 | cache=MISS | source=dataset | key=catalog:all
catalog request | id=52389d14-d02d-40c3-b77f-a36e2e3696a5 | GET /catalog | status=200 | durationMs=0 | cache=MISS | source=dataset | key=catalog:all
