recommendations listening on port 3003
recommendations request | id=d96d94d2-6403-451c-b542-85cd616d5a52 | GET /recommendations/1 | status=200 | durationMs=28 | usersMs=24 | catalogMs=10
recommendations request | id=66a85b22-5bf0-4435-a3cc-52a725ec84ba | GET /recommendations/1 | status=200 | durationMs=6 | usersMs=4 | catalogMs=3
recommendations request | id=12e92aad-184f-49b4-a9c2-440bc2f65592 | GET /recommendations/1 | status=200 | durationMs=3 | usersMs=2 | catalogMs=1
recommendations request | id=e7542f1a-7c59-4619-a212-9d34ae71a51b | GET /recommendations/1 | status=200 | durationMs=2 | usersMs=1 | catalogMs=1
recommendations request | id=a4f83b53-31c0-46cd-b5d1-dd18127dd759 | GET /recommendations/1 | status=200 | durationMs=4 | usersMs=2 | catalogMs=2
recommendations request | id=a8cc14fe-4d7f-49a0-8c60-692884e7faa9 | GET /recommendations/1 | status=200 | durationMs=3 | usersMs=2 | catalogMs=1
recommendations request | id=50b55cf0-7f10-45ca-9b39-e7fe8fa248bd | GET /recommendations/1 | status=200 | durationMs=3 | usersMs=2 | catalogMs=2
recommendations request | id=1963b131-daa2-4636-b826-d1a946612c88 | GET /recommendations/1 | status=200 | durationMs=5 | usersMs=4 | catalogMs=4
recommendations request | id=b26eea33-26f7-48e9-b712-6461858e235b | GET /recommendations/1 | status=200 | durationMs=5 | usersMs=4 | catalogMs=4
recommendations request | id=a23b78e5-07a3-4a13-9233-7ec595eb70ec | GET /recommendations/1 | status=200 | durationMs=2 | usersMs=1 | catalogMs=1
recommendations request | id=c5405587-f4f6-4498-b627-f142d95e20b9 | GET /recommendations/1 | status=200 | durationMs=3 | usersMs=2 | catalogMs=2
recommendations request | id=a6df89e9-36d7-465a-8811-7a254ecd5f94 | GET /recommendations/1 | status=200 | durationMs=2 | usersMs=1 | catalogMs=1
recommendations request | id=b8f1a206-68fe-441f-9150-419e3b557015 | GET /recommendations/1 | status=200 | durationMs=2 | usersMs=1 | catalogMs=1
recommendations request | id=4e5a2af1-7b52-45a1-ac0c-1dbca009c480 | GET /recommendations/1 | status=200 | durationMs=2 | usersMs=2 | catalogMs=2
recommendations request | id=0bb93329-c5b5-46f3-9acb-59b5d34a42ce | GET /recommendations/1 | status=200 | durationMs=2 | usersMs=1 | catalogMs=1
recommendations request | id=ecd22e42-a85e-4f23-9825-349b09e605f3 | GET /recommendations/1 | status=200 | durationMs=2 | usersMs=1 | catalogMs=1
recommendations request | id=c2642142-729c-4296-8cf6-d88a61410f48 | GET /recommendations/1 | status=200 | durationMs=3 | usersMs=2 | catalogMs=1
recommendations request | id=f70e7af0-f658-4c4b-9ce9-812db50d1ec3 | GET /recommendations/1 | status=200 | durationMs=3 | usersMs=2 | catalogMs=3
recommendations request | id=e0c733b4-b003-4a0d-9b69-517085918d9d | GET /recommendations/1 | status=200 | durationMs=4 | usersMs=2 | catalogMs=1
recommendations request | id=f9a6d5e3-20e9-4552-a9b7-6e29ea512003 | GET /recommendations/1 | status=200 | durationMs=2 | usersMs=1 | catalogMs=1
recommendations request | id=c6b82c31-ddf6-484b-a2cd-52093716ddb5 | GET /recommendations/1 | status=200 | durationMs=2 | usersMs=1 | catalogMs=2
recommendations request | id=41e0faa8-732f-49d3-82d6-b52bcc46d962 | GET /recommendations/1 | status=200 | durationMs=2 | usersMs=2 | catalogMs=2
recommendations request | id=3524d502-5c9a-433e-be6e-bc2ef99de87c | GET /recommendations/1 | status=200 | durationMs=3 | usersMs=2 | catalogMs=1
recommendations request | id=25398ac6-4dbf-4965-8363-67a727d47146 | GET /recommendations/1 | status=200 | durationMs=3 | usersMs=1 | catalogMs=2
recommendations request | id=e9322f3e-3fc7-4787-bcdb-1e33cdfd8251 | GET /recommendations/1 | status=200 | durationMs=1 | usersMs=1 | catalogMs=1
recommendations request | id=1911b381-ad35-494f-ab27-3cfcf7fa5bcd | GET /recommendations/1 | status=200 | durationMs=3 | usersMs=2 | catalogMs=1
recommendations request | id=8fa4180f-8e8a-40e6-a997-1fe32220a0ea | GET /recommendations/1 | status=200 | durationMs=3 | usersMs=2 | catalogMs=2
recommendations request | id=fb0285e8-8256-42b5-91cb-e43700e947a2 | GET /recommendations/1 | status=200 | durationMs=2 | usersMs=1 | catalogMs=1
recommendations request | id=a8ec2dd7-e25e-4e50-b636-deaef56c1a49 | GET /recommendations/1 | status=200 | durationMs=2 | usersMs=1 | catalogMs=1
recommendations request | id=50200973-728d-4a8d-8079-dbe0f6f0f550 | GET /recommendations/1 | status=200 | durationMs=1 | usersMs=1 | catalogMs=1
recommendations request | id=e4a9ab42-a5ad-48a5-a0d3-70c07029bd54 | GET /recommendations/1 | status=200 | durationMs=1 | usersMs=1 | catalogMs=1
recommendations request | id=1c2980ac-3f3a-4223-b0ee-ecb2042b7114 | GET /recommendations/1 | status=200 | durationMs=2 | usersMs=1 | catalogMs=2
recommendations request | id=9f445b9d-6e4c-4103-8f87-0a8a28ba174d | GET /recommendations/1 | status=200 | durationMs=2 | usersMs=1 | catalogMs=1
recommendations request | id=1ef7d4a6-4823-466e-9eb2-fbbbd0d2e8b6 | GET /recommendations/1 | status=200 | durationMs=2 | usersMs=1 | catalogMs=1
recommendations request | id=3b12b985-dbce-4e16-a715-552a7b71dc61 | GET /recommendations/1 | status=200 | durationMs=2 | usersMs=1 | catalogMs=1
recommendations request | id=f3dc88f5-2e95-41bb-a4ed-1423f76e59e5 | GET /recommendations/1 | status=200 | durationMs=2 | usersMs=1 | catalogMs=1
recommendations request | id=f87eb31e-7d67-4156-8ef0-cb18e2a04aec | GET /recommendations/1 | status=200 | durationMs=2 | usersMs=1 | catalogMs=1
recommendations request | id=34407dca-5710-4021-a629-630262875cc9 | GET /recommendations/1 | status=200 | durationMs=2 | usersMs=1 | catalogMs=1
recommendations request | id=7036996e-90bd-48aa-9880-3e32cd1a27da | GET /recommendations/1 | status=200 | durationMs=2 | usersMs=1 | catalogMs=1
recommendations request | id=89c0d504-33a1-45c0-8766-f843521431b2 | GET /recommendations/1 | status=200 | durationMs=2 | usersMs=1 | catalogMs=1
recommendations request | id=cfe26ea7-1dee-4f94-996f-9674a0643d81 | GET /recommendations/1 | status=200 | durationMs=3 | usersMs=2 | catalogMs=1
recommendations request | id=06e5015b-0005-4d07-a284-4551709cf576 | GET /recommendations/1 | status=200 | durationMs=2 | usersMs=1 | catalogMs=2
recommendations request | id=863bd60a-5f43-44e8-a8a7-2da57b63c74b | GET /recommendations/1 | status=200 | durationMs=2 | usersMs=1 | catalogMs=2
recommendations request | id=8db0a614-6c12-4d9f-aa02-e96629cc7a9c | GET /recommendations/1 | status=200 | durationMs=2 | usersMs=2 | catalogMs=2
recommendations request | id=37322914-5329-4e41-8296-468afff0aac7 | GET /recommendations/1 | status=200 | durationMs=2 | usersMs=1 | catalogMs=2
recommendations request | id=236ddb70-8a5b-4840-a3a3-de673844d8b0 | GET /recommendations/1 | status=200 | durationMs=2 | usersMs=1 | catalogMs=1
recommendations request | id=dc821e1d-0be4-47ae-898c-39e861b4c126 | GET /recommendations/1 | status=200 | durationMs=3 | usersMs=1 | catalogMs=2
recommendations request | id=96d85a5e-b36f-4c9a-9339-71c880dae1df | GET /recommendations/1 | status=200 | durationMs=2 | usersMs=1 | catalogMs=1
recommendations request | id=9bcc26de-d461-4102-97ac-9dd2e69a5b8b | GET /recommendations/1 | status=200 | durationMs=2 | usersMs=1 | catalogMs=1
recommendations request | id=2dc34843-7824-4336-84cb-53db155e8a7d | GET /recommendations/1 | status=200 | durationMs=3 | usersMs=2 | catalogMs=1
recommendations request | id=6e60b9a1-ea0a-4328-8e52-7fdf01c4a42d | GET /recommendations/1 | status=200 | durationMs=3 | usersMs=2 | catalogMs=2
recommendations request | id=468bc757-8910-492a-b6f9-e49b313c41b9 | GET /recommendations/1 | status=200 | durationMs=4 | usersMs=3 | catalogMs=3
recommendations request | id=91bc3438-3e81-4d38-a68f-42e4993a4df4 | GET /recommendations/1 | status=200 | durationMs=2 | usersMs=1 | catalogMs=1
recommendations request | id=5cc0ad92-5642-46f0-a4c5-c2d1ee0a7cc7 | GET /recommendations/1 | status=200 | durationMs=3 | usersMs=2 | catalogMs=2
recommendations request | id=46c637c5-1be1-4224-aa55-9533da72ca91 | GET /recommendations/1 | status=200 | durationMs=2 | usersMs=1 | catalogMs=1
recommendations request | id=3b83a7d4-25d0-4dbc-9833-70f4af4c973e | GET /recommendations/1 | status=200 | durationMs=2 | usersMs=1 | catalogMs=2
recommendations request | id=1aaf6433-810e-481d-9a74-7a02ca773817 | GET /recommendations/1 | status=200 | durationMs=1 | usersMs=1 | catalogMs=1
recommendations request | id=05c5d5e6-127f-426f-9be9-bc7c86ac364a | GET /recommendations/1 | status=200 | durationMs=1 | usersMs=0 | catalogMs=1
recommendations request | id=e7528ee8-e72e-45f6-a625-84d29ca49f74 | GET /recommendations/1 | status=200 | durationMs=1 | usersMs=1 | catalogMs=1
recommendations request | id=c79da692-f787-49a2-943c-e5fa19dc424e | GET /recommendations/1 | status=200 | durationMs=1 | usersMs=1 | catalogMs=1
recommendations request | id=03af4931-1c21-4f65-85f3-86b69ccde856 | GET /recommendations/1 | status=200 | durationMs=1 | usersMs=1 | catalogMs=1
recommendations request | id=589ef7a3-a7e3-4fea-b95d-55ab4a0e13dd | GET /recommendations/1 | status=200 | durationMs=2 | usersMs=1 | catalogMs=0
recommendations request | id=d87270a4-32f4-4ea3-bd0e-d5bdb704442f | GET /recommendations/1 | status=200 | durationMs=2 | usersMs=1 | catalogMs=1
recommendations request | id=a50f361f-f3ab-4024-8906-65125a407fec | GET /recommendations/1 | status=200 | durationMs=2 | usersMs=1 | catalogMs=1
recommendations request | id=d1e48704-9674-4167-8042-1f4aa43b0311 | GET /recommendations/1 | status=200 | durationMs=2 | usersMs=1 | catalogMs=2
recommendations request | id=1a15429a-cabf-45ec-9010-a21029e3129f | GET /recommendations/1 | status=200 | durationMs=2 | usersMs=2 | catalogMs=2
recommendations request | id=9683538a-1add-48ba-9e3d-95f5621cb395 | GET /recommendations/1 | status=200 | durationMs=2 | usersMs=1 | catalogMs=1
recommendations request | id=5402defe-3f25-4f78-afaa-8d9d76f6a9b5 | GET /recommendations/1 | status=200 | durationMs=2 | usersMs=1 | catalogMs=2
recommendations request | id=c568ee9e-fa0a-49fa-990d-d8ce3ea777c8 | GET /recommendations/1 | status=200 | durationMs=2 | usersMs=1 | catalogMs=1
recommendations request | id=213eb40b-f799-4ea8-9078-d1eec7391a49 | GET /recommendations/1 | status=200 | durationMs=2 | usersMs=1 | catalogMs=1
recommendations request | id=2dc3bcc7-7f4f-4dd1-8963-636e78ea64b7 | GET /recommendations/1 | status=200 | durationMs=2 | usersMs=1 | catalogMs=1
recommendations request | id=3a363d59-9d73-4ffc-a140-9fec36c7fca4 | GET /recommendations/1 | status=200 | durationMs=2 | usersMs=1 | catalogMs=1
recommendations request | id=c16bf1c9-cf81-491c-8f9c-f7e5b49168cb | GET /recommendations/1 | status=200 | durationMs=2 | usersMs=1 | catalogMs=1
recommendations request | id=8640ea1a-c994-4718-b9bb-6c6eec9e12c2 | GET /recommendations/1 | status=200 | durationMs=3 | usersMs=2 | catalogMs=1
recommendations request | id=2cb43e65-e7f9-4d1d-ac4c-665228d373bc | GET /recommendations/1 | status=200 | durationMs=5 | usersMs=3 | catalogMs=3
recommendations request | id=4edce4d0-3b2b-44aa-92e9-4e7ca9cfe68d | GET /recommendations/1 | status=200 | durationMs=2 | usersMs=1 | catalogMs=1
recommendations request | id=8b7033f1-6923-4fed-8b67-828ea75fa55d | GET /recommendations/1 | status=200 | durationMs=3 | usersMs=2 | catalogMs=1
recommendations request | id=25e0cbba-85e6-435e-b8bf-25e0ec4b1dab | GET /recommendations/1 | status=200 | durationMs=2 | usersMs=1 | catalogMs=1
recommendations request | id=63a3649f-cefe-43e2-8bd2-104ab2354a38 | GET /recommendations/1 | status=200 | durationMs=2 | usersMs=2 | catalogMs=1
recommendations request | id=fb6f3272-7b8d-400d-9850-35a9f4395617 | GET /recommendations/1 | status=200 | durationMs=2 | usersMs=1 | catalogMs=1
recommendations request | id=c8e5a306-678b-4fc0-9afa-6aca36cadd85 | GET /recommendations/1 | status=200 | durationMs=2 | usersMs=1 | catalogMs=2
recommendations request | id=a1862488-1afc-46bf-a79d-3a4a9e63bdde | GET /recommendations/1 | status=200 | durationMs=3 | usersMs=2 | catalogMs=1
recommendations request | id=4de9c289-777a-4311-93f8-f4af40fe38b9 | GET /recommendations/1 | status=200 | durationMs=2 | usersMs=2 | catalogMs=2
recommendations request | id=698b6191-9431-4d6d-b982-9cd9c4fdbff0 | GET /recommendations/1 | status=200 | durationMs=2 | usersMs=1 | catalogMs=1
recommendations request | id=ea3e10e8-4a06-483f-b380-69a7f42d9c4a | GET /recommendations/1 | status=200 | durationMs=1 | usersMs=1 | catalogMs=1
recommendations request | id=4f1a6e16-90c4-445a-a84c-b578796425cc | GET /recommendations/1 | status=200 | durationMs=2 | usersMs=1 | catalogMs=2
recommendations request | id=deabacc4-17e0-4d70-86fe-8d8a0d327460 | GET /recommendations/1 | status=200 | durationMs=2 | usersMs=1 | catalogMs=1
recommendations request | id=8e91a287-61bd-44e0-9d45-bb10875770e0 | GET /recommendations/1 | status=200 | durationMs=1 | usersMs=1 | catalogMs=1
recommendations request | id=4d3aa456-7839-44f0-8d7b-0aacd45eac08 | GET /recommendations/1 | status=200 | durationMs=2 | usersMs=1 | catalogMs=1
recommendations request | id=6225bad6-57bc-46b8-b172-68b2b684cbdd | GET /recommendations/1 | status=200 | durationMs=2 | usersMs=1 | catalogMs=1
recommendations request | id=27c329b6-e4bc-42d7-824f-8708400feab0 | GET /recommendations/1 | status=200 | durationMs=2 | usersMs=1 | catalogMs=0
recommendations request | id=b121d908-0374-429c-8c1e-50a1d608418c | GET /recommendations/1 | status=200 | durationMs=1 | usersMs=1 | catalogMs=1
recommendations request | id=a0785ee2-a0e6-4a3c-8387-743f51530dc9 | GET /recommendations/1 | status=200 | durationMs=2 | usersMs=1 | catalogMs=1
recommendations request | id=a817e36f-421f-4498-bc4a-a1275d33db09 | GET /recommendations/1 | status=200 | durationMs=1 | usersMs=1 | catalogMs=1
recommendations request | id=f30df18c-5eed-4a97-8e0d-8000cb6b9321 | GET /recommendations/1 | status=200 | durationMs=2 | usersMs=2 | catalogMs=1
recommendations request | id=dd8c1bec-9d33-467a-b28d-440762b0f937 | GET /recommendations/1 | status=200 | durationMs=2 | usersMs=1 | catalogMs=1
recommendations request | id=6782b808-9524-4e4c-a84a-996779512cf5 | GET /recommendations/1 | status=200 | durationMs=3 | usersMs=2 | catalogMs=1
recommendations request | id=053c4c42-7668-43f1-be2a-d4fe467a563b | GET /recommendations/1 | status=200 | durationMs=3 | usersMs=2 | catalogMs=1
recommendations request | id=5212766d-b4ea-4c3f-9a2c-33121c0c9b65 | GET /recommendations/1 | status=200 | durationMs=2 | usersMs=1 | catalogMs=2
recommendations request | id=5085916e-4c02-4ed1-aa31-22ab6d427aea | GET /recommendations/1 | status=200 | durationMs=2 | usersMs=1 | catalogMs=1
recommendations request | id=987e1301-2038-4092-9edd-5c177186a14c | GET /recommendations/1 | status=200 | durationMs=2 | usersMs=1 | catalogMs=1
recommendations request | id=5212b9d2-9695-4003-9bc8-b939dd7253dd | GET /recommendations/1 | status=200 | durationMs=3 | usersMs=2 | catalogMs=1
recommendations request | id=6b6a878a-28fc-4e8d-9362-2a4ed41c4391 | GET /recommendations/1 | status=200 | durationMs=4 | usersMs=2 | catalogMs=2
recommendations request | id=3c25aa44-6eb9-4d41-b9d8-a63e6ecbc5a5 | GET /recommendations/1 | status=200 | durationMs=1 | usersMs=1 | catalogMs=1
recommendations request | id=f21db34c-a0fa-4a06-9090-268b540ce1b8 | GET /recommendations/1 | status=200 | durationMs=2 | usersMs=1 | catalogMs=1
recommendations request | id=144063a5-f4d9-483d-bb05-8659037d2eaa | GET /recommendations/1 | status=200 | durationMs=2 | usersMs=2 | catalogMs=1
recommendations request | id=174041bb-7d4e-405a-a3c8-98b2efe5737b | GET /recommendations/1 | status=200 | durationMs=2 | usersMs=2 | catalogMs=1
recommendations request | id=8ec5b3c8-8cfe-4520-9cdd-c9711049a4ad | GET /recommendations/1 | status=200 | durationMs=2 | usersMs=2 | catalogMs=1
recommendations request | id=b8c967a4-6313-4b94-9527-3184a7c20e14 | GET /recommendations/1 | status=200 | durationMs=2 | usersMs=1 | catalogMs=1
recommendations request | id=a6d88995-6fbe-4b8f-8485-3fcfef0b6121 | GET /recommendations/1 | status=200 | durationMs=2 | usersMs=1 | catalogMs=0
recommendations request | id=58278a58-0e79-4caf-b69e-c56bfb29045d | GET /recommendations/1 | status=200 | durationMs=2 | usersMs=1 | catalogMs=1
recommendations request | id=3db34e50-7658-4ad1-9f70-94604226bc1a | GET /recommendations/1 | status=200 | durationMs=3 | usersMs=2 | catalogMs=1
recommendations request | id=d7a29fe6-c54a-43cf-a1c9-5a831c05ad10 | GET /recommendations/1 | status=200 | durationMs=2 | usersMs=2 | catalogMs=1
recommendations request | id=c5b35f53-5922-461e-950d-8279925413a0 | GET /recommendations/1 | status=200 | durationMs=2 | usersMs=1 | catalogMs=1
recommendations request | id=f5454679-12aa-410a-8a25-afee4f356e87 | GET /recommendations/1 | status=200 | durationMs=2 | usersMs=1 | catalogMs=1
recommendations request | id=341f41c1-8edb-41de-9623-8811d6aaa642 | GET /recommendations/1 | status=200 | durationMs=2 | usersMs=1 | catalogMs=1
recommendations request | id=8af11607-a7ff-4b1f-bc47-fdb3e9faf8b7 | GET /recommendations/1 | status=200 | durationMs=3 | usersMs=2 | catalogMs=1
recommendations request | id=b8c81969-c505-45c8-b634-8abf568a2d8a | GET /recommendations/1 | status=200 | durationMs=2 | usersMs=1 | catalogMs=1
recommendations request | id=4698087e-8cc9-4bc3-9c3f-d9ed8641026e | GET /recommendations/1 | status=200 | durationMs=2 | usersMs=1 | catalogMs=2
recommendations request | id=9f26b825-fd9f-40e1-9623-efbb294e8a2f | GET /recommendations/1 | status=200 | durationMs=2 | usersMs=2 | catalogMs=1
recommendations request | id=1f7a81ca-9518-4b4c-a22e-28449877ddb1 | GET /recommendations/1 | status=200 | durationMs=2 | usersMs=1 | catalogMs=2
recommendations request | id=735fc7ce-4e0c-473a-8fdb-58e6d39c10cc | GET /recommendations/1 | status=200 | durationMs=2 | usersMs=2 | catalogMs=1
recommendations request | id=45e1d1da-2b25-4323-a7d0-758d50551bbb | GET /recommendations/1 | status=200 | durationMs=4 | usersMs=3 | catalogMs=2
recommendations request | id=94665c08-db50-4548-976f-eed4c6cd43f6 | GET /recommendations/1 | status=200 | durationMs=2 | usersMs=1 | catalogMs=1
recommendations request | id=54717df7-c517-4683-8fba-8bd7940022de | GET /recommendations/1 | status=200 | durationMs=1 | usersMs=1 | catalogMs=1
recommendations request | id=48b3b135-9016-4be8-84ec-9b60925d680b | GET /recommendations/1 | status=200 | durationMs=2 | usersMs=1 | catalogMs=1
recommendations request | id=44b3990d-52cf-43a8-bd05-4a4cb40094fb | GET /recommendations/1 | status=200 | durationMs=2 | usersMs=1 | catalogMs=1
recommendations request | id=11558f67-d454-4088-9934-c32d821f7083 | GET /recommendations/1 | status=200 | durationMs=5 | usersMs=2 | catalogMs=1
recommendations request | id=c74ba562-40d6-4ec6-9b65-6b517cc6313f | GET /recommendations/1 | status=200 | durationMs=1 | usersMs=0 | catalogMs=1
recommendations request | id=8631f91a-f53f-4bea-add2-fc554e6b301f | GET /recommendations/1 | status=200 | durationMs=1 | usersMs=1 | catalogMs=1
recommendations request | id=72d1df6c-1a67-437a-b290-380c334245bf | GET /recommendations/1 | status=200 | durationMs=1 | usersMs=1 | catalogMs=1
recommendations request | id=31d8ff38-d649-4508-98f7-30f01509d134 | GET /recommendations/1 | status=200 | durationMs=1 | usersMs=1 | catalogMs=1
recommendations request | id=674bb611-5315-450c-ad19-b31382786e12 | GET /recommendations/1 | status=200 | durationMs=1 | usersMs=1 | catalogMs=1
recommendations request | id=0839d453-92c9-4788-858e-44456e44c859 | GET /recommendations/1 | status=200 | durationMs=2 | usersMs=0 | catalogMs=0
recommendations request | id=16bf71a9-7cb6-4c5a-8ad3-0c183e197665 | GET /recommendations/1 | status=200 | durationMs=2 | usersMs=1 | catalogMs=1
recommendations request | id=edf552ff-a3ae-4341-b53b-3fb67d361218 | GET /recommendations/1 | status=200 | durationMs=1 | usersMs=1 | catalogMs=1
recommendations request | id=8a1fbee6-f349-470a-bc8b-6f3f722eeb7f | GET /recommendations/1 | status=200 | durationMs=2 | usersMs=1 | catalogMs=1
recommendations request | id=f2045af0-6057-439e-9497-40b4ab0006a5 | GET /recommendations/1 | status=200 | durationMs=1 | usersMs=1 | catalogMs=1
recommendations request | id=01fa0f03-0f19-42a8-8d6a-4e997f7c847a | GET /recommendations/1 | status=200 | durationMs=2 | usersMs=1 | catalogMs=1
recommendations request | id=8939b84e-a0d8-4d74-acdb-de3cde8f82ed | GET /recommendations/1 | status=200 | durationMs=2 | usersMs=1 | catalogMs=1
recommendations request | id=3ffe78a2-c26e-4edf-9b3f-bcc163dcb000 | GET /recommendations/1 | status=200 | durationMs=2 | usersMs=1 | catalogMs=1
recommendations request | id=8f1deb24-b0bd-4094-ab28-c6a3264e7ec6 | GET /recommendations/1 | status=200 | durationMs=2 | usersMs=1 | catalogMs=1
recommendations request | id=32e43ad1-0dd9-4fdf-9af0-53dd7cbe1021 | GET /recommendations/1 | status=200 | durationMs=2 | usersMs=1 | catalogMs=1
recommendations request | id=906ec5ba-aa59-4f89-ab3a-0259a0860605 | GET /recommendations/1 | status=200 | durationMs=2 | usersMs=2 | catalogMs=1
recommendations request | id=77b173e5-a6c1-4088-881f-97af3ce8e142 | GET /recommendations/1 | status=200 | durationMs=2 | usersMs=1 | catalogMs=1
recommendations request | id=c4cf6443-3646-4bb2-8665-cab615aa7611 | GET /recommendations/1 | status=200 | durationMs=3 | usersMs=2 | catalogMs=2
recommendations request | id=f4fc81aa-b7af-4e4c-8e36-7d3c876ed005 | GET /recommendations/1 | status=200 | durationMs=2 | usersMs=1 | catalogMs=1
recommendations request | id=448b084e-2ae5-4506-902a-b20d9a8b80f9 | GET /recommendations/1 | status=200 | durationMs=2 | usersMs=1 | catalogMs=0
recommendations request | id=634bd6bf-4ecb-426f-a67d-9823709b27ad | GET /recommendations/1 | status=200 | durationMs=1 | usersMs=1 | catalogMs=1
recommendations request | id=939ca5a6-e3ca-4ecf-bd53-a884c2eb118e | GET /recommendations/1 | status=200 | durationMs=2 | usersMs=1 | catalogMs=1
recommendations request | id=d51d6b55-51cf-4604-a8c1-1874d2d15451 | GET /recommendations/1 | status=200 | durationMs=2 | usersMs=1 | catalogMs=1
recommendations request | id=c4771ae3-2134-4d95-8ef6-8be2bfe0800c | GET /recommendations/1 | status=200 | durationMs=2 | usersMs=1 | catalogMs=0
recommendations request | id=9d2537fd-f63e-4fc9-ae36-abfd3a905eae | GET /recommendations/1 | status=200 | durationMs=2 | usersMs=1 | catalogMs=1
recommendations request | id=89839444-edb7-4da1-8ec1-9d7db6861445 | GET /recommendations/1 | status=200 | durationMs=2 | usersMs=1 | catalogMs=2
recommendations request | id=55afa62f-b51a-4764-b5a6-84c4055d6623 | GET /recommendations/1 | status=200 | durationMs=2 | usersMs=1 | catalogMs=1
recommendations request | id=eddec4f3-f6ec-43a2-b112-77ae348e18cb | GET /recommendations/1 | status=200 | durationMs=2 | usersMs=1 | catalogMs=2
recommendations request | id=14c04eaa-b123-4da8-ad17-292ce25c240b | GET /recommendations/1 | status=200 | durationMs=1 | usersMs=1 | catalogMs=1
recommendations request | id=d1a8c600-aec5-4ed5-9753-a1cac931dfe0 | GET /recommendations/1 | status=200 | durationMs=2 | usersMs=1 | catalogMs=1
recommendations request | id=99d12344-5bad-483c-8d4e-f8157b9e59be | GET /recommendations/1 | status=200 | durationMs=1 | usersMs=1 | catalogMs=1
recommendations request | id=b650998b-63f7-4aaa-bd5c-27dd3ed26a64 | GET /recommendations/1 | status=200 | durationMs=2 | usersMs=1 | catalogMs=1
recommendations request | id=b86e2ed7-812d-4079-a376-52c36d2a1ab4 | GET /recommendations/1 | status=200 | durationMs=3 | usersMs=2 | catalogMs=2
recommendations request | id=f11c5dba-505b-4fbf-ba76-42346d2e84f5 | GET /recommendations/1 | status=200 | durationMs=2 | usersMs=1 | catalogMs=2
recommendations request | id=34d2ade1-c200-4059-9ae5-07b5181b9b2b | GET /recommendations/1 | status=200 | durationMs=2 | usersMs=1 | catalogMs=2
recommendations request | id=76a3d88f-8cf2-4070-8100-1e085b39c1e1 | GET /recommendations/1 | status=200 | durationMs=5 | usersMs=3 | catalogMs=2
recommendations request | id=30adaa9a-d375-461c-8c65-a9571010c457 | GET /recommendations/1 | status=200 | durationMs=1 | usersMs=1 | catalogMs=1
recommendations request | id=dcc5c25c-f23f-4692-8311-741f99eaf6c2 | GET /recommendations/1 | status=200 | durationMs=2 | usersMs=1 | catalogMs=2
recommendations request | id=6268a79c-a392-4d66-a777-bc52d40eed54 | GET /recommendations/1 | status=200 | durationMs=2 | usersMs=2 | catalogMs=1
recommendations request | id=9a3ea431-530a-49f3-b5e6-056e80b44bc8 | GET /recommendations/1 | status=200 | durationMs=3 | usersMs=2 | catalogMs=2
recommendations request | id=92f84eed-7514-4681-8241-f2e86d39fd8a | GET /recommendations/1 | status=200 | durationMs=2 | usersMs=1 | catalogMs=0
recommendations request | id=27a45415-6730-4b7c-b6b0-48acff930187 | GET /recommendations/1 | status=200 | durationMs=2 | usersMs=2 | catalogMs=1
recommendations request | id=ad57d144-6972-475e-89c8-8945480e4d95 | GET /recommendations/1 | status=200 | durationMs=1 | usersMs=1 | catalogMs=1
recommendations request | id=a19aec2e-6288-4a2f-a63a-0962754899fe | GET /recommendations/1 | status=200 | durationMs=2 | usersMs=1 | catalogMs=1
recommendations request | id=617af302-78eb-42b7-9b50-464bdd394dfc | GET /recommendations/1 | status=200 | durationMs=2 | usersMs=1 | catalogMs=1
recommendations request | id=d6fcdf4e-4390-4863-96c1-6d3bc1bd86cc | GET /recommendations/1 | status=200 | durationMs=2 | usersMs=1 | catalogMs=1
recommendations request | id=13441ec0-2ca9-415d-b7f1-a2f19856f831 | GET /recommendations/1 | status=200 | durationMs=1 | usersMs=1 | catalogMs=1
recommendations request | id=d7215e4c-a1df-428a-8ca0-b7e879eccd28 | GET /recommendations/1 | status=200 | durationMs=3 | usersMs=2 | catalogMs=2
recommendations request | id=22c8a436-8229-41a0-8a66-f7309fbd8697 | GET /recommendations/1 | status=200 | durationMs=3 | usersMs=2 | catalogMs=1
recommendations request | id=e13a4252-9845-4408-b10b-8bff0a7fdd01 | GET /recommendations/1 | status=200 | durationMs=2 | usersMs=1 | catalogMs=1
recommendations request | id=785f9015-8c74-4223-9d24-95d3cab187f6 | GET /recommendations/1 | status=200 | durationMs=1 | usersMs=1 | catalogMs=1
recommendations request | id=5d15aec8-dac5-48a1-a574-ce08fc32cbe7 | GET /recommendations/1 | status=200 | durationMs=2 | usersMs=1 | catalogMs=0
recommendations request | id=214b2f3f-f256-4766-93c8-0a316f236b75 | GET /recommendations/1 | status=200 | durationMs=1 | usersMs=0 | catalogMs=1
recommendations request | id=26185308-95a6-42bf-993b-86ed68e979ac | GET /recommendations/1 | status=200 | durationMs=1 | usersMs=1 | catalogMs=1
recommendations request | id=69998b16-e473-4ca9-962e-761a2b21af3f | GET /recommendations/1 | status=200 | durationMs=2 | usersMs=1 | catalogMs=1
recommendations request | id=83b906d0-6c1c-4fa5-8ba7-312ef58635af | GET /recommendations/1 | status=200 | durationMs=1 | usersMs=1 | catalogMs=1
recommendations request | id=dd80aab0-14c5-4b5d-9a57-ac1cc2de8622 | GET /recommendations/1 | status=200 | durationMs=2 | usersMs=1 | catalogMs=0
recommendations request | id=2c639e8c-d6c2-4789-9c37-a6c0c71d22d0 | GET /recommendations/1 | status=200 | durationMs=2 | usersMs=1 | catalogMs=0
recommendations request | id=dc41b7c3-79d1-47d4-aa8e-a07837802601 | GET /recommendations/1 | status=200 | durationMs=2 | usersMs=1 | catalogMs=1
recommendations request | id=965a5e93-4ff0-49e7-a112-9c700b433e24 | GET /recommendations/1 | status=200 | durationMs=2 | usersMs=2 | catalogMs=1
recommendations request | id=69d6c34f-4488-4be2-9fc9-6095d974fff1 | GET /recommendations/1 | status=200 | durationMs=2 | usersMs=1 | catalogMs=1
recommendations request | id=f1966ec2-9136-4883-85ff-9b736c689591 | GET /recommendations/1 | status=200 | durationMs=3 | usersMs=2 | catalogMs=2
recommendations request | id=83d8dfb1-267a-45cb-aaba-cfc460c42974 | GET /recommendations/1 | status=200 | durationMs=1 | usersMs=1 | catalogMs=1
recommendations request | id=0e4f3b89-2876-4dc8-af37-d501838c1b20 | GET /recommendations/1 | status=200 | durationMs=2 | usersMs=1 | catalogMs=1
recommendations request | id=55efa5a3-d9d0-4e01-a2b2-f40df19de4f5 | GET /recommendations/1 | status=200 | durationMs=1 | usersMs=1 | catalogMs=1
recommendations request | id=84120d34-d4a2-48ff-bb6c-e89e4e872dbc | GET /recommendations/1 | status=200 | durationMs=2 | usersMs=2 | catalogMs=2
recommendations request | id=ae1dd154-e015-48c6-984a-b5ec25cc66b8 | GET /recommendations/1 | status=200 | durationMs=2 | usersMs=2 | catalogMs=1
recommendations request | id=701e340a-b478-4347-a61b-945ba6259cf2 | GET /recommendations/1 | status=200 | durationMs=3 | usersMs=1 | catalogMs=2
recommendations request | id=a7e7e309-3e52-4f1c-b85c-6f25ae1bbf91 | GET /recommendations/1 | status=200 | durationMs=2 | usersMs=1 | catalogMs=1
recommendations request | id=2d6843d0-8ff0-4263-8d16-c288fa695c2e | GET /recommendations/1 | status=200 | durationMs=2 | usersMs=1 | catalogMs=1
recommendations request | id=6cc8d320-e830-4c74-b0ab-7882674e5828 | GET /recommendations/1 | status=200 | durationMs=1 | usersMs=1 | catalogMs=1
recommendations request | id=da0c2695-ca5b-4058-8016-151ca057719a | GET /recommendations/1 | status=200 | durationMs=2 | usersMs=1 | catalogMs=1
recommendations request | id=70d1a96f-a3c1-4a3c-9677-75bbe8835bf4 | GET /recommendations/1 | status=200 | durationMs=2 | usersMs=1 | catalogMs=1
recommendations request | id=318abbfc-76fd-42d5-983f-1c886241f244 | GET /recommendations/1 | status=200 | durationMs=2 | usersMs=1 | catalogMs=1
recommendations request | id=05e2cfd5-e74a-4630-8cde-37c58237396e | GET /recommendations/1 | status=200 | durationMs=1 | usersMs=1 | catalogMs=1
recommendations request | id=7b25344d-4d64-4ad7-876c-92d40397097a | GET /recommendations/1 | status=200 | durationMs=3 | usersMs=2 | catalogMs=2
recommendations request | id=f5c97e8d-dde3-4a1b-8519-019b2061b6bc | GET /recommendations/1 | status=200 | durationMs=2 | usersMs=1 | catalogMs=1
recommendations request | id=12bf5e10-22f3-415d-96e6-75a3422ae2de | GET /recommendations/1 | status=200 | durationMs=2 | usersMs=1 | catalogMs=1
recommendations request | id=9c4d41cb-5f94-44db-a0b3-0f32dbb5b39e | GET /recommendations/1 | status=200 | durationMs=2 | usersMs=1 | catalogMs=1
recommendations request | id=dae180a6-5eda-452c-86ab-91e8b2cb0455 | GET /recommendations/1 | status=200 | durationMs=6 | usersMs=5 | catalogMs=5
recommendations request | id=f1175237-354c-488e-a973-acd8cdabf9cf | GET /recommendations/1 | status=200 | durationMs=2 | usersMs=1 | catalogMs=1
recommendations request | id=f27ae028-6cb6-46f1-a896-c1810e791619 | GET /recommendations/1 | status=200 | durationMs=2 | usersMs=1 | catalogMs=1
recommendations request | id=f1b005d9-b50f-4930-b4ed-0978c8d9542a | GET /recommendations/1 | status=200 | durationMs=3 | usersMs=1 | catalogMs=2
recommendations request | id=5230e367-5171-4e26-84e7-9966f939cb8a | GET /recommendations/1 | status=200 | durationMs=2 | usersMs=1 | catalogMs=1
recommendations request | id=6b8f76fa-5fc7-44a4-bc5e-c44fd3607fe7 | GET /recommendations/1 | status=200 | durationMs=1 | usersMs=1 | catalogMs=1
recommendations request | id=e3d19c47-7d4a-4ae9-8c75-f0975dee8353 | GET /recommendations/1 | status=200 | durationMs=2 | usersMs=1 | catalogMs=0
recommendations request | id=1fc91f80-a423-4bae-848d-c23f037aadcc | GET /recommendations/1 | status=200 | durationMs=1 | usersMs=1 | catalogMs=1
recommendations request | id=978181ee-3bb6-436a-825d-6795c195bd80 | GET /recommendations/1 | status=200 | durationMs=2 | usersMs=1 | catalogMs=1
recommendations request | id=1000210f-13b4-4650-b27f-0f37b78b0528 | GET /recommendations/1 | status=200 | durationMs=3 | usersMs=2 | catalogMs=1
recommendations request | id=10a76a1c-fb9c-4cd9-8030-cec98ccdfa7b | GET /recommendations/1 | status=200 | durationMs=2 | usersMs=1 | catalogMs=1
recommendations request | id=7796fa94-e188-4d37-9b7b-c76e5e364f08 | GET /recommendations/1 | status=200 | durationMs=2 | usersMs=1 | catalogMs=1
recommendations request | id=602ec8fd-4f31-4064-989c-dc00e3151293 | GET /recommendations/1 | status=200 | durationMs=3 | usersMs=2 | catalogMs=2
recommendations request | id=812a3b38-5cfc-4842-ad66-8d70b39d5363 | GET /recommendations/1 | status=200 | durationMs=1 | usersMs=1 | catalogMs=1
recommendations request | id=083ef7c4-7c61-4d49-92f6-d47f425dd6cc | GET /recommendations/1 | status=200 | durationMs=2 | usersMs=1 | catalogMs=1
recommendations request | id=525c4553-2b5f-4650-9165-18ee55d5af0b | GET /recommendations/1 | status=200 | durationMs=2 | usersMs=1 | catalogMs=1
recommendations request | id=0b23a3e5-d94d-43b5-aa9d-2aa316721bb0 | GET /recommendations/1 | status=200 | durationMs=2 | usersMs=2 | catalogMs=1
recommendations request | id=8a3d974a-4478-4217-8ef8-0c893ebf4aec | GET /recommendations/1 | status=200 | durationMs=2 | usersMs=1 | catalogMs=1
recommendations request | id=468d522d-5243-41b2-bb45-f6337e2478f2 | GET /recommendations/1 | status=200 | durationMs=2 | usersMs=1 | catalogMs=1
recommendations request | id=3ec35323-7d9b-47d6-bf1f-c53ebf91ad3e | GET /recommendations/1 | status=200 | durationMs=3 | usersMs=2 | catalogMs=3
recommendations request | id=80c28733-7c07-46a3-9a4d-0ed59858519e | GET /recommendations/1 | status=200 | durationMs=2 | usersMs=1 | catalogMs=1
recommendations request | id=4862d7ee-63b2-41ff-b156-4fb14c1953f5 | GET /recommendations/1 | status=200 | durationMs=2 | usersMs=1 | catalogMs=0
recommendations request | id=acce57f9-44e0-4816-a355-3e1e62cabfd9 | GET /recommendations/1 | status=200 | durationMs=1 | usersMs=0 | catalogMs=1
recommendations request | id=bc67d770-75d7-43e9-aff0-1f756cb2be88 | GET /recommendations/1 | status=200 | durationMs=2 | usersMs=1 | catalogMs=0
recommendations request | id=2ca3b924-ed96-46d3-adc4-a0b64d41bed6 | GET /recommendations/1 | status=200 | durationMs=2 | usersMs=1 | catalogMs=1
recommendations request | id=98f9c356-23d9-4eaa-819c-3006accd36d6 | GET /recommendations/1 | status=200 | durationMs=2 | usersMs=1 | catalogMs=1
recommendations request | id=c8132ac4-4d7d-40d4-860c-a8cba7bc8bb8 | GET /recommendations/1 | status=200 | durationMs=2 | usersMs=1 | catalogMs=1
recommendations request | id=38114675-84a8-4afb-8bb9-e21e6e85bffe | GET /recommendations/1 | status=200 | durationMs=4 | usersMs=3 | catalogMs=2
recommendations request | id=397bd7a7-0898-4d43-8de3-de3710b6984c | GET /recommendations/1 | status=200 | durationMs=2 | usersMs=1 | catalogMs=1
recommendations request | id=4db4b8c6-bc28-45d0-8e3a-a655d33c90f1 | GET /recommendations/1 | status=200 | durationMs=2 | usersMs=0 | catalogMs=1
recommendations request | id=1eb3835c-421e-4dcf-9050-1246599a5d9b | GET /recommendations/1 | status=200 | durationMs=2 | usersMs=1 | catalogMs=1
recommendations request | id=7b46c39b-8472-485d-9fdb-fd4630139977 | GET /recommendations/1 | status=200 | durationMs=1 | usersMs=1 | catalogMs=1
recommendations request | id=e1a7104a-0906-4f7a-abb0-a626bdc2b39f | GET /recommendations/1 | status=200 | durationMs=2 | usersMs=1 | catalogMs=1
recommendations request | id=648b34a7-b6c9-4a4d-af35-eb927c9dd1e8 | GET /recommendations/1 | status=200 | durationMs=1 | usersMs=0 | catalogMs=1
recommendations request | id=f0443d1c-7b54-413b-94a6-bcad2f263e71 | GET /recommendations/1 | status=200 | durationMs=1 | usersMs=1 | catalogMs=1
recommendations request | id=a0ecee67-de25-48d2-9b0c-72c9d282ec8b | GET /recommendations/1 | status=200 | durationMs=1 | usersMs=1 | catalogMs=1
recommendations request | id=bb29f3cb-2912-490f-972a-a7907a6d5492 | GET /recommendations/1 | status=200 | durationMs=1 | usersMs=1 | catalogMs=1
recommendations request | id=63592e82-702a-4081-be8e-3f2eaf009a51 | GET /recommendations/1 | status=200 | durationMs=1 | usersMs=1 | catalogMs=1
recommendations request | id=41a628f3-b9d4-4f24-8250-58ab6636ed02 | GET /recommendations/1 | status=200 | durationMs=4 | usersMs=1 | catalogMs=2
recommendations request | id=66e05b18-eacb-48f7-94e9-9067a57d4eb8 | GET /recommendations/1 | status=200 | durationMs=1 | usersMs=1 | catalogMs=1
recommendations request | id=44fe0c43-11c2-435f-a68a-ad707f9f81c6 | GET /recommendations/1 | status=200 | durationMs=3 | usersMs=2 | catalogMs=1
recommendations request | id=91ce4726-fc66-488c-b7c1-b4459362c6c3 | GET /recommendations/1 | status=200 | durationMs=3 | usersMs=2 | catalogMs=2
recommendations request | id=0845f4ab-d53e-48eb-ad02-f928493f7d58 | GET /recommendations/1 | status=200 | durationMs=4 | usersMs=2 | catalogMs=2
recommendations request | id=4dc683c4-339e-4a7a-8b02-2e39d20a7d09 | GET /recommendations/1 | status=200 | durationMs=3 | usersMs=2 | catalogMs=2
recommendations request | id=025a1370-5e00-4219-b9bd-695d8bb45470 | GET /recommendations/1 | status=200 | durationMs=3 | usersMs=2 | catalogMs=2
recommendations request | id=1e9377e0-91af-46e7-bf8d-84f643d7f7ee | GET /recommendations/1 | status=200 | durationMs=3 | usersMs=2 | catalogMs=1
recommendations request | id=54c8edeb-e1af-4b7b-9522-36e78435224a | GET /recommendations/1 | status=200 | durationMs=3 | usersMs=2 | catalogMs=2
recommendations request | id=4040dd1f-e846-464e-828a-88738f9ecb29 | GET /recommendations/1 | status=200 | durationMs=3 | usersMs=2 | catalogMs=2
recommendations request | id=d16c4df8-6eee-451c-801e-f51aa78e47c2 | GET /recommendations/1 | status=200 | durationMs=4 | usersMs=2 | catalogMs=1
recommendations request | id=732fbc9c-8226-4467-81a9-bf77a3f80505 | GET /recommendations/1 | status=200 | durationMs=1 | usersMs=1 | catalogMs=1
recommendations request | id=9ed638c5-6b23-429e-904e-ff845008aa4b | GET /recommendations/1 | status=200 | durationMs=2 | usersMs=1 | catalogMs=1
recommendations request | id=8624dcdd-4574-4e5c-97a5-e39112c0919a | GET /recommendations/1 | status=200 | durationMs=2 | usersMs=1 | catalogMs=2
recommendations request | id=25ffffae-9239-41c4-9202-b93f4c202e3f | GET /recommendations/1 | status=200 | durationMs=1 | usersMs=0 | catalogMs=1
recommendations request | id=2310008f-977d-4c5a-8358-54ac200a03c2 | GET /recommendations/1 | status=200 | durationMs=3 | usersMs=2 | catalogMs=1
recommendations request | id=337fc2f1-48b4-4c1d-a5cc-0427e3303a7b | GET /recommendations/1 | status=200 | durationMs=2 | usersMs=1 | catalogMs=1
recommendations request | id=d0f83f3c-34bd-4439-9646-60db256e0751 | GET /recommendations/1 | status=200 | durationMs=3 | usersMs=2 | catalogMs=1
recommendations request | id=31075777-52a5-455b-97a6-cbe1a67d8cd3 | GET /recommendations/1 | status=200 | durationMs=2 | usersMs=1 | catalogMs=2
recommendations request | id=0e4ae66f-4efa-4c02-b69b-a280f5caf267 | GET /recommendations/1 | status=200 | durationMs=3 | usersMs=2 | catalogMs=1
recommendations request | id=a022de3e-38d3-4460-bc0f-9a17001c68df | GET /recommendations/1 | status=200 | durationMs=2 | usersMs=1 | catalogMs=1
recommendations request | id=55d8efd1-0443-4b19-b80a-8c0652cd5c5c | GET /recommendations/1 | status=200 | durationMs=3 | usersMs=1 | catalogMs=1
recommendations request | id=0982e718-57e1-4072-8388-32b8ee83f07a | GET /recommendations/1 | status=200 | durationMs=2 | usersMs=1 | catalogMs=1
recommendations request | id=934e93f2-839b-4cf5-9e53-afc04942c44f | GET /recommendations/1 | status=200 | durationMs=3 | usersMs=2 | catalogMs=1
recommendations request | id=0c40bc0b-3014-4601-86fc-41681470d3ec | GET /recommendations/1 | status=200 | durationMs=2 | usersMs=1 | catalogMs=2
recommendations request | id=2001c2a9-0e8c-47dc-b60e-c992ef3734a1 | GET /recommendations/1 | status=200 | durationMs=2 | usersMs=1 | catalogMs=1
recommendations request | id=1b6eac7f-9802-4a24-bff8-79a6b02ff8d7 | GET /recommendations/1 | status=200 | durationMs=1 | usersMs=1 | catalogMs=1
recommendations request | id=0b7beede-36a5-47c5-9852-193a0c498632 | GET /recommendations/1 | status=200 | durationMs=2 | usersMs=1 | catalogMs=1
recommendations request | id=258c2883-6f79-4948-86df-60a06aaed0f1 | GET /recommendations/1 | status=200 | durationMs=1 | usersMs=1 | catalogMs=1
recommendations request | id=8aa9fa72-159b-47d5-88b5-237274498d76 | GET /recommendations/1 | status=200 | durationMs=1 | usersMs=1 | catalogMs=1
recommendations request | id=d68a7d54-7fad-4a60-abbf-1ecab2c35247 | GET /recommendations/1 | status=200 | durationMs=4 | usersMs=2 | catalogMs=2
recommendations request | id=4819ab84-8e74-4be1-abea-f03831077994 | GET /recommendations/1 | status=200 | durationMs=2 | usersMs=1 | catalogMs=1
recommendations request | id=e77f1d0f-716d-4ecc-aab7-9ca45574e2c7 | GET /recommendations/1 | status=200 | durationMs=3 | usersMs=2 | catalogMs=1
recommendations request | id=534e3df0-8525-4a70-a31a-5e2b43341535 | GET /recommendations/1 | status=200 | durationMs=2 | usersMs=1 | catalogMs=1
recommendations request | id=32e4fcf9-f41d-4138-9da5-8ba7ab9e0577 | GET /recommendations/1 | status=200 | durationMs=2 | usersMs=1 | catalogMs=1
recommendations request | id=c8108e4b-f2c3-4f1c-b73a-f06c5c554957 | GET /recommendations/1 | status=200 | durationMs=2 | usersMs=1 | catalogMs=1
recommendations request | id=cd7e1d44-0db8-4925-8497-f7cfde54104b | GET /recommendations/1 | status=200 | durationMs=2 | usersMs=2 | catalogMs=2
recommendations request | id=718ed7e4-68aa-4da4-a3c2-60e730ddba81 | GET /recommendations/1 | status=200 | durationMs=2 | usersMs=1 | catalogMs=1
recommendations request | id=6cd7ce9b-b31e-4686-8cf1-7983a0411873 | GET /recommendations/1 | status=200 | durationMs=3 | usersMs=2 | catalogMs=2
recommendations request | id=74ff2c93-e7a6-43ee-9908-8a43396ea6ff | GET /recommendations/1 | status=200 | durationMs=2 | usersMs=1 | catalogMs=1
recommendations request | id=9f36121d-3d1c-444e-8207-6fdda440a8db | GET /recommendations/1 | status=200 | durationMs=2 | usersMs=1 | catalogMs=1
recommendations request | id=8afbb760-138b-4a38-9c0a-440d8913b39d | GET /recommendations/1 | status=200 | durationMs=1 | usersMs=1 | catalogMs=1
recommendations request | id=c81fa47a-5bed-4aef-96f0-2eb2ff17ddf0 | GET /recommendations/1 | status=200 | durationMs=2 | usersMs=1 | catalogMs=1
recommendations request | id=b1dd7fb5-5615-4f82-86c2-fbdab92e5504 | GET /recommendations/1 | status=200 | durationMs=2 | usersMs=1 | catalogMs=1
recommendations request | id=970968a0-3b82-4040-8215-625318930bb4 | GET /recommendations/1 | status=200 | durationMs=2 | usersMs=1 | catalogMs=1
recommendations request | id=ddf4c3ab-4262-4555-a2f3-75d3dac134b4 | GET /recommendations/1 | status=200 | durationMs=4 | usersMs=2 | catalogMs=2
recommendations request | id=6521b107-0899-45d4-aff4-5f7fc8492a66 | GET /recommendations/1 | status=200 | durationMs=2 | usersMs=1 | catalogMs=1
recommendations request | id=295f1b50-fcbd-47c0-b08c-623a4913bc4d | GET /recommendations/1 | status=200 | durationMs=2 | usersMs=1 | catalogMs=2
recommendations request | id=04ab8e21-24a4-4aef-8076-9d173a81b9c8 | GET /recommendations/1 | status=200 | durationMs=3 | usersMs=2 | catalogMs=1
recommendations request | id=5e42c3c0-02ef-4574-a2d0-71258eb05554 | GET /recommendations/1 | status=200 | durationMs=2 | usersMs=1 | catalogMs=1
recommendations request | id=d596172b-b557-4c83-87ea-9f06134f31c3 | GET /recommendations/1 | status=200 | durationMs=2 | usersMs=2 | catalogMs=1
recommendations request | id=e10f08d4-5e7f-4e87-934f-ec4091a98029 | GET /recommendations/1 | status=200 | durationMs=2 | usersMs=1 | catalogMs=1
recommendations request | id=9039cd49-352f-437a-afac-3b956179b513 | GET /recommendations/1 | status=200 | durationMs=3 | usersMs=2 | catalogMs=1
recommendations request | id=f78fe3e3-8f52-4380-8223-40e65a575b6c | GET /recommendations/1 | status=200 | durationMs=2 | usersMs=1 | catalogMs=1
recommendations request | id=d2f7a298-ab21-4632-8920-58fe4124db1c | GET /recommendations/1 | status=200 | durationMs=2 | usersMs=1 | catalogMs=1
recommendations request | id=9554d266-7d74-413a-86f9-3d65a51d318b | GET /recommendations/1 | status=200 | durationMs=2 | usersMs=1 | catalogMs=0
recommendations request | id=346dea55-9cbc-42f4-b6a7-7926dcf887ce | GET /recommendations/1 | status=200 | durationMs=2 | usersMs=1 | catalogMs=1
recommendations request | id=00011c66-f5b5-45db-973c-9e3217e5d019 | GET /recommendations/1 | status=200 | durationMs=1 | usersMs=1 | catalogMs=1
recommendations request | id=6bca3dc5-d184-44e9-82f1-7fb80dbdea26 | GET /recommendations/1 | status=200 | durationMs=1 | usersMs=1 | catalogMs=1
recommendations request | id=ec26d630-0838-4e1e-857d-7193d4ab943a | GET /recommendations/1 | status=200 | durationMs=1 | usersMs=1 | catalogMs=1
recommendations request | id=07066745-2d6f-4cd2-b9af-9c4da8251c03 | GET /recommendations/1 | status=200 | durationMs=3 | usersMs=1 | catalogMs=1
recommendations request | id=fa1796ed-9b9a-4fe9-8b76-565e58adb51e | GET /recommendations/1 | status=200 | durationMs=2 | usersMs=2 | catalogMs=1
recommendations request | id=695dbe5f-81d7-4284-b06e-7475a571feeb | GET /recommendations/1 | status=200 | durationMs=3 | usersMs=2 | catalogMs=2
recommendations request | id=ed080f64-2c3a-4320-a2f1-1c4c163a481c | GET /recommendations/1 | status=200 | durationMs=2 | usersMs=1 | catalogMs=1
recommendations request | id=d97fd984-e090-47a7-90c3-00850f8e8c1e | GET /recommendations/1 | status=200 | durationMs=4 | usersMs=2 | catalogMs=2
recommendations request | id=320cf60a-f09c-4e04-8887-222d593f128b | GET /recommendations/1 | status=200 | durationMs=4 | usersMs=2 | catalogMs=4
recommendations request | id=12bf2e9d-69c4-4f9d-98d4-ce704ac07352 | GET /recommendations/1 | status=200 | durationMs=3 | usersMs=2 | catalogMs=1
recommendations request | id=b89e1e5b-8123-4a85-9f6b-3c12ef6c4741 | GET /recommendations/1 | status=200 | durationMs=3 | usersMs=2 | catalogMs=2
recommendations request | id=e3e8fab9-2176-495c-8491-d89632978939 | GET /recommendations/1 | status=200 | durationMs=3 | usersMs=2 | catalogMs=1
recommendations request | id=81893dcb-99f0-431f-ac4d-d3379f5d3192 | GET /recommendations/1 | status=200 | durationMs=2 | usersMs=1 | catalogMs=2
recommendations request | id=63d8a1b9-e2a1-4233-810e-929741cdc483 | GET /recommendations/1 | status=200 | durationMs=2 | usersMs=0 | catalogMs=1
recommendations request | id=d910fab8-b397-4fe4-ae05-8fcb0a36d34d | GET /recommendations/1 | status=200 | durationMs=2 | usersMs=1 | catalogMs=1
recommendations request | id=c335b903-a26a-4ccc-bfaa-ad97317b92bc | GET /recommendations/1 | status=200 | durationMs=1 | usersMs=1 | catalogMs=1
recommendations request | id=23fb4800-8320-4f8d-9dff-4557b2de4b93 | GET /recommendations/1 | status=200 | durationMs=2 | usersMs=1 | catalogMs=1
recommendations request | id=6efeb38e-4e20-4f1c-9116-6fc16274b411 | GET /recommendations/1 | status=200 | durationMs=2 | usersMs=1 | catalogMs=1
recommendations request | id=8b79ad69-a44b-4a7a-bf91-f79bd6e6846f | GET /recommendations/1 | status=200 | durationMs=4 | usersMs=2 | catalogMs=2
recommendations request | id=4b06a4f7-6f7e-4d52-b714-cc03af7d3b6c | GET /recommendations/1 | status=200 | durationMs=2 | usersMs=1 | catalogMs=1
recommendations request | id=472e5248-a9f2-4eee-929a-82a5b188aeeb | GET /recommendations/1 | status=200 | durationMs=3 | usersMs=2 | catalogMs=2
recommendations request | id=68396584-d2ec-4ae5-8aa5-b6c5a058bb61 | GET /recommendations/1 | status=200 | durationMs=2 | usersMs=2 | catalogMs=1
recommendations request | id=390ef8e8-7787-4578-b34e-57300f292283 | GET /recommendations/1 | status=200 | durationMs=3 | usersMs=2 | catalogMs=2
recommendations request | id=68d4a092-6b77-4aa4-ab43-d8a0eb8aa33d | GET /recommendations/1 | status=200 | durationMs=3 | usersMs=2 | catalogMs=2
recommendations request | id=f6f4d0fb-09d3-491f-83bc-b46492f82853 | GET /recommendations/1 | status=200 | durationMs=2 | usersMs=2 | catalogMs=1
recommendations request | id=012ec500-2bc8-42a8-a2ab-9c70128beb89 | GET /recommendations/1 | status=200 | durationMs=3 | usersMs=2 | catalogMs=1
recommendations request | id=3a1cde94-583f-498e-b7bb-38c650da2e38 | GET /recommendations/1 | status=200 | durationMs=3 | usersMs=2 | catalogMs=1
recommendations request | id=e1efb651-32c0-4cdf-975c-87a70449b687 | GET /recommendations/1 | status=200 | durationMs=2 | usersMs=1 | catalogMs=1
recommendations request | id=bc9e2c27-f617-4791-bcde-b9e003705078 | GET /recommendations/1 | status=200 | durationMs=1 | usersMs=1 | catalogMs=1
recommendations request | id=370fa2af-7216-41a9-aec3-4ca1a032b572 | GET /recommendations/1 | status=200 | durationMs=1 | usersMs=1 | catalogMs=1
recommendations request | id=271f1944-038b-4450-b6c0-9d5c21abdc3a | GET /recommendations/1 | status=200 | durationMs=2 | usersMs=1 | catalogMs=1
recommendations request | id=d1b71b08-6e28-430e-ac8f-22e9ea688ba7 | GET /recommendations/1 | status=200 | durationMs=2 | usersMs=1 | catalogMs=0
recommendations request | id=8c2f5815-6643-49a0-b219-534fb7e6a015 | GET /recommendations/1 | status=200 | durationMs=2 | usersMs=1 | catalogMs=1
recommendations request | id=89bc44f0-ed1f-4e29-b122-2ebe064cb7af | GET /recommendations/1 | status=200 | durationMs=3 | usersMs=2 | catalogMs=2
recommendations request | id=03b1064d-36ac-46c2-a7a3-ae7e50380954 | GET /recommendations/1 | status=200 | durationMs=1 | usersMs=1 | catalogMs=1
recommendations request | id=34e3a9ab-1e33-4600-8911-fe2f6cb8b170 | GET /recommendations/1 | status=200 | durationMs=3 | usersMs=1 | catalogMs=1
recommendations request | id=be2baa39-a45e-4a09-b564-38e9fc27085a | GET /recommendations/1 | status=200 | durationMs=2 | usersMs=1 | catalogMs=1
recommendations request | id=9d28b3f4-addd-4d77-afe5-1448d7e7873d | GET /recommendations/1 | status=200 | durationMs=5 | usersMs=4 | catalogMs=4
recommendations request | id=8f5f6518-9c05-4568-80ec-a81472264921 | GET /recommendations/1 | status=200 | durationMs=5 | usersMs=4 | catalogMs=4
recommendations request | id=1b829450-b425-48f1-95d3-920a162af1b9 | GET /recommendations/1 | status=200 | durationMs=8 | usersMs=7 | catalogMs=6
recommendations request | id=f1ecbb89-976f-4679-aaea-7d913b80482b | GET /recommendations/1 | status=200 | durationMs=3 | usersMs=2 | catalogMs=1
recommendations request | id=2452087c-3baf-4cb2-bd5a-82301e30e1af | GET /recommendations/1 | status=200 | durationMs=3 | usersMs=2 | catalogMs=2
recommendations request | id=d23791d6-99fb-4fe9-a5e5-fd0acc3e1ed9 | GET /recommendations/1 | status=200 | durationMs=2 | usersMs=2 | catalogMs=1
recommendations request | id=31d771b4-f1ae-4ad8-ab9b-b5ca2c666c78 | GET /recommendations/1 | status=200 | durationMs=2 | usersMs=1 | catalogMs=1
recommendations request | id=fd376e11-c594-4fc6-8348-181b9a746d58 | GET /recommendations/1 | status=200 | durationMs=1 | usersMs=1 | catalogMs=1
recommendations request | id=d060d8be-6f1b-490c-82c9-f6334110fee6 | GET /recommendations/1 | status=200 | durationMs=2 | usersMs=2 | catalogMs=1
recommendations request | id=83159818-5e52-4e4d-bcdc-b9ee001f746a | GET /recommendations/1 | status=200 | durationMs=2 | usersMs=1 | catalogMs=1
recommendations request | id=7cf2c03e-651f-45ff-8a3f-b055aab18d68 | GET /recommendations/1 | status=200 | durationMs=1 | usersMs=1 | catalogMs=1
recommendations request | id=0aa1a79b-5f90-423f-801f-773e15e52965 | GET /recommendations/1 | status=200 | durationMs=5 | usersMs=3 | catalogMs=3
recommendations request | id=805ed175-dbfa-4c10-a5f0-73a48dfcc73c | GET /recommendations/1 | status=200 | durationMs=4 | usersMs=3 | catalogMs=4
recommendations request | id=1a1ba78c-3ed0-4e34-b7d4-35e319a3261b | GET /recommendations/1 | status=200 | durationMs=3 | usersMs=1 | catalogMs=2
recommendations request | id=551ad797-6f3c-4141-a007-302bcdab537d | GET /recommendations/1 | status=200 | durationMs=1 | usersMs=1 | catalogMs=1
recommendations request | id=28d086c7-32ed-4dc2-96b9-93240d22ec33 | GET /recommendations/1 | status=200 | durationMs=3 | usersMs=2 | catalogMs=1
recommendations request | id=051cddf4-201f-47e4-bb54-b82616a9e136 | GET /recommendations/1 | status=200 | durationMs=3 | usersMs=2 | catalogMs=2
recommendations request | id=87baeb8c-7707-43d0-bc99-36c4ee56781f | GET /recommendations/1 | status=200 | durationMs=2 | usersMs=2 | catalogMs=2
recommendations request | id=63d92192-195f-4c16-81a0-ed3fa1222c88 | GET /recommendations/1 | status=200 | durationMs=3 | usersMs=2 | catalogMs=1
recommendations request | id=d456e08a-81c7-4bf7-8dcd-8f4a1596bcbf | GET /recommendations/1 | status=200 | durationMs=2 | usersMs=1 | catalogMs=1
recommendations request | id=f6b2c651-dcb9-4646-bf44-ec61a80086e4 | GET /recommendations/1 | status=200 | durationMs=2 | usersMs=1 | catalogMs=1
recommendations request | id=587ce80e-0c53-44dd-b804-61938a8c9660 | GET /recommendations/1 | status=200 | durationMs=1 | usersMs=0 | catalogMs=0
recommendations request | id=cfebf80a-6e34-4323-80c7-c930dea80148 | GET /recommendations/1 | status=200 | durationMs=2 | usersMs=1 | catalogMs=1
recommendations request | id=97f10181-4cb0-4d3e-a475-5249afdfe562 | GET /recommendations/1 | status=200 | durationMs=2 | usersMs=1 | catalogMs=1
recommendations request | id=004cc2a6-c00e-4e5c-93b8-cefafae3dbcf | GET /recommendations/1 | status=200 | durationMs=3 | usersMs=2 | catalogMs=1
recommendations request | id=fa611ca9-dbc2-47f4-a6be-b8d79ab4d9e0 | GET /recommendations/1 | status=200 | durationMs=1 | usersMs=1 | catalogMs=1
recommendations request | id=8495cd84-5055-4aec-9b9d-b22d0bf90389 | GET /recommendations/1 | status=200 | durationMs=1 | usersMs=0 | catalogMs=1
recommendations request | id=4a369e75-5802-4aaa-a173-df838d62b6f7 | GET /recommendations/1 | status=200 | durationMs=1 | usersMs=1 | catalogMs=1
recommendations request | id=752b83e3-fd57-4752-9f06-5926eb3adf35 | GET /recommendations/1 | status=200 | durationMs=2 | usersMs=1 | catalogMs=1
recommendations request | id=f304c8c2-ed69-4e1f-9b93-27c8a1345576 | GET /recommendations/1 | status=200 | durationMs=2 | usersMs=1 | catalogMs=1
recommendations request | id=90301ae8-a374-402d-b2e4-f5d72fd53080 | GET /recommendations/1 | status=200 | durationMs=4 | usersMs=3 | catalogMs=3
recommendations request | id=e667b688-ef46-45d3-abd3-bb641975d0a3 | GET /recommendations/1 | status=200 | durationMs=4 | usersMs=3 | catalogMs=4
recommendations request | id=d4c5b58b-68b3-49a0-8acc-e9d6eaad8889 | GET /recommendations/1 | status=200 | durationMs=4 | usersMs=3 | catalogMs=3
recommendations request | id=80eb5a3a-543d-45b7-b8fd-8be455ec87fd | GET /recommendations/1 | status=200 | durationMs=2 | usersMs=1 | catalogMs=2
recommendations request | id=100619ec-197d-45cd-bafc-165677ae80ff | GET /recommendations/1 | status=200 | durationMs=2 | usersMs=1 | catalogMs=1
recommendations request | id=4c759d65-179b-4b1e-9e86-d865c6c70109 | GET /recommendations/1 | status=200 | durationMs=3 | usersMs=2 | catalogMs=1
recommendations request | id=e5a45f4f-2288-4af7-ba33-45f30be68c88 | GET /recommendations/1 | status=200 | durationMs=1 | usersMs=0 | catalogMs=1
recommendations request | id=e5d687b7-fdce-4f7d-a22d-16aaf6389ba9 | GET /recommendations/1 | status=200 | durationMs=2 | usersMs=2 | catalogMs=1
recommendations request | id=67014dfc-751a-4e9c-96a0-bcac12f0de73 | GET /recommendations/1 | status=200 | durationMs=1 | usersMs=1 | catalogMs=1
recommendations request | id=6b50c9e6-b7a2-4727-9ce3-a57408615ad1 | GET /recommendations/1 | status=200 | durationMs=2 | usersMs=1 | catalogMs=1
recommendations request | id=db181c4c-89cc-4cab-ae45-e37d2587c8d3 | GET /recommendations/1 | status=200 | durationMs=1 | usersMs=1 | catalogMs=1
recommendations request | id=b52bfe59-f179-4cc8-ae40-43174c92e95f | GET /recommendations/1 | status=200 | durationMs=4 | usersMs=3 | catalogMs=3
recommendations request | id=908cbba2-3dcb-4a50-8347-c3ea311397aa | GET /recommendations/1 | status=200 | durationMs=4 | usersMs=3 | catalogMs=4
recommendations request | id=352601f1-7cc4-490e-9b9f-52b317526e5a | GET /recommendations/1 | status=200 | durationMs=3 | usersMs=2 | catalogMs=2
recommendations request | id=b8c7dac4-5b4d-4296-8393-7f24d2285970 | GET /recommendations/1 | status=200 | durationMs=2 | usersMs=1 | catalogMs=1
recommendations request | id=e814cf45-1927-4496-9350-869fc116130e | GET /recommendations/1 | status=200 | durationMs=3 | usersMs=2 | catalogMs=2
recommendations request | id=cee06f22-8bd9-454f-b687-cd19c1b76dff | GET /recommendations/1 | status=200 | durationMs=3 | usersMs=2 | catalogMs=2
recommendations request | id=83e056ed-6931-41c7-9163-1f658b13d513 | GET /recommendations/1 | status=200 | durationMs=3 | usersMs=2 | catalogMs=3
recommendations request | id=38c2ccbc-3163-44fd-bf70-fc271cc43890 | GET /recommendations/1 | status=200 | durationMs=1 | usersMs=1 | catalogMs=1
recommendations request | id=956e0f98-b5b9-4544-b036-bafaed7d6f41 | GET /recommendations/1 | status=200 | durationMs=2 | usersMs=1 | catalogMs=2
recommendations request | id=26fc5fd1-350c-4db0-8131-2038f99a3736 | GET /recommendations/1 | status=200 | durationMs=1 | usersMs=1 | catalogMs=1
recommendations request | id=b16f0af2-351e-4b93-9af3-dd97da1b61e5 | GET /recommendations/1 | status=200 | durationMs=1 | usersMs=0 | catalogMs=0
recommendations request | id=bda181f5-c74a-4f4b-a933-613e7de43a05 | GET /recommendations/1 | status=200 | durationMs=1 | usersMs=1 | catalogMs=1
recommendations request | id=9c2cb531-71ee-4c4f-aa44-130441b8ca02 | GET /recommendations/1 | status=200 | durationMs=2 | usersMs=1 | catalogMs=1
recommendations request | id=181876fe-fd5d-48dc-8f2c-14fd8130ae60 | GET /recommendations/1 | status=200 | durationMs=1 | usersMs=1 | catalogMs=1
recommendations request | id=368ba87d-03b8-41c2-8bb8-d6aefbdc18c8 | GET /recommendations/1 | status=200 | durationMs=2 | usersMs=1 | catalogMs=2
recommendations request | id=4debf545-99ea-4bff-a9f6-6ce2ac17a749 | GET /recommendations/1 | status=200 | durationMs=4 | usersMs=2 | catalogMs=1
recommendations request | id=58caed78-a5d9-4f93-bb33-46f923fcdc0e | GET /recommendations/1 | status=200 | durationMs=4 | usersMs=3 | catalogMs=3
recommendations request | id=e295b232-8b40-4d20-8699-6d3e6d4810f8 | GET /recommendations/1 | status=200 | durationMs=2 | usersMs=1 | catalogMs=1
recommendations request | id=425811b3-f3c9-48be-b1ff-9d94ec179295 | GET /recommendations/1 | status=200 | durationMs=2 | usersMs=1 | catalogMs=0
recommendations request | id=5b56d175-7a2b-4db9-b3ac-1d150c59ba5d | GET /recommendations/1 | status=200 | durationMs=2 | usersMs=1 | catalogMs=1
recommendations request | id=62b5871d-9e61-4490-81b5-fc2cf7ac860f | GET /recommendations/1 | status=200 | durationMs=3 | usersMs=2 | catalogMs=1
recommendations request | id=8f80a8b4-de32-4356-bffb-825aec901cce | GET /recommendations/1 | status=200 | durationMs=2 | usersMs=2 | catalogMs=2
recommendations request | id=ee8e000b-6786-401d-a4df-0c679d3759d3 | GET /recommendations/1 | status=200 | durationMs=2 | usersMs=1 | catalogMs=1
recommendations request | id=fa614ac0-3348-4319-a608-22be6dc8bd6f | GET /recommendations/1 | status=200 | durationMs=2 | usersMs=1 | catalogMs=2
recommendations request | id=c1f11c05-4fee-47d3-b378-9cae14b4a724 | GET /recommendations/1 | status=200 | durationMs=1 | usersMs=1 | catalogMs=1
recommendations request | id=b81d2d7c-c89e-4850-94ba-d66fb19d71ad | GET /recommendations/1 | status=200 | durationMs=2 | usersMs=1 | catalogMs=1
recommendations request | id=f2b6e6b7-f959-4220-82a2-f71a2b04a2b9 | GET /recommendations/1 | status=200 | durationMs=1 | usersMs=1 | catalogMs=1
recommendations request | id=cd5787fb-6198-459d-a9d4-3e73f2c341d5 | GET /recommendations/1 | status=200 | durationMs=2 | usersMs=1 | catalogMs=0
recommendations request | id=9957e66c-f483-452e-bd66-dd4f49394a8f | GET /recommendations/1 | status=200 | durationMs=2 | usersMs=1 | catalogMs=1
recommendations request | id=417a63e2-5993-4c6c-b12b-0bf5f5452c40 | GET /recommendations/1 | status=200 | durationMs=3 | usersMs=2 | catalogMs=2
recommendations request | id=799aabd4-1d48-4a1d-b2f3-43a1dd6955a2 | GET /recommendations/1 | status=200 | durationMs=3 | usersMs=2 | catalogMs=1
recommendations request | id=47999b78-92ca-40c5-8281-0bb13c76216e | GET /recommendations/1 | status=200 | durationMs=3 | usersMs=2 | catalogMs=3
recommendations request | id=0bfc07bb-a744-4fa1-904a-b4f8ddccad31 | GET /recommendations/1 | status=200 | durationMs=3 | usersMs=2 | catalogMs=2
recommendations request | id=e9a799dd-2067-46dc-80fe-66eaebf332b0 | GET /recommendations/1 | status=200 | durationMs=2 | usersMs=1 | catalogMs=1
recommendations request | id=433a21dd-43a7-4e3c-b056-de99977f26b5 | GET /recommendations/1 | status=200 | durationMs=2 | usersMs=2 | catalogMs=1
recommendations request | id=d85a8cc2-1630-41c3-8872-076e4a0306c2 | GET /recommendations/1 | status=200 | durationMs=2 | usersMs=1 | catalogMs=2
recommendations request | id=a06b9815-b798-4159-a420-8f11c14cb47d | GET /recommendations/1 | status=200 | durationMs=2 | usersMs=2 | catalogMs=2
recommendations request | id=ebf7c1e9-46c3-40f1-9cd5-7206b513c25c | GET /recommendations/1 | status=200 | durationMs=2 | usersMs=2 | catalogMs=1
recommendations request | id=31a81e05-1f57-42c5-a070-49080d8c69d7 | GET /recommendations/1 | status=200 | durationMs=2 | usersMs=1 | catalogMs=1
recommendations request | id=495c04ee-390c-48ac-9b5f-3e85eb6dbdee | GET /recommendations/1 | status=200 | durationMs=1 | usersMs=1 | catalogMs=1
recommendations request | id=ee2fab27-732c-4a02-89be-b81ca06b9fc5 | GET /recommendations/1 | status=200 | durationMs=1 | usersMs=1 | catalogMs=1
recommendations request | id=866d3db5-a463-417f-ac80-01b38bb118dc | GET /recommendations/1 | status=200 | durationMs=2 | usersMs=1 | catalogMs=1
recommendations request | id=c8128b8f-26c3-4866-a9b1-3189e0e2b518 | GET /recommendations/1 | status=200 | durationMs=1 | usersMs=1 | catalogMs=1
recommendations request | id=8679fbef-d6fe-4f86-9062-f01658dc0b23 | GET /recommendations/1 | status=200 | durationMs=1 | usersMs=1 | catalogMs=1
recommendations request | id=7fa21ac2-2fdd-4f39-a8d5-c77bda632832 | GET /recommendations/1 | status=200 | durationMs=2 | usersMs=2 | catalogMs=1
recommendations request | id=44d45ec3-1fd7-4e51-bbf3-5397e865848e | GET /recommendations/1 | status=200 | durationMs=3 | usersMs=2 | catalogMs=1
recommendations request | id=59b8025b-5fd9-4d4f-aa64-c2a30dd34afd | GET /recommendations/1 | status=200 | durationMs=3 | usersMs=2 | catalogMs=1
recommendations request | id=05197e86-2673-4d1e-a3c9-d5181f36402b | GET /recommendations/1 | status=200 | durationMs=3 | usersMs=2 | catalogMs=1
recommendations request | id=2148f6cb-8763-4d4d-8cff-1adb018d0d78 | GET /recommendations/1 | status=200 | durationMs=2 | usersMs=1 | catalogMs=0
recommendations request | id=adbbdda7-9861-48a7-ae0b-94e5005d5560 | GET /recommendations/1 | status=200 | durationMs=3 | usersMs=2 | catalogMs=2
recommendations request | id=f74a7de9-efb3-42e1-81c9-92cbfc7205ac | GET /recommendations/1 | status=200 | durationMs=3 | usersMs=2 | catalogMs=1
recommendations request | id=a4a2174c-c2a6-42b8-8a14-359be0d7601e | GET /recommendations/1 | status=200 | durationMs=4 | usersMs=1 | catalogMs=4
recommendations request | id=ab87775e-fb0e-41ea-8d30-d20a527b99ca | GET /recommendations/1 | status=200 | durationMs=1 | usersMs=1 | catalogMs=1
recommendations request | id=a4ca145e-058a-494d-96cd-0eecef70446b | GET /recommendations/1 | status=200 | durationMs=2 | usersMs=1 | catalogMs=2
recommendations request | id=aec19201-2b0d-4b1a-814c-a3f06c7cca01 | GET /recommendations/1 | status=200 | durationMs=2 | usersMs=2 | catalogMs=2
recommendations request | id=0e7eb539-3796-4741-9666-832f0a6bb671 | GET /recommendations/1 | status=200 | durationMs=1 | usersMs=1 | catalogMs=1
recommendations request | id=ee799ac6-0fd6-41d1-8c57-0faff351d692 | GET /recommendations/1 | status=200 | durationMs=3 | usersMs=2 | catalogMs=1
recommendations request | id=e640e9df-800e-4df9-8046-b182b5d527f1 | GET /recommendations/1 | status=200 | durationMs=1 | usersMs=1 | catalogMs=1
recommendations request | id=5b5f170a-da4d-43e8-a6d3-1da68609a496 | GET /recommendations/1 | status=200 | durationMs=2 | usersMs=0 | catalogMs=1
recommendations request | id=d47923ca-03df-4f0e-9b76-cdd546313cc7 | GET /recommendations/1 | status=200 | durationMs=2 | usersMs=1 | catalogMs=1
recommendations request | id=5015e0d2-aea7-4cf7-a1f8-ec0545e715a0 | GET /recommendations/1 | status=200 | durationMs=2 | usersMs=2 | catalogMs=2
recommendations request | id=bd963c22-a2a6-43a6-a18e-6c63a6021f31 | GET /recommendations/1 | status=200 | durationMs=3 | usersMs=2 | catalogMs=2
recommendations request | id=1d3c2da7-745f-408b-8f61-a485473c602c | GET /recommendations/1 | status=200 | durationMs=2 | usersMs=1 | catalogMs=2
recommendations request | id=90a1cbd7-8431-48dd-97f2-e2f4b3c4b30d | GET /recommendations/1 | status=200 | durationMs=1 | usersMs=1 | catalogMs=1
recommendations request | id=153476b1-1d56-4b0c-af29-a491e18fa729 | GET /recommendations/1 | status=200 | durationMs=2 | usersMs=2 | catalogMs=1
recommendations request | id=d4ba451f-0fc2-405d-a3f5-788c82916083 | GET /recommendations/1 | status=200 | durationMs=2 | usersMs=2 | catalogMs=2
recommendations request | id=997f4dde-666d-455a-a259-eba659f13af2 | GET /recommendations/1 | status=200 | durationMs=1 | usersMs=1 | catalogMs=1
recommendations request | id=72375132-e1f3-49c7-9c50-c1ed11d362f3 | GET /recommendations/1 | status=200 | durationMs=2 | usersMs=1 | catalogMs=1
recommendations request | id=9e5f37f4-0136-49e7-be12-fd7705f46612 | GET /recommendations/1 | status=200 | durationMs=1 | usersMs=1 | catalogMs=1
recommendations request | id=914572e7-8cf3-44c5-8aee-ddc41c1a3e16 | GET /recommendations/1 | status=200 | durationMs=2 | usersMs=2 | catalogMs=1
recommendations request | id=db050cc5-31de-4f9c-83f2-a4866f9e7bec | GET /recommendations/1 | status=200 | durationMs=1 | usersMs=0 | catalogMs=0
recommendations request | id=65b992ee-76e5-4138-afe7-49bfd58aaa76 | GET /recommendations/1 | status=200 | durationMs=3 | usersMs=2 | catalogMs=1
recommendations request | id=9ee6b464-5fe4-4f20-b21f-77ae167608f2 | GET /recommendations/1 | status=200 | durationMs=3 | usersMs=2 | catalogMs=3
recommendations request | id=0be6359b-3773-44f2-9b4f-1b31ff263b4e | GET /recommendations/1 | status=200 | durationMs=1 | usersMs=1 | catalogMs=1
recommendations request | id=e6366179-c349-4954-8540-47bca646fcc2 | GET /recommendations/1 | status=200 | durationMs=2 | usersMs=2 | catalogMs=2
recommendations request | id=c7a5a6c6-b085-4617-b75b-931378b5c85f | GET /recommendations/1 | status=200 | durationMs=2 | usersMs=2 | catalogMs=1
recommendations request | id=fb1c7a5d-537c-48d1-8beb-7f88af162259 | GET /recommendations/1 | status=200 | durationMs=2 | usersMs=1 | catalogMs=2
recommendations request | id=5b383d77-2ee3-4be1-9465-a19bf7313d7b | GET /recommendations/1 | status=200 | durationMs=3 | usersMs=2 | catalogMs=2
recommendations request | id=56903136-185f-4c9c-bd58-e611e06134f7 | GET /recommendations/1 | status=200 | durationMs=2 | usersMs=1 | catalogMs=1
recommendations request | id=12962e20-0c02-4842-a4e7-8bd75c51cd9f | GET /recommendations/1 | status=200 | durationMs=4 | usersMs=3 | catalogMs=3
recommendations request | id=15dba244-0110-4fbc-9b92-a6484e8d5619 | GET /recommendations/1 | status=200 | durationMs=3 | usersMs=3 | catalogMs=3
recommendations request | id=4571b36b-293b-465e-a6e7-b1e0108d8edc | GET /recommendations/1 | status=200 | durationMs=3 | usersMs=2 | catalogMs=3
recommendations request | id=a50ce5a7-291f-4a5a-aec6-98f49554defd | GET /recommendations/1 | status=200 | durationMs=2 | usersMs=1 | catalogMs=1
recommendations request | id=a362e278-3866-4591-aaaf-839b52a95c49 | GET /recommendations/1 | status=200 | durationMs=2 | usersMs=1 | catalogMs=2
recommendations request | id=bd019258-872b-4863-a7f5-2f1c89bcda6d | GET /recommendations/1 | status=200 | durationMs=2 | usersMs=1 | catalogMs=1
recommendations request | id=225dce99-fe25-4981-b539-1e6484cee4e6 | GET /recommendations/1 | status=200 | durationMs=1 | usersMs=1 | catalogMs=1
recommendations request | id=25515a0f-42e4-4ad1-8535-32d1e1c93d4a | GET /recommendations/1 | status=200 | durationMs=2 | usersMs=1 | catalogMs=1
recommendations request | id=976afc6e-b6fe-4666-968d-b54ca1866efe | GET /recommendations/1 | status=200 | durationMs=3 | usersMs=2 | catalogMs=2
recommendations request | id=61d7f6ba-acab-4dc5-97e2-90db35782a74 | GET /recommendations/1 | status=200 | durationMs=2 | usersMs=1 | catalogMs=1
recommendations request | id=4cf25ebf-9ea2-4b2b-b2a4-11917e028a42 | GET /recommendations/1 | status=200 | durationMs=1 | usersMs=1 | catalogMs=1
recommendations request | id=dc95e7dd-5605-4cbb-856d-fbaa915ea042 | GET /recommendations/1 | status=200 | durationMs=2 | usersMs=1 | catalogMs=1
recommendations request | id=d6e98613-458c-4e44-b076-1fab5115136c | GET /recommendations/1 | status=200 | durationMs=3 | usersMs=2 | catalogMs=3
recommendations request | id=d9ece203-11c4-44cb-8f96-bcb7adb22ea1 | GET /recommendations/1 | status=200 | durationMs=4 | usersMs=3 | catalogMs=2
recommendations request | id=be18136e-1a0a-46d2-b6a7-4ec039638cb0 | GET /recommendations/1 | status=200 | durationMs=1 | usersMs=1 | catalogMs=1
recommendations request | id=ab2811eb-ee95-4e95-b4b5-9500a4989082 | GET /recommendations/1 | status=200 | durationMs=2 | usersMs=1 | catalogMs=2
recommendations request | id=682f6a39-f943-4f19-b5da-8c12789f09f7 | GET /recommendations/1 | status=200 | durationMs=2 | usersMs=1 | catalogMs=1
recommendations request | id=b942ffa5-8f84-4ef6-bb33-112879e3a9f0 | GET /recommendations/1 | status=200 | durationMs=2 | usersMs=1 | catalogMs=2
recommendations request | id=5484529c-b54b-4900-ae6e-dac8df8bcff8 | GET /recommendations/1 | status=200 | durationMs=2 | usersMs=1 | catalogMs=1
recommendations request | id=ec9fa15d-a9ea-4493-941c-45fecc12e4a2 | GET /recommendations/1 | status=200 | durationMs=1 | usersMs=1 | catalogMs=1
recommendations request | id=b80fa500-62f2-4d61-8bb6-55340ce57aba | GET /recommendations/1 | status=200 | durationMs=1 | usersMs=1 | catalogMs=1
recommendations request | id=ed0559cd-d617-402e-a249-a67d2bdb9e75 | GET /recommendations/1 | status=200 | durationMs=1 | usersMs=0 | catalogMs=0
recommendations request | id=0990c4b7-5789-444d-97d7-8dc6e910f3fd | GET /recommendations/1 | status=200 | durationMs=2 | usersMs=1 | catalogMs=0
recommendations request | id=7fc37662-2b86-4d0a-91b7-d30ac2aff45f | GET /recommendations/1 | status=200 | durationMs=1 | usersMs=1 | catalogMs=1
recommendations request | id=1e8fb2d1-873d-40f4-8430-fc8a3948f0f8 | GET /recommendations/1 | status=200 | durationMs=2 | usersMs=1 | catalogMs=1
recommendations request | id=cc5da55a-e5d4-48de-8a0f-2b2323c904e1 | GET /recommendations/1 | status=200 | durationMs=2 | usersMs=1 | catalogMs=1
recommendations request | id=9f3c937e-7a3f-43b4-8667-c54ac996dbb7 | GET /recommendations/1 | status=200 | durationMs=3 | usersMs=2 | catalogMs=2
recommendations request | id=95088964-c31c-4110-9479-0f9874dee4e4 | GET /recommendations/1 | status=200 | durationMs=3 | usersMs=3 | catalogMs=2
recommendations request | id=eba908cb-fded-4ddc-81d0-89eb614a69b5 | GET /recommendations/1 | status=200 | durationMs=3 | usersMs=3 | catalogMs=1
recommendations request | id=697e91e2-bf40-4a4c-97f9-99372ee9ab0b | GET /recommendations/1 | status=200 | durationMs=2 | usersMs=1 | catalogMs=0
recommendations request | id=4e4f88db-9c70-4d6f-b0f0-2008b1dc863b | GET /recommendations/1 | status=200 | durationMs=2 | usersMs=1 | catalogMs=1
recommendations request | id=187dafd5-fcb0-46b6-99df-4fb0292654a2 | GET /recommendations/1 | status=200 | durationMs=1 | usersMs=1 | catalogMs=1
recommendations request | id=f09c0943-85c7-4636-9320-44eb821c2044 | GET /recommendations/1 | status=200 | durationMs=2 | usersMs=2 | catalogMs=2
recommendations request | id=596ac207-072a-43f7-b930-fef96056551c | GET /recommendations/1 | status=200 | durationMs=1 | usersMs=1 | catalogMs=1
recommendations request | id=e322048c-c6b2-4546-b7dc-bdb08667dddd | GET /recommendations/1 | status=200 | durationMs=1 | usersMs=0 | catalogMs=1
recommendations request | id=3bf3a937-93c3-45df-8b03-a3a52899df73 | GET /recommendations/1 | status=200 | durationMs=2 | usersMs=1 | catalogMs=1
recommendations request | id=569a8d2e-dbef-4021-9517-ac25ef7f1d33 | GET /recommendations/1 | status=200 | durationMs=1 | usersMs=0 | catalogMs=1
recommendations request | id=f0f030d0-2375-4e9f-b020-cd44de43796c | GET /recommendations/1 | status=200 | durationMs=2 | usersMs=1 | catalogMs=1
recommendations request | id=e2a8d8a2-54b3-422a-b66c-2826563a5f80 | GET /recommendations/1 | status=200 | durationMs=3 | usersMs=2 | catalogMs=1
recommendations request | id=f2496dee-b4d0-46b1-9187-47538e4753c3 | GET /recommendations/1 | status=200 | durationMs=2 | usersMs=2 | catalogMs=1
recommendations request | id=549cfb83-079f-4ca7-baa1-fbb208118972 | GET /recommendations/1 | status=200 | durationMs=3 | usersMs=2 | catalogMs=3
recommendations request | id=e8a21bb8-f620-47e8-92ae-9b91320e799b | GET /recommendations/1 | status=200 | durationMs=3 | usersMs=1 | catalogMs=2
recommendations request | id=18ecb6e4-a8e7-42f7-b8fd-03b1427d0938 | GET /recommendations/1 | status=200 | durationMs=4 | usersMs=2 | catalogMs=4
recommendations request | id=3feece3c-9010-4086-910c-c9086951aa78 | GET /recommendations/1 | status=200 | durationMs=3 | usersMs=2 | catalogMs=1
recommendations request | id=c737a68e-4cb4-4f25-a57c-4ed67eeb3b95 | GET /recommendations/1 | status=200 | durationMs=2 | usersMs=1 | catalogMs=1
recommendations request | id=c8482a28-873c-44ca-8075-7d2972957e7a | GET /recommendations/1 | status=200 | durationMs=2 | usersMs=1 | catalogMs=1
recommendations request | id=34c9a335-6203-43de-bf66-ee92cc1fcd2b | GET /recommendations/1 | status=200 | durationMs=2 | usersMs=2 | catalogMs=1
recommendations request | id=c088f781-be4c-4f22-a9ba-44fce8b96665 | GET /recommendations/1 | status=200 | durationMs=2 | usersMs=1 | catalogMs=2
recommendations request | id=2d1b2370-2d74-405a-8ad0-a9cfba84bc08 | GET /recommendations/1 | status=200 | durationMs=1 | usersMs=1 | catalogMs=1
recommendations request | id=4b266772-41e5-4c84-9e0a-a476531d03dd | GET /recommendations/1 | status=200 | durationMs=2 | usersMs=1 | catalogMs=2
recommendations request | id=71223ccc-4417-4d7f-933b-69148269fd60 | GET /recommendations/1 | status=200 | durationMs=4 | usersMs=3 | catalogMs=3
recommendations request | id=c5a4ebf9-c34f-452b-a426-2d69f8c41a1f | GET /recommendations/1 | status=200 | durationMs=2 | usersMs=1 | catalogMs=2
recommendations request | id=6ed212e8-dcb7-4079-9105-281f5d12f9f0 | GET /recommendations/1 | status=200 | durationMs=2 | usersMs=2 | catalogMs=2
recommendations request | id=089c3528-54e2-4120-9a3d-944296d0b58c | GET /recommendations/1 | status=200 | durationMs=2 | usersMs=2 | catalogMs=2
recommendations request | id=ff7a9e07-fc2d-4e72-94fc-0dbffea5e3e3 | GET /recommendations/1 | status=200 | durationMs=3 | usersMs=1 | catalogMs=2
recommendations request | id=a4d089a6-306d-4df7-abfe-721636a47eaf | GET /recommendations/1 | status=200 | durationMs=3 | usersMs=2 | catalogMs=2
recommendations request | id=ec6f1772-0680-4b8b-9805-8531d6cc6d9c | GET /recommendations/1 | status=200 | durationMs=5 | usersMs=4 | catalogMs=4
recommendations request | id=145bc0d3-728f-4d49-8f52-4b35e53b4a4a | GET /recommendations/1 | status=200 | durationMs=5 | usersMs=4 | catalogMs=4
recommendations request | id=46fd1bd4-2243-4982-80bf-619e7af22c5a | GET /recommendations/1 | status=200 | durationMs=3 | usersMs=2 | catalogMs=1
recommendations request | id=52016008-f97b-46d3-be52-a34a83ccd544 | GET /recommendations/1 | status=200 | durationMs=1 | usersMs=1 | catalogMs=1
recommendations request | id=5af6efd2-6ebe-4532-99e0-d321eebeaf4d | GET /recommendations/1 | status=200 | durationMs=6 | usersMs=3 | catalogMs=4
recommendations request | id=1e67a5b9-eb5c-4353-9cda-e2af9c8823c3 | GET /recommendations/1 | status=200 | durationMs=5 | usersMs=5 | catalogMs=5
recommendations request | id=59cb908d-6d00-406c-9054-748f0e8774a4 | GET /recommendations/1 | status=200 | durationMs=6 | usersMs=5 | catalogMs=5
recommendations request | id=bd519a61-7fe5-4852-a2f0-a7a842049c57 | GET /recommendations/1 | status=200 | durationMs=1 | usersMs=1 | catalogMs=1
recommendations request | id=a89353f2-733f-444c-b425-8174bb7a8780 | GET /recommendations/1 | status=200 | durationMs=3 | usersMs=2 | catalogMs=1
recommendations request | id=1f1235f1-a392-4979-b9ca-9a99b66221e8 | GET /recommendations/1 | status=200 | durationMs=3 | usersMs=2 | catalogMs=3
recommendations request | id=7c627b77-3e9b-43c7-a43c-a4692734e2ed | GET /recommendations/1 | status=200 | durationMs=2 | usersMs=1 | catalogMs=1
recommendations request | id=fb505439-2cb0-4217-9760-733199ff03cc | GET /recommendations/1 | status=200 | durationMs=2 | usersMs=1 | catalogMs=1
recommendations request | id=1d2e1fb3-a014-4404-8925-3b3221a200c6 | GET /recommendations/1 | status=200 | durationMs=2 | usersMs=1 | catalogMs=2
recommendations request | id=37b67eb2-64a6-460c-b2f6-73db169d2415 | GET /recommendations/1 | status=200 | durationMs=2 | usersMs=1 | catalogMs=1
recommendations request | id=075fe614-0cb0-4cdc-83af-2fe73bb6914f | GET /recommendations/1 | status=200 | durationMs=3 | usersMs=1 | catalogMs=1
recommendations request | id=ece27fe2-744e-4b7f-896a-fc2c88b54543 | GET /recommendations/1 | status=200 | durationMs=4 | usersMs=3 | catalogMs=2
recommendations request | id=048f0089-9c5d-4927-9ce8-843999989a28 | GET /recommendations/1 | status=200 | durationMs=4 | usersMs=4 | catalogMs=3
recommendations request | id=4df5640e-5814-43cc-8586-0fff538e7f84 | GET /recommendations/1 | status=200 | durationMs=2 | usersMs=1 | catalogMs=2
recommendations request | id=91045c61-4fb0-4f97-b398-16460beeaafc | GET /recommendations/1 | status=200 | durationMs=2 | usersMs=1 | catalogMs=1
recommendations request | id=42191516-b7b2-406a-98a5-a63f0510c8e1 | GET /recommendations/1 | status=200 | durationMs=1 | usersMs=1 | catalogMs=0
recommendations request | id=628f26ee-d9bb-4270-a152-7da04468b5b6 | GET /recommendations/1 | status=200 | durationMs=0 | usersMs=0 | catalogMs=0
recommendations request | id=62555b81-1d1a-4205-a3a0-8a4a68b39a40 | GET /recommendations/1 | status=200 | durationMs=0 | usersMs=0 | catalogMs=0
recommendations request | id=397208b5-dfc6-4118-8b7f-551c56160dd4 | GET /recommendations/1 | status=200 | durationMs=1 | usersMs=0 | catalogMs=0
recommendations request | id=a08589ba-3dc3-474b-ad9e-807456baa22c | GET /recommendations/1 | status=200 | durationMs=1 | usersMs=1 | catalogMs=1
recommendations request | id=a58aab11-347d-437f-a9f6-323046bc3012 | GET /recommendations/1 | status=200 | durationMs=1 | usersMs=0 | catalogMs=1
recommendations request | id=611e1f79-c00c-474c-b049-ec6e04b7c3e0 | GET /recommendations/1 | status=200 | durationMs=1 | usersMs=1 | catalogMs=1
recommendations request | id=f80fece1-1738-466b-b741-c95a97c25494 | GET /recommendations/1 | status=200 | durationMs=2 | usersMs=1 | catalogMs=1
recommendations request | id=a0d0df2e-a6a9-4bc8-a418-94447681cb73 | GET /recommendations/1 | status=200 | durationMs=1 | usersMs=1 | catalogMs=1
recommendations request | id=ec57a7e5-d56c-46d2-9d44-143dfbd590e4 | GET /recommendations/1 | status=200 | durationMs=2 | usersMs=1 | catalogMs=1
recommendations request | id=004bcfa6-45e7-4876-a95d-1dcb55d0df16 | GET /recommendations/1 | status=200 | durationMs=2 | usersMs=2 | catalogMs=1
recommendations request | id=867583fc-7032-4abb-975f-25dd2832f621 | GET /recommendations/1 | status=200 | durationMs=2 | usersMs=0 | catalogMs=0
recommendations request | id=73d2b24c-5ff5-4124-a8cf-b94dfa511598 | GET /recommendations/1 | status=200 | durationMs=1 | usersMs=1 | catalogMs=1
recommendations request | id=1339cf62-dd5d-4ad6-87f6-f16f238e483f | GET /recommendations/1 | status=200 | durationMs=3 | usersMs=2 | catalogMs=2
recommendations request | id=5cb6adf6-23a5-4aa1-80eb-9cbbe96e3e6b | GET /recommendations/1 | status=200 | durationMs=2 | usersMs=1 | catalogMs=1
recommendations request | id=efbd8309-3df9-4af0-9959-ed2c0f373e86 | GET /recommendations/1 | status=200 | durationMs=2 | usersMs=2 | catalogMs=2
recommendations request | id=17fde06e-6e48-41eb-a914-3e37fc96e1c7 | GET /recommendations/1 | status=200 | durationMs=6 | usersMs=6 | catalogMs=6
recommendations request | id=dc8d8bfa-c2ae-4187-9959-c6e1f3609ae2 | GET /recommendations/1 | status=200 | durationMs=7 | usersMs=6 | catalogMs=6
recommendations request | id=45e1e0c7-537d-445a-bee4-fde59a813290 | GET /recommendations/1 | status=200 | durationMs=2 | usersMs=1 | catalogMs=1
recommendations request | id=1a02f0e4-e92d-46a6-aebd-389ab2326a2e | GET /recommendations/1 | status=200 | durationMs=2 | usersMs=1 | catalogMs=2
recommendations request | id=01e1e0a3-0bfe-46cc-9599-17d2fba245d1 | GET /recommendations/1 | status=200 | durationMs=2 | usersMs=2 | catalogMs=2
recommendations request | id=790c4207-ac9f-4926-8a34-bcc129880d3f | GET /recommendations/1 | status=200 | durationMs=1 | usersMs=1 | catalogMs=1
recommendations request | id=bd4cab14-3bb8-49d5-8db1-75bb2d133efa | GET /recommendations/1 | status=200 | durationMs=1 | usersMs=1 | catalogMs=1
recommendations request | id=0a2172ea-0174-4f68-aa6a-24040a87b3d9 | GET /recommendations/1 | status=200 | durationMs=2 | usersMs=1 | catalogMs=1
recommendations request | id=46010deb-411e-4fc1-a60b-9254b4f90e8d | GET /recommendations/1 | status=200 | durationMs=1 | usersMs=0 | catalogMs=0
recommendations request | id=a757762d-09cb-4bab-88ad-b9fd3f0fe3a7 | GET /recommendations/1 | status=200 | durationMs=1 | usersMs=1 | catalogMs=1
recommendations request | id=3b090346-8bac-45ae-923f-4b09826ebda2 | GET /recommendations/1 | status=200 | durationMs=1 | usersMs=1 | catalogMs=1
recommendations request | id=884cfe63-740f-4748-83ae-046347e031be | GET /recommendations/1 | status=200 | durationMs=1 | usersMs=1 | catalogMs=1
recommendations request | id=e6995ffd-caaa-4911-b7e9-8d8c7949915c | GET /recommendations/1 | status=200 | durationMs=3 | usersMs=2 | catalogMs=1
recommendations request | id=ca6d3dfc-bab7-42aa-a58e-be4ce49bcdc8 | GET /recommendations/1 | status=200 | durationMs=3 | usersMs=2 | catalogMs=1
recommendations request | id=8c9af505-85b2-49ce-8045-857cc42a761f | GET /recommendations/1 | status=200 | durationMs=2 | usersMs=1 | catalogMs=2
recommendations request | id=66dee99e-889c-4fb5-b0b7-231403f5987d | GET /recommendations/1 | status=200 | durationMs=2 | usersMs=1 | catalogMs=0
recommendations request | id=c27da5b1-4002-4820-9a5c-64b25a2d85f0 | GET /recommendations/1 | status=200 | durationMs=1 | usersMs=1 | catalogMs=1
recommendations request | id=1cf8772c-a18b-4ebe-8452-b74f839644e9 | GET /recommendations/1 | status=200 | durationMs=2 | usersMs=1 | catalogMs=1
recommendations request | id=1981cc3e-0cf0-4d08-88ed-f3b4694a8695 | GET /recommendations/1 | status=200 | durationMs=4 | usersMs=3 | catalogMs=2
recommendations request | id=c97f2770-2e01-4754-8827-0d34571f5776 | GET /recommendations/1 | status=200 | durationMs=4 | usersMs=3 | catalogMs=3
recommendations request | id=196e3afa-db5b-4a73-b4ba-3fbab9e6f209 | GET /recommendations/1 | status=200 | durationMs=3 | usersMs=3 | catalogMs=3
recommendations request | id=40c45362-20c6-4b7f-9275-fb2d70ceb4ca | GET /recommendations/1 | status=200 | durationMs=1 | usersMs=0 | catalogMs=0
recommendations request | id=b6f87888-44e9-4da9-857c-c44ff3b2e8c8 | GET /recommendations/1 | status=200 | durationMs=1 | usersMs=1 | catalogMs=1
recommendations request | id=fb8ec727-6dda-407a-8a6d-5f15aeb967ef | GET /recommendations/1 | status=200 | durationMs=1 | usersMs=1 | catalogMs=1
recommendations request | id=b7458edc-1e53-485e-abea-c1272d834f50 | GET /recommendations/1 | status=200 | durationMs=1 | usersMs=1 | catalogMs=1
recommendations request | id=f492047b-452f-4efb-aea0-a5284a3987a8 | GET /recommendations/1 | status=200 | durationMs=1 | usersMs=0 | catalogMs=1
recommendations request | id=dfe02c0e-80fc-44e1-959a-309b3d5f895b | GET /recommendations/1 | status=200 | durationMs=1 | usersMs=1 | catalogMs=1
recommendations request | id=a1eeae38-dd01-42a5-82cd-4caabd23dd44 | GET /recommendations/1 | status=200 | durationMs=2 | usersMs=2 | catalogMs=1
recommendations request | id=224d3f8c-236f-4fc2-9009-8eed413b91fc | GET /recommendations/1 | status=200 | durationMs=1 | usersMs=0 | catalogMs=1
recommendations request | id=2ffcabbb-76b0-4931-8ffd-c860f597625d | GET /recommendations/1 | status=200 | durationMs=1 | usersMs=1 | catalogMs=1
recommendations request | id=754c3d76-c63b-4a77-a15c-c8e4a7f15e83 | GET /recommendations/1 | status=200 | durationMs=2 | usersMs=1 | catalogMs=0
recommendations request | id=0d837a05-3210-4ccd-b617-98032225a721 | GET /recommendations/1 | status=200 | durationMs=1 | usersMs=1 | catalogMs=1
recommendations request | id=c100a9bf-bc8b-4164-bd59-68e917e35b78 | GET /recommendations/1 | status=200 | durationMs=2 | usersMs=1 | catalogMs=1
recommendations request | id=579f5aee-5738-41f7-9c2c-337c0915a7c8 | GET /recommendations/1 | status=200 | durationMs=1 | usersMs=1 | catalogMs=1
recommendations request | id=6e226420-4bfa-4e35-ba7d-9068dc107e76 | GET /recommendations/1 | status=200 | durationMs=2 | usersMs=2 | catalogMs=2
recommendations request | id=6e316176-3592-4ec2-8b51-b25861ce999e | GET /recommendations/1 | status=200 | durationMs=2 | usersMs=2 | catalogMs=2
recommendations request | id=5b4658a5-d196-41da-b738-80fd3796e6eb | GET /recommendations/1 | status=200 | durationMs=2 | usersMs=1 | catalogMs=1
recommendations request | id=3a9b661e-1268-4d8d-8453-e1bb2741cba0 | GET /recommendations/1 | status=200 | durationMs=1 | usersMs=1 | catalogMs=1
recommendations request | id=42ddcc6b-ce1c-438f-af79-ca5612f7c7fc | GET /recommendations/1 | status=200 | durationMs=3 | usersMs=2 | catalogMs=1
recommendations request | id=0cae1b95-39a7-4baa-b3a1-23aac2a9ebde | GET /recommendations/1 | status=200 | durationMs=3 | usersMs=2 | catalogMs=3
recommendations request | id=cc8f6c53-a856-4701-890d-979f9f5addb0 | GET /recommendations/1 | status=200 | durationMs=2 | usersMs=0 | catalogMs=1
recommendations request | id=d62e16c7-1d91-4358-b2dc-0961141063fd | GET /recommendations/1 | status=200 | durationMs=2 | usersMs=1 | catalogMs=1
recommendations request | id=7d9e8807-f52c-4d26-b44d-07a376d15590 | GET /recommendations/1 | status=200 | durationMs=3 | usersMs=1 | catalogMs=2
recommendations request | id=912861f6-2ed5-40f7-a092-571b391b7b19 | GET /recommendations/1 | status=200 | durationMs=3 | usersMs=0 | catalogMs=2
recommendations request | id=6d121a7b-90eb-42d2-8461-238b09bd9df0 | GET /recommendations/1 | status=200 | durationMs=1 | usersMs=0 | catalogMs=1
recommendations request | id=9575f900-f125-4821-b918-e601da15a13b | GET /recommendations/1 | status=200 | durationMs=2 | usersMs=1 | catalogMs=1
recommendations request | id=d329f680-061d-4f13-b6ce-d733dbdbae19 | GET /recommendations/1 | status=200 | durationMs=2 | usersMs=1 | catalogMs=2
recommendations request | id=5b458d31-3253-4ef2-a798-060ce6e50699 | GET /recommendations/1 | status=200 | durationMs=1 | usersMs=1 | catalogMs=1
recommendations request | id=28d437f3-02ef-495f-b290-444e643113f4 | GET /recommendations/1 | status=200 | durationMs=2 | usersMs=1 | catalogMs=1
recommendations request | id=d78e5417-56aa-469d-8006-036a5ed5e06c | GET /recommendations/1 | status=200 | durationMs=1 | usersMs=1 | catalogMs=1
recommendations request | id=8732c617-e4c0-472a-811a-3cedf9aff350 | GET /recommendations/1 | status=200 | durationMs=2 | usersMs=2 | catalogMs=2
recommendations request | id=191275ef-029f-4ed0-82d1-5ee8be0a586a | GET /recommendations/1 | status=200 | durationMs=3 | usersMs=1 | catalogMs=2
recommendations request | id=c8d598ea-3d16-4eb3-94b6-fb39c93472a3 | GET /recommendations/1 | status=200 | durationMs=3 | usersMs=2 | catalogMs=2
recommendations request | id=fbedcbdd-27fa-419f-92d5-becd5a0b47a5 | GET /recommendations/1 | status=200 | durationMs=3 | usersMs=3 | catalogMs=3
recommendations request | id=4fa7ba5f-b2ce-4466-9e97-d810a1f96617 | GET /recommendations/1 | status=200 | durationMs=3 | usersMs=3 | catalogMs=3
recommendations request | id=d329357d-6bcc-4107-b5b8-eb5f95d61c2a | GET /recommendations/1 | status=200 | durationMs=2 | usersMs=1 | catalogMs=2
recommendations request | id=d7fdcd6e-84e4-45b2-bb4d-7806334bda50 | GET /recommendations/1 | status=200 | durationMs=2 | usersMs=1 | catalogMs=1
recommendations request | id=4dae6320-a02c-4248-8f6c-693a12090bcb | GET /recommendations/1 | status=200 | durationMs=3 | usersMs=1 | catalogMs=2
recommendations request | id=6071786e-a4c6-4f14-8368-0489cbd89007 | GET /recommendations/1 | status=200 | durationMs=3 | usersMs=2 | catalogMs=2
recommendations request | id=edfe5b1a-893e-4be2-ba95-db7378179d52 | GET /recommendations/1 | status=200 | durationMs=3 | usersMs=2 | catalogMs=3
recommendations request | id=d81c4c6d-2412-4b7f-9587-1dd0cc68a127 | GET /recommendations/1 | status=200 | durationMs=4 | usersMs=2 | catalogMs=2
recommendations request | id=7909e247-696d-4929-a589-0473e5394d94 | GET /recommendations/1 | status=200 | durationMs=3 | usersMs=1 | catalogMs=3
recommendations request | id=c6802f77-9b67-411a-99a6-1289a61df2bf | GET /recommendations/1 | status=200 | durationMs=2 | usersMs=1 | catalogMs=0
recommendations request | id=99b7874d-4cc1-4bfa-a0d0-3a78b94a8f5c | GET /recommendations/1 | status=200 | durationMs=1 | usersMs=1 | catalogMs=1
recommendations request | id=d631600b-bd60-4514-98c9-86925c950dcd | GET /recommendations/1 | status=200 | durationMs=2 | usersMs=2 | catalogMs=2
recommendations request | id=a595ef65-8779-431d-b780-96c27b96c4f4 | GET /recommendations/1 | status=200 | durationMs=2 | usersMs=2 | catalogMs=1
recommendations request | id=da6e6c29-29e9-4af5-9e0d-b0c0f712f020 | GET /recommendations/1 | status=200 | durationMs=2 | usersMs=1 | catalogMs=1
recommendations request | id=81dfa953-f4ed-4263-9b0b-7981d9961da4 | GET /recommendations/1 | status=200 | durationMs=1 | usersMs=1 | catalogMs=1
recommendations request | id=eb7354a7-89ae-4715-a57f-0d85bb242aa8 | GET /recommendations/1 | status=200 | durationMs=2 | usersMs=1 | catalogMs=1
recommendations request | id=c2373e93-09b3-4831-9b7b-a8160b11e307 | GET /recommendations/1 | status=200 | durationMs=2 | usersMs=1 | catalogMs=1
recommendations request | id=328c7cb0-398d-474a-b982-0452a5567d3a | GET /recommendations/1 | status=200 | durationMs=2 | usersMs=1 | catalogMs=1
recommendations request | id=72dedc8b-d2c3-479a-b355-5ad3c58d7d42 | GET /recommendations/1 | status=200 | durationMs=2 | usersMs=2 | catalogMs=1
recommendations request | id=c9021866-81fb-4edf-bede-2bdcf9e1af40 | GET /recommendations/1 | status=200 | durationMs=2 | usersMs=1 | catalogMs=1
recommendations request | id=ab780527-2c20-45cf-963a-a097d0d63a0f | GET /recommendations/1 | status=200 | durationMs=2 | usersMs=1 | catalogMs=1
recommendations request | id=ffa2d6b3-30ff-4923-b6dc-1283fd5b253b | GET /recommendations/1 | status=200 | durationMs=1 | usersMs=1 | catalogMs=1
recommendations request | id=08550826-04bf-4e26-9b99-49ec47ad03fe | GET /recommendations/1 | status=200 | durationMs=2 | usersMs=1 | catalogMs=2
recommendations request | id=3218f9c1-9abf-4882-8c89-56a69c1552e9 | GET /recommendations/1 | status=200 | durationMs=2 | usersMs=2 | catalogMs=1
recommendations request | id=4ea91185-9913-4235-a296-f9c0e6740da8 | GET /recommendations/1 | status=200 | durationMs=2 | usersMs=1 | catalogMs=1
recommendations request | id=183a2f98-cc08-4480-bd99-521ec7444924 | GET /recommendations/1 | status=200 | durationMs=2 | usersMs=2 | catalogMs=1
recommendations request | id=e1c348bd-8672-429c-a153-df8d3c920581 | GET /recommendations/1 | status=200 | durationMs=2 | usersMs=2 | catalogMs=2
recommendations request | id=dfd96b80-d1f1-4ba1-b510-90ec53b86a94 | GET /recommendations/1 | status=200 | durationMs=2 | usersMs=2 | catalogMs=2
recommendations request | id=cf31fd81-9a47-44ba-88c3-ce754a961c90 | GET /recommendations/1 | status=200 | durationMs=2 | usersMs=1 | catalogMs=2
recommendations request | id=c482b871-0662-4676-8845-50ca4c1d4101 | GET /recommendations/1 | status=200 | durationMs=2 | usersMs=1 | catalogMs=1
recommendations request | id=64b7e144-9ceb-4a82-88fd-23ac3c3b53a9 | GET /recommendations/1 | status=200 | durationMs=3 | usersMs=2 | catalogMs=2
recommendations request | id=b176ec6c-0a4a-404c-80c6-c5932a8cf661 | GET /recommendations/1 | status=200 | durationMs=3 | usersMs=3 | catalogMs=3
recommendations request | id=1788eed5-cecb-4c6a-8452-4557d882b378 | GET /recommendations/1 | status=200 | durationMs=2 | usersMs=2 | catalogMs=0
recommendations request | id=967f7ce9-1959-4739-b11e-6b16ace171ab | GET /recommendations/1 | status=200 | durationMs=2 | usersMs=1 | catalogMs=1
recommendations request | id=3d35ecc6-7f6d-4ef7-a782-4ac8c6f1cffa | GET /recommendations/1 | status=200 | durationMs=3 | usersMs=2 | catalogMs=2
recommendations request | id=514d01ca-0795-449e-a89d-84fb73673c6f | GET /recommendations/1 | status=200 | durationMs=3 | usersMs=2 | catalogMs=2
recommendations request | id=8b02c1b8-685c-448c-a1be-b162461e68f6 | GET /recommendations/1 | status=200 | durationMs=2 | usersMs=2 | catalogMs=1
recommendations request | id=bd6fc444-f88c-4f8c-a5d0-a4b20838d4c4 | GET /recommendations/1 | status=200 | durationMs=2 | usersMs=2 | catalogMs=2
recommendations request | id=a5080e90-6428-4737-a021-72706aa6e924 | GET /recommendations/1 | status=200 | durationMs=2 | usersMs=2 | catalogMs=2
recommendations request | id=bd6008ba-76c5-4002-b629-085f2263b1e9 | GET /recommendations/1 | status=200 | durationMs=2 | usersMs=1 | catalogMs=1
recommendations request | id=d722d3db-a743-4412-8291-c3f436ad6a10 | GET /recommendations/1 | status=200 | durationMs=1 | usersMs=1 | catalogMs=1
recommendations request | id=900b4ef5-f05f-4a82-8c9f-56dcc1995095 | GET /recommendations/1 | status=200 | durationMs=1 | usersMs=1 | catalogMs=1
recommendations request | id=322fec91-0d79-4848-8368-94c23b162c10 | GET /recommendations/1 | status=200 | durationMs=1 | usersMs=1 | catalogMs=1
recommendations request | id=f0bafab9-bb87-4a2b-8ca1-575a1bffcdb8 | GET /recommendations/1 | status=200 | durationMs=2 | usersMs=1 | catalogMs=1
recommendations request | id=355134bd-e36f-4a7c-93e0-d0fb315ac7c7 | GET /recommendations/1 | status=200 | durationMs=3 | usersMs=2 | catalogMs=2
recommendations request | id=b9aab42a-f1da-47cf-852f-91052b8ffab9 | GET /recommendations/1 | status=200 | durationMs=2 | usersMs=1 | catalogMs=1
recommendations request | id=5e280cb4-30fc-4314-bd92-7a6c7f27690d | GET /recommendations/1 | status=200 | durationMs=3 | usersMs=2 | catalogMs=2
recommendations request | id=51b0b51e-7a6a-47a9-8069-0dd93420f79e | GET /recommendations/1 | status=200 | durationMs=3 | usersMs=3 | catalogMs=3
recommendations request | id=31c1f736-bb42-4feb-9b49-6fcdf97a9fd7 | GET /recommendations/1 | status=200 | durationMs=3 | usersMs=3 | catalogMs=3
recommendations request | id=7eb2761f-3d1e-452e-ba6b-2938bec2c280 | GET /recommendations/1 | status=200 | durationMs=4 | usersMs=2 | catalogMs=2
recommendations request | id=3833c976-f563-4ea8-9fa5-e78351dfa1ea | GET /recommendations/1 | status=200 | durationMs=4 | usersMs=2 | catalogMs=3
recommendations request | id=0d480602-fcab-468b-9170-dd5562028f3a | GET /recommendations/1 | status=200 | durationMs=2 | usersMs=2 | catalogMs=2
recommendations request | id=6cf3c31e-2819-4e1b-b3d9-04787fc4c624 | GET /recommendations/1 | status=200 | durationMs=2 | usersMs=2 | catalogMs=2
recommendations request | id=95122075-1881-4e05-ae6d-0342bd2d68fb | GET /recommendations/1 | status=200 | durationMs=2 | usersMs=2 | catalogMs=2
recommendations request | id=efb146c9-4d7e-47d5-a5fa-bcd65fc650ec | GET /recommendations/1 | status=200 | durationMs=2 | usersMs=1 | catalogMs=1
recommendations request | id=fe6d0f12-4599-4ebd-9cc0-5b33555071d3 | GET /recommendations/1 | status=200 | durationMs=2 | usersMs=1 | catalogMs=1
recommendations request | id=9480fbd4-7328-4113-9f5f-76214ce6d97b | GET /recommendations/1 | status=200 | durationMs=2 | usersMs=1 | catalogMs=1
recommendations request | id=f2bf6968-d1bd-4e70-a5a7-8fdb4ec25597 | GET /recommendations/1 | status=200 | durationMs=2 | usersMs=2 | catalogMs=2
recommendations request | id=962ea5c8-35be-4e5a-b0ab-486019eb246f | GET /recommendations/1 | status=200 | durationMs=2 | usersMs=1 | catalogMs=1
recommendations request | id=6c45a3c5-318a-4863-8f9e-e56afef40e19 | GET /recommendations/1 | status=200 | durationMs=3 | usersMs=2 | catalogMs=1
recommendations request | id=1642eb01-7140-4135-b0f8-1f2028e9b381 | GET /recommendations/1 | status=200 | durationMs=2 | usersMs=1 | catalogMs=2
recommendations request | id=2921cdbe-5791-434f-8a19-a290d9015c49 | GET /recommendations/1 | status=200 | durationMs=1 | usersMs=1 | catalogMs=1
recommendations request | id=55a88855-96cb-40b3-b6fe-3bdfe24825ae | GET /recommendations/1 | status=200 | durationMs=2 | usersMs=1 | catalogMs=1
recommendations request | id=84e724d7-d3fa-4828-9087-78c13584b891 | GET /recommendations/1 | status=200 | durationMs=2 | usersMs=1 | catalogMs=1
recommendations request | id=1d042e90-c14c-4dbe-a779-d6ada27f750b | GET /recommendations/1 | status=200 | durationMs=1 | usersMs=1 | catalogMs=1
recommendations request | id=f27ae19b-01cd-4c92-8180-a86eb845ba8f | GET /recommendations/1 | status=200 | durationMs=2 | usersMs=2 | catalogMs=2
recommendations request | id=1c2dc21c-eef6-4a63-a4c7-fb043a49dae7 | GET /recommendations/1 | status=200 | durationMs=2 | usersMs=1 | catalogMs=1
recommendations request | id=d064a501-6f9d-4f87-b56a-ab1efb0e9649 | GET /recommendations/1 | status=200 | durationMs=1 | usersMs=0 | catalogMs=1
recommendations request | id=f296ce2b-4a01-404c-955c-6bfbe53066d2 | GET /recommendations/1 | status=200 | durationMs=2 | usersMs=1 | catalogMs=1
recommendations request | id=fc6efb80-94b0-4c78-ac9b-fa71d8459284 | GET /recommendations/1 | status=200 | durationMs=2 | usersMs=1 | catalogMs=1
recommendations request | id=8513bbb8-d70a-4441-a1d0-bb7e827b8c0f | GET /recommendations/1 | status=200 | durationMs=2 | usersMs=1 | catalogMs=2
recommendations request | id=c053ea2d-4a3f-41da-9482-fe7ee13cf370 | GET /recommendations/1 | status=200 | durationMs=2 | usersMs=2 | catalogMs=2
recommendations request | id=88bcab79-db58-4175-92bd-8802d9cd57a7 | GET /recommendations/1 | status=200 | durationMs=3 | usersMs=2 | catalogMs=2
recommendations request | id=0bfd13e3-2aa0-4bee-a48f-1a66636b20c1 | GET /recommendations/1 | status=200 | durationMs=2 | usersMs=1 | catalogMs=1
recommendations request | id=7ce3eacc-ad32-48f4-b86a-8ee064d21aea | GET /recommendations/1 | status=200 | durationMs=3 | usersMs=2 | catalogMs=3
recommendations request | id=4e895ee2-0082-4283-8385-f81ce14f349d | GET /recommendations/1 | status=200 | durationMs=2 | usersMs=1 | catalogMs=0
recommendations request | id=e8a3ac90-f02d-46a8-94ab-e94e77ab63ec | GET /recommendations/1 | status=200 | durationMs=1 | usersMs=1 | catalogMs=1
recommendations request | id=f88a771a-8dd7-42ba-9346-c926f2f27dcb | GET /recommendations/1 | status=200 | durationMs=1 | usersMs=1 | catalogMs=1
recommendations request | id=ea534da9-1de2-4a07-8f34-8ed752367495 | GET /recommendations/1 | status=200 | durationMs=2 | usersMs=2 | catalogMs=2
recommendations request | id=40123811-e536-4028-a33d-c24e9304f503 | GET /recommendations/1 | status=200 | durationMs=1 | usersMs=1 | catalogMs=1
recommendations request | id=29be046e-5386-43fa-bb05-3aa7663d7a68 | GET /recommendations/1 | status=200 | durationMs=1 | usersMs=1 | catalogMs=1
recommendations request | id=3529a91d-82d5-4c70-abf6-e096b4c415d9 | GET /recommendations/1 | status=200 | durationMs=2 | usersMs=2 | catalogMs=1
recommendations request | id=4589ed59-33c9-48d0-b170-2371c1f310b1 | GET /recommendations/1 | status=200 | durationMs=2 | usersMs=1 | catalogMs=2
recommendations request | id=8fdd7371-4700-46b0-8e37-cedf7f8f8f37 | GET /recommendations/1 | status=200 | durationMs=2 | usersMs=2 | catalogMs=2
recommendations request | id=b83b4a8f-f14c-4f96-a375-79cdffc8d569 | GET /recommendations/1 | status=200 | durationMs=1 | usersMs=1 | catalogMs=1
recommendations request | id=89014dd6-572f-4e85-9aee-fbbb8c88f115 | GET /recommendations/1 | status=200 | durationMs=2 | usersMs=1 | catalogMs=1
recommendations request | id=a46c7ad6-0f71-4549-ba50-1ff1fb9a0d0c | GET /recommendations/1 | status=200 | durationMs=3 | usersMs=2 | catalogMs=2
recommendations request | id=5ff02307-1127-407c-971e-fedbe15c661f | GET /recommendations/1 | status=200 | durationMs=2 | usersMs=2 | catalogMs=2
recommendations request | id=63686b36-7e9e-4774-af21-9382c370f7ed | GET /recommendations/1 | status=200 | durationMs=2 | usersMs=2 | catalogMs=2
recommendations request | id=7c977887-719f-451a-a997-4999ce5ccd60 | GET /recommendations/1 | status=200 | durationMs=2 | usersMs=2 | catalogMs=2
recommendations request | id=5f023b29-9180-43a5-8d5b-0e205aa7475c | GET /recommendations/1 | status=200 | durationMs=2 | usersMs=2 | catalogMs=1
recommendations request | id=06e3f3df-6f60-485a-b245-578228668083 | GET /recommendations/1 | status=200 | durationMs=2 | usersMs=1 | catalogMs=2
recommendations request | id=b9f2d12f-8f9e-457a-8b3e-d97f54ac64a3 | GET /recommendations/1 | status=200 | durationMs=2 | usersMs=1 | catalogMs=2
recommendations request | id=fedbd08b-a78e-4f2d-b768-67cac5352f45 | GET /recommendations/1 | status=200 | durationMs=2 | usersMs=1 | catalogMs=2
recommendations request | id=15a18fa8-7c18-46df-b9e3-e1a3973806f8 | GET /recommendations/1 | status=200 | durationMs=3 | usersMs=2 | catalogMs=1
recommendations request | id=101b6e8f-f400-4596-a8b9-79eab564079c | GET /recommendations/1 | status=200 | durationMs=2 | usersMs=1 | catalogMs=2
recommendations request | id=47e10eda-8a0b-43ac-a6ed-52e3f1dfef04 | GET /recommendations/1 | status=200 | durationMs=3 | usersMs=2 | catalogMs=2
recommendations request | id=1ee27739-64fc-4879-861f-eada2c1ec911 | GET /recommendations/1 | status=200 | durationMs=3 | usersMs=1 | catalogMs=3
recommendations request | id=f99832d4-3da4-478c-88b9-e2b50443f07c | GET /recommendations/1 | status=200 | durationMs=3 | usersMs=2 | catalogMs=3
recommendations request | id=f807fb2e-04e9-482f-8786-652851233420 | GET /recommendations/1 | status=200 | durationMs=2 | usersMs=1 | catalogMs=0
recommendations request | id=967a9641-0354-40d7-b617-3aaf252b1ddd | GET /recommendations/1 | status=200 | durationMs=2 | usersMs=1 | catalogMs=2
recommendations request | id=db2bb8bc-9ab1-4ac2-a206-68f3f46758c5 | GET /recommendations/1 | status=200 | durationMs=2 | usersMs=2 | catalogMs=2
recommendations request | id=70248555-d449-4c6b-bcbb-ca43bb24a86d | GET /recommendations/1 | status=200 | durationMs=3 | usersMs=2 | catalogMs=2
recommendations request | id=6c7a2b26-2038-437e-b86e-4ca3136fd9c3 | GET /recommendations/1 | status=200 | durationMs=3 | usersMs=2 | catalogMs=1
recommendations request | id=b3468f04-cf2d-4a86-bcb6-83ef35b203da | GET /recommendations/1 | status=200 | durationMs=4 | usersMs=3 | catalogMs=3
recommendations request | id=32f40284-8235-4160-8258-f8a3ea1c512e | GET /recommendations/1 | status=200 | durationMs=2 | usersMs=1 | catalogMs=1
recommendations request | id=3022f856-8cb2-42e1-8e59-86225ca8d91b | GET /recommendations/1 | status=200 | durationMs=1 | usersMs=1 | catalogMs=1
recommendations request | id=d8cc502e-9504-43e7-9e4e-e0dd2c30c4dc | GET /recommendations/1 | status=200 | durationMs=1 | usersMs=1 | catalogMs=1
recommendations request | id=f5de4897-e50a-4635-a758-2f645048da21 | GET /recommendations/1 | status=200 | durationMs=2 | usersMs=2 | catalogMs=2
recommendations request | id=f9a6eec7-12ad-4ad8-84da-44737618988f | GET /recommendations/1 | status=200 | durationMs=2 | usersMs=1 | catalogMs=2
recommendations request | id=9005896a-fe04-4cc8-8759-cae0f663b6f6 | GET /recommendations/1 | status=200 | durationMs=3 | usersMs=3 | catalogMs=2
recommendations request | id=1c21de38-f4e3-4767-aa0e-89904cfffb65 | GET /recommendations/1 | status=200 | durationMs=2 | usersMs=1 | catalogMs=1
recommendations request | id=55ee2d1a-3e18-464f-aec6-7af423d0d39e | GET /recommendations/1 | status=200 | durationMs=2 | usersMs=1 | catalogMs=1
recommendations request | id=1682255b-eb2c-419e-84fa-44bb5b066416 | GET /recommendations/1 | status=200 | durationMs=2 | usersMs=2 | catalogMs=2
recommendations request | id=80e0c507-3d32-481f-8ea2-41e5d7d749b4 | GET /recommendations/1 | status=200 | durationMs=1 | usersMs=0 | catalogMs=1
recommendations request | id=3ba22323-2280-455b-9dad-82be3abc9e43 | GET /recommendations/1 | status=200 | durationMs=2 | usersMs=1 | catalogMs=1
recommendations request | id=4abf87ce-71fd-4f0d-997d-170141b41342 | GET /recommendations/1 | status=200 | durationMs=4 | usersMs=2 | catalogMs=3
recommendations request | id=1f063429-4d41-467b-9fa4-d8416dac2b5b | GET /recommendations/1 | status=200 | durationMs=3 | usersMs=3 | catalogMs=3
recommendations request | id=33b44a22-6fd6-47d9-b779-827a01184230 | GET /recommendations/1 | status=200 | durationMs=2 | usersMs=1 | catalogMs=1
recommendations request | id=f046614c-6b44-4065-b4d5-0d690481dd94 | GET /recommendations/1 | status=200 | durationMs=2 | usersMs=2 | catalogMs=2
recommendations request | id=93f57d8d-2f68-48ea-a2b3-1c08fdf76e48 | GET /recommendations/1 | status=200 | durationMs=2 | usersMs=1 | catalogMs=0
recommendations request | id=38b1bc2a-d1bd-4fc4-8271-469de268d598 | GET /recommendations/1 | status=200 | durationMs=2 | usersMs=1 | catalogMs=1
recommendations request | id=266ae144-1a4f-4de1-8924-ad9f2e06ea62 | GET /recommendations/1 | status=200 | durationMs=2 | usersMs=1 | catalogMs=0
recommendations request | id=3a5e2884-95d3-4a73-b478-6118e6eb6d44 | GET /recommendations/1 | status=200 | durationMs=2 | usersMs=1 | catalogMs=1
recommendations request | id=dfc4d84c-ad3b-4691-bf27-504da60a4e2f | GET /recommendations/1 | status=200 | durationMs=1 | usersMs=1 | catalogMs=1
recommendations request | id=ea9c86fc-b430-47e6-bc7d-c1290b05342a | GET /recommendations/1 | status=200 | durationMs=2 | usersMs=2 | catalogMs=2
recommendations request | id=15a97de0-4ae8-4f24-a1ba-c4f3c3c01d0b | GET /recommendations/1 | status=200 | durationMs=2 | usersMs=1 | catalogMs=2
recommendations request | id=fb3ea5b4-0010-4254-b605-baa8a56904a2 | GET /recommendations/1 | status=200 | durationMs=2 | usersMs=1 | catalogMs=1
recommendations request | id=f76e103b-45ac-4ee6-8411-f4c5b7b70b14 | GET /recommendations/1 | status=200 | durationMs=2 | usersMs=2 | catalogMs=2
recommendations request | id=c4bf5d78-31ad-4303-9a38-e4bcbf463f10 | GET /recommendations/1 | status=200 | durationMs=1 | usersMs=1 | catalogMs=1
recommendations request | id=e7891db6-c787-4ad1-8444-9103632927f7 | GET /recommendations/1 | status=200 | durationMs=2 | usersMs=1 | catalogMs=2
recommendations request | id=58911d00-2cc7-4e32-bd69-a77bf01135f9 | GET /recommendations/1 | status=200 | durationMs=2 | usersMs=1 | catalogMs=2
recommendations request | id=aa41893e-6f3e-4ed8-93ea-d665e4e567b6 | GET /recommendations/1 | status=200 | durationMs=2 | usersMs=1 | catalogMs=2
recommendations request | id=e95bec58-7cf2-45ee-aaa2-9506139f7307 | GET /recommendations/1 | status=200 | durationMs=2 | usersMs=2 | catalogMs=1
recommendations request | id=cfab6764-033c-48eb-a794-2011b5e9fdca | GET /recommendations/1 | status=200 | durationMs=2 | usersMs=2 | catalogMs=2
recommendations request | id=f9751b1b-7712-4648-92bb-c2ce574b2b50 | GET /recommendations/1 | status=200 | durationMs=1 | usersMs=1 | catalogMs=1
recommendations request | id=702ed6db-aa05-451c-ac7e-a1c9bc8ad9c1 | GET /recommendations/1 | status=200 | durationMs=2 | usersMs=2 | catalogMs=2
recommendations request | id=4dff54d0-fcbb-4c22-bb42-a73da19e7d9a | GET /recommendations/1 | status=200 | durationMs=2 | usersMs=1 | catalogMs=1
recommendations request | id=0064f0dc-0fdc-4bf1-94b3-74270ca7e951 | GET /recommendations/1 | status=200 | durationMs=2 | usersMs=1 | catalogMs=2
recommendations request | id=30c515af-b60f-4cbf-9e06-b21ae270ba98 | GET /recommendations/1 | status=200 | durationMs=2 | usersMs=1 | catalogMs=1
recommendations request | id=24b9cd2f-6849-4c47-83d3-444c655b84ef | GET /recommendations/1 | status=200 | durationMs=3 | usersMs=2 | catalogMs=1
recommendations request | id=2fe7b764-08af-46c0-b91d-4be2545a53eb | GET /recommendations/1 | status=200 | durationMs=2 | usersMs=1 | catalogMs=1
recommendations request | id=3c0dd614-e319-4437-9af7-6066a2aa0903 | GET /recommendations/1 | status=200 | durationMs=2 | usersMs=2 | catalogMs=1
recommendations request | id=f47740c5-d6c8-4012-9aeb-e4e99c516e77 | GET /recommendations/1 | status=200 | durationMs=2 | usersMs=1 | catalogMs=1
recommendations request | id=6fd0ad3e-a983-42cf-9423-f742483b4a93 | GET /recommendations/1 | status=200 | durationMs=1 | usersMs=0 | catalogMs=1
recommendations request | id=5f639a1c-0c4d-497b-aa26-c5ebb3b8b479 | GET /recommendations/1 | status=200 | durationMs=2 | usersMs=1 | catalogMs=1
recommendations request | id=89ef4405-0dbf-4272-9b15-d01bb63d0d80 | GET /recommendations/1 | status=200 | durationMs=2 | usersMs=1 | catalogMs=2
recommendations request | id=89bd5c1c-2fa6-4f7e-be46-347a012c665b | GET /recommendations/1 | status=200 | durationMs=2 | usersMs=1 | catalogMs=2
recommendations request | id=a467baeb-030e-4d41-a432-761c59a9c701 | GET /recommendations/1 | status=200 | durationMs=3 | usersMs=2 | catalogMs=3
recommendations request | id=d24e516a-5f6d-43bd-9e94-69855e0d8ec7 | GET /recommendations/1 | status=200 | durationMs=4 | usersMs=2 | catalogMs=3
recommendations request | id=7f484df6-61e1-406e-9d00-9e613decf99e | GET /recommendations/1 | status=200 | durationMs=2 | usersMs=1 | catalogMs=1
recommendations request | id=af85680d-03be-4de0-bede-1f9ad36d9d90 | GET /recommendations/1 | status=200 | durationMs=2 | usersMs=1 | catalogMs=2
recommendations request | id=a6cb3ea4-444a-4e05-ba76-74c3f104faa7 | GET /recommendations/1 | status=200 | durationMs=2 | usersMs=2 | catalogMs=2
recommendations request | id=51d8a710-3e49-4b26-8fa8-5dd790d79aad | GET /recommendations/1 | status=200 | durationMs=2 | usersMs=2 | catalogMs=2
recommendations request | id=28f0829d-ba30-4b07-be8f-bf1a6602e355 | GET /recommendations/1 | status=200 | durationMs=2 | usersMs=2 | catalogMs=1
recommendations request | id=9589d488-20c3-472a-a129-f7890c70e8dc | GET /recommendations/1 | status=200 | durationMs=2 | usersMs=2 | catalogMs=2
recommendations request | id=6b9a716c-2063-485a-9c86-2b835826ce7b | GET /recommendations/1 | status=200 | durationMs=3 | usersMs=2 | catalogMs=2
recommendations request | id=0e0f17ae-e449-4886-9b49-4feee9f2fe0d | GET /recommendations/1 | status=200 | durationMs=2 | usersMs=2 | catalogMs=2
recommendations request | id=c2bcd78f-bf60-4f2a-88d4-9fb37830783e | GET /recommendations/1 | status=200 | durationMs=3 | usersMs=3 | catalogMs=3
recommendations request | id=48386188-6291-4566-aff2-4e1c23e7245b | GET /recommendations/1 | status=200 | durationMs=2 | usersMs=1 | catalogMs=1
recommendations request | id=d8f2c73c-07ad-4b2c-a834-d7d677cbef1f | GET /recommendations/1 | status=200 | durationMs=3 | usersMs=2 | catalogMs=2
recommendations request | id=ff4471df-e304-4abe-b369-7db231f096d9 | GET /recommendations/1 | status=200 | durationMs=3 | usersMs=3 | catalogMs=3
recommendations request | id=88a77e71-0cfc-4f05-8266-b03359da6011 | GET /recommendations/1 | status=200 | durationMs=4 | usersMs=4 | catalogMs=3
recommendations request | id=b5f81d14-ee59-4164-80a6-aa610bee1dd4 | GET /recommendations/1 | status=200 | durationMs=3 | usersMs=2 | catalogMs=1
recommendations request | id=311e4e56-83dd-4f50-9d58-7f0f985f4d57 | GET /recommendations/1 | status=200 | durationMs=3 | usersMs=3 | catalogMs=3
recommendations request | id=2e4f1661-58d6-4a3b-9604-4be01f697fa0 | GET /recommendations/1 | status=200 | durationMs=1 | usersMs=1 | catalogMs=1
recommendations request | id=8da6a694-1c4f-4d9d-9a60-cd1ac92dae0b | GET /recommendations/1 | status=200 | durationMs=2 | usersMs=1 | catalogMs=1
recommendations request | id=4dce64e7-4567-43f3-a53f-f80236b65e6d | GET /recommendations/1 | status=200 | durationMs=2 | usersMs=1 | catalogMs=1
recommendations request | id=68377cd3-fb78-4808-8470-7cd9d3a5afbc | GET /recommendations/1 | status=200 | durationMs=2 | usersMs=1 | catalogMs=2
recommendations request | id=63fa86c3-a936-455e-afe0-df372c331148 | GET /recommendations/1 | status=200 | durationMs=2 | usersMs=1 | catalogMs=1
recommendations request | id=ed0d89c1-6870-4b34-86ef-71271db17b0d | GET /recommendations/1 | status=200 | durationMs=1 | usersMs=1 | catalogMs=1
recommendations request | id=7eb0e704-5292-406b-95ca-7ca1abf2fac5 | GET /recommendations/1 | status=200 | durationMs=5 | usersMs=4 | catalogMs=4
recommendations request | id=136e237f-3c7b-495c-9398-dbacb683e2d2 | GET /recommendations/1 | status=200 | durationMs=5 | usersMs=3 | catalogMs=4
recommendations request | id=cf6af5bd-33b5-40d4-abcc-4c98446ed22e | GET /recommendations/1 | status=200 | durationMs=5 | usersMs=2 | catalogMs=3
recommendations request | id=649792e6-3280-4fa7-a38b-7ac7ecf37efa | GET /recommendations/1 | status=200 | durationMs=1 | usersMs=1 | catalogMs=1
recommendations request | id=bbaa8065-f4a1-42ad-b575-3000ed4ce8d1 | GET /recommendations/1 | status=200 | durationMs=2 | usersMs=2 | catalogMs=2
recommendations request | id=6b28d983-0a8e-43dc-bfb9-fc282cef686d | GET /recommendations/1 | status=200 | durationMs=2 | usersMs=2 | catalogMs=2
recommendations request | id=47abc4e4-74b6-4299-b089-a4c21cedfb2c | GET /recommendations/1 | status=200 | durationMs=3 | usersMs=2 | catalogMs=2
recommendations request | id=f754e036-a2f9-4ebd-9f75-961453446334 | GET /recommendations/1 | status=200 | durationMs=2 | usersMs=1 | catalogMs=1
recommendations request | id=ea54a66c-c75b-450c-9d60-d6a97446451e | GET /recommendations/1 | status=200 | durationMs=3 | usersMs=2 | catalogMs=2
recommendations request | id=acedf06f-ce5e-4ddc-99f8-d19d4ea4d847 | GET /recommendations/1 | status=200 | durationMs=3 | usersMs=2 | catalogMs=2
recommendations request | id=51c2bb18-fea8-46ac-b5c4-7ee33f354476 | GET /recommendations/1 | status=200 | durationMs=3 | usersMs=2 | catalogMs=3
recommendations request | id=83d52176-86de-411f-adbe-afcdfb0ed98d | GET /recommendations/1 | status=200 | durationMs=3 | usersMs=2 | catalogMs=2
recommendations request | id=9611c3f1-5b29-45aa-a833-13884efba389 | GET /recommendations/1 | status=200 | durationMs=4 | usersMs=3 | catalogMs=4
recommendations request | id=85fe8981-ca74-4324-ad63-f670dd8d0ab0 | GET /recommendations/1 | status=200 | durationMs=3 | usersMs=2 | catalogMs=2
recommendations request | id=62f2c3ba-4b63-4e96-8c62-0807005ca69c | GET /recommendations/1 | status=200 | durationMs=3 | usersMs=2 | catalogMs=2
recommendations request | id=484453aa-022e-4b2c-9473-95d6224fcf58 | GET /recommendations/1 | status=200 | durationMs=1 | usersMs=1 | catalogMs=1
recommendations request | id=0de15ad9-17c7-40d7-b89a-44705693a4f2 | GET /recommendations/1 | status=200 | durationMs=2 | usersMs=2 | catalogMs=2
recommendations request | id=15b3732e-2e4c-4409-b59a-1c2744f1756f | GET /recommendations/1 | status=200 | durationMs=3 | usersMs=2 | catalogMs=1
recommendations request | id=b942ca27-75ed-4272-9f8d-491987d54450 | GET /recommendations/1 | status=200 | durationMs=1 | usersMs=1 | catalogMs=1
recommendations request | id=74378b79-ade7-428b-b29f-018cf61f6c1e | GET /recommendations/1 | status=200 | durationMs=3 | usersMs=1 | catalogMs=2
recommendations request | id=128dce3b-e9bb-4a83-a252-1f20b9077b99 | GET /recommendations/1 | status=200 | durationMs=4 | usersMs=3 | catalogMs=2
recommendations request | id=6164fb2e-dfd2-4972-9e0b-8079ed70b17d | GET /recommendations/1 | status=200 | durationMs=3 | usersMs=3 | catalogMs=3
recommendations request | id=94b7e54b-5fb8-47ca-aa9f-e8004389ced0 | GET /recommendations/1 | status=200 | durationMs=2 | usersMs=2 | catalogMs=2
recommendations request | id=d2f78e60-b709-4cbc-acd6-2b86d926e579 | GET /recommendations/1 | status=200 | durationMs=3 | usersMs=2 | catalogMs=2
recommendations request | id=3145bc78-e939-4b09-a879-ef17a5fb08f5 | GET /recommendations/1 | status=200 | durationMs=2 | usersMs=2 | catalogMs=1
recommendations request | id=c17ef30d-d139-4906-9f97-d65e51b346b6 | GET /recommendations/1 | status=200 | durationMs=2 | usersMs=2 | catalogMs=1
recommendations request | id=f90a6fb2-9bbb-4b06-a807-aa00527cc716 | GET /recommendations/1 | status=200 | durationMs=3 | usersMs=2 | catalogMs=1
recommendations request | id=bd224d85-ec6d-4839-be74-fca1ce7d08cd | GET /recommendations/1 | status=200 | durationMs=3 | usersMs=3 | catalogMs=2
recommendations request | id=85c97341-b579-4d57-a15b-de4e6b6f51ce | GET /recommendations/1 | status=200 | durationMs=3 | usersMs=2 | catalogMs=2
recommendations request | id=4790ec2c-fe81-4ad3-8d5c-d423a7bc1c2a | GET /recommendations/1 | status=200 | durationMs=3 | usersMs=2 | catalogMs=3
recommendations request | id=0dc16ea3-4a8a-4b5f-8f8c-d7656573dda2 | GET /recommendations/1 | status=200 | durationMs=1 | usersMs=1 | catalogMs=1
recommendations request | id=118f8df4-2a60-41ce-b453-894dfdadcf9b | GET /recommendations/1 | status=200 | durationMs=2 | usersMs=2 | catalogMs=2
recommendations request | id=8fd0c79e-ba1c-4918-ba92-94a80b0cb47b | GET /recommendations/1 | status=200 | durationMs=3 | usersMs=2 | catalogMs=2
recommendations request | id=bd05aad7-51c8-40f2-a602-57358770ab84 | GET /recommendations/1 | status=200 | durationMs=1 | usersMs=0 | catalogMs=1
recommendations request | id=eecaf138-a9c7-4f8c-a97f-85a74ebcbbc2 | GET /recommendations/1 | status=200 | durationMs=0 | usersMs=0 | catalogMs=0
recommendations request | id=0aef24a8-2a97-401c-9e0b-7b95a9af0fb1 | GET /recommendations/1 | status=200 | durationMs=1 | usersMs=0 | catalogMs=1
recommendations request | id=5ad63943-ed3c-4560-89e0-188bff06d426 | GET /recommendations/1 | status=200 | durationMs=1 | usersMs=0 | catalogMs=1
recommendations request | id=4ea7f732-0aaf-4fa5-b7cf-b52b5358fe32 | GET /recommendations/1 | status=200 | durationMs=1 | usersMs=0 | catalogMs=0
recommendations request | id=a319f30b-ffc1-48c9-b1e7-68a9a634ffca | GET /recommendations/1 | status=200 | durationMs=1 | usersMs=1 | catalogMs=1
recommendations request | id=56f13f8f-62c2-42e2-9faf-2e5a04507aa5 | GET /recommendations/1 | status=200 | durationMs=1 | usersMs=0 | catalogMs=1
recommendations request | id=891205e1-21c1-4a0d-94dd-197de2fa79c1 | GET /recommendations/1 | status=200 | durationMs=1 | usersMs=1 | catalogMs=1
recommendations request | id=7c81664b-8f57-46e4-80c5-325cd1a304e7 | GET /recommendations/1 | status=200 | durationMs=1 | usersMs=1 | catalogMs=1
recommendations request | id=42806356-dbb4-4722-accb-690f71d62060 | GET /recommendations/1 | status=200 | durationMs=2 | usersMs=2 | catalogMs=1
recommendations request | id=96ca1eec-656e-483b-a17f-03f72d939a5f | GET /recommendations/1 | status=200 | durationMs=1 | usersMs=1 | catalogMs=1
recommendations request | id=4c11dc27-9ea5-462f-b0fe-b1480202fda3 | GET /recommendations/1 | status=200 | durationMs=2 | usersMs=1 | catalogMs=2
recommendations request | id=91c1ee63-82b8-4919-8a1b-ee7b74c70542 | GET /recommendations/1 | status=200 | durationMs=2 | usersMs=1 | catalogMs=1
recommendations request | id=d52692e5-6e54-48dd-821b-902aa55cc57b | GET /recommendations/1 | status=200 | durationMs=2 | usersMs=1 | catalogMs=1
recommendations request | id=5a59fc6a-6792-401f-ab58-baec580dc4d3 | GET /recommendations/1 | status=200 | durationMs=3 | usersMs=3 | catalogMs=2
recommendations request | id=fd83e376-c978-4405-a470-e394ec62a76e | GET /recommendations/1 | status=200 | durationMs=2 | usersMs=1 | catalogMs=0
recommendations request | id=abf212f0-ea68-42b3-a659-e596993aec81 | GET /recommendations/1 | status=200 | durationMs=3 | usersMs=2 | catalogMs=1
recommendations request | id=d80835a5-a749-4007-9111-2938f7a77f64 | GET /recommendations/1 | status=200 | durationMs=3 | usersMs=2 | catalogMs=2
recommendations request | id=a28bdd98-8b7d-4d69-aefd-a6e630516bc7 | GET /recommendations/1 | status=200 | durationMs=3 | usersMs=3 | catalogMs=3
recommendations request | id=c453c317-94e4-4f41-9fd0-288d5b243b6d | GET /recommendations/1 | status=200 | durationMs=2 | usersMs=1 | catalogMs=2
recommendations request | id=65d40f58-1a21-48b6-bd32-105b590459a9 | GET /recommendations/1 | status=200 | durationMs=2 | usersMs=1 | catalogMs=2
recommendations request | id=9199782c-95fa-4db4-8f21-001b9e93cfd7 | GET /recommendations/1 | status=200 | durationMs=4 | usersMs=2 | catalogMs=2
recommendations request | id=37ee8aa2-62a7-4a1a-b490-03e72a368c23 | GET /recommendations/1 | status=200 | durationMs=3 | usersMs=1 | catalogMs=2
recommendations request | id=6dcbd437-ab72-4980-ae2a-03d7f02faad2 | GET /recommendations/1 | status=200 | durationMs=2 | usersMs=1 | catalogMs=1
recommendations request | id=342056ae-996f-4fa2-99f4-10f05c1fa897 | GET /recommendations/1 | status=200 | durationMs=3 | usersMs=2 | catalogMs=2
recommendations request | id=f072781c-a45e-443f-b49a-12450b0cf274 | GET /recommendations/1 | status=200 | durationMs=2 | usersMs=1 | catalogMs=1
recommendations request | id=150c9015-2a6e-4656-8b3d-45f40207c865 | GET /recommendations/1 | status=200 | durationMs=2 | usersMs=1 | catalogMs=1
recommendations request | id=783579e9-2539-4b7f-9ce4-455e32d95edd | GET /recommendations/1 | status=200 | durationMs=2 | usersMs=1 | catalogMs=2
recommendations request | id=e3b18c12-bead-445e-b8a1-1dc8e34b370d | GET /recommendations/1 | status=200 | durationMs=2 | usersMs=1 | catalogMs=1
recommendations request | id=87b23da9-7512-4278-b312-59a67a735263 | GET /recommendations/1 | status=200 | durationMs=2 | usersMs=2 | catalogMs=2
recommendations request | id=76787cf4-c106-47a7-9b80-df6b02d3825f | GET /recommendations/1 | status=200 | durationMs=1 | usersMs=0 | catalogMs=0
recommendations request | id=56d715b1-de88-472d-9f7b-36879c5552a2 | GET /recommendations/1 | status=200 | durationMs=3 | usersMs=2 | catalogMs=2
recommendations request | id=6bfc1314-2055-412b-bb46-94af58457f53 | GET /recommendations/1 | status=200 | durationMs=3 | usersMs=1 | catalogMs=3
recommendations request | id=35b0448b-f692-4677-a1ba-c46de8922066 | GET /recommendations/1 | status=200 | durationMs=3 | usersMs=1 | catalogMs=3
recommendations request | id=8d7e46ed-fce4-47d8-bf63-d1be5d5c16b4 | GET /recommendations/1 | status=200 | durationMs=2 | usersMs=1 | catalogMs=1
recommendations request | id=2cbf11b1-0dbf-4acb-9769-ed000753c7c6 | GET /recommendations/1 | status=200 | durationMs=2 | usersMs=1 | catalogMs=1
recommendations request | id=3fe94904-a01b-4b02-8921-131fcf9f54eb | GET /recommendations/1 | status=200 | durationMs=2 | usersMs=2 | catalogMs=1
recommendations request | id=1ed2a359-3d67-4112-afe4-7ab69aac244d | GET /recommendations/1 | status=200 | durationMs=2 | usersMs=1 | catalogMs=2
recommendations request | id=cf0e9cc9-6277-420d-a153-a00abef2d229 | GET /recommendations/1 | status=200 | durationMs=3 | usersMs=2 | catalogMs=1
recommendations request | id=7eb0e67d-adb1-4dc6-9f59-f1c656ac94d4 | GET /recommendations/1 | status=200 | durationMs=2 | usersMs=1 | catalogMs=1
recommendations request | id=f70bba59-2d45-4a94-8185-7f26eef0da8d | GET /recommendations/1 | status=200 | durationMs=2 | usersMs=1 | catalogMs=1
recommendations request | id=0e9092a4-ab41-4eb7-9380-2c583c2f3cb5 | GET /recommendations/1 | status=200 | durationMs=2 | usersMs=2 | catalogMs=2
recommendations request | id=2a9cb8d4-d3db-4d44-b0b5-76392f89fe87 | GET /recommendations/1 | status=200 | durationMs=3 | usersMs=2 | catalogMs=3
recommendations request | id=917f73b2-db71-4a19-b6d0-453b1c4438ca | GET /recommendations/1 | status=200 | durationMs=3 | usersMs=3 | catalogMs=3
recommendations request | id=3f0f1d46-8218-40a6-8218-17abc392a413 | GET /recommendations/1 | status=200 | durationMs=4 | usersMs=4 | catalogMs=3
recommendations request | id=cba741ae-d7d5-4690-b67f-998f94741596 | GET /recommendations/1 | status=200 | durationMs=4 | usersMs=3 | catalogMs=3
recommendations request | id=d166770c-9296-4387-86af-99be53ba585a | GET /recommendations/1 | status=200 | durationMs=4 | usersMs=3 | catalogMs=3
recommendations request | id=c0ed9bfc-0fa2-4113-b39d-486ec4c306e8 | GET /recommendations/1 | status=200 | durationMs=4 | usersMs=3 | catalogMs=3
recommendations request | id=b52914ae-4089-4023-b116-94bb14482552 | GET /recommendations/1 | status=200 | durationMs=3 | usersMs=2 | catalogMs=1
recommendations request | id=5d97cac1-47b2-4c9e-af74-78a95aa2368e | GET /recommendations/1 | status=200 | durationMs=3 | usersMs=2 | catalogMs=2
recommendations request | id=24948b52-d6dc-4f38-b997-919d9719fadd | GET /recommendations/1 | status=200 | durationMs=2 | usersMs=1 | catalogMs=1
recommendations request | id=d9618f47-fcea-4e2c-85ef-9aafd7441128 | GET /recommendations/1 | status=200 | durationMs=2 | usersMs=1 | catalogMs=2
recommendations request | id=e02a4b88-b075-4c50-b412-694c75c0be85 | GET /recommendations/1 | status=200 | durationMs=2 | usersMs=1 | catalogMs=1
recommendations request | id=a18ac0fb-8c5c-4c50-b6c0-1a273d006fe5 | GET /recommendations/1 | status=200 | durationMs=1 | usersMs=1 | catalogMs=1
recommendations request | id=9a8fdeaf-478d-42c8-a7d6-37e9c1d8eff1 | GET /recommendations/1 | status=200 | durationMs=2 | usersMs=2 | catalogMs=2
recommendations request | id=314f1d22-1629-4214-a065-88252b5343f7 | GET /recommendations/1 | status=200 | durationMs=1 | usersMs=0 | catalogMs=1
recommendations request | id=52a54b61-0ae2-424b-923a-2c8a7215c023 | GET /recommendations/1 | status=200 | durationMs=2 | usersMs=1 | catalogMs=1
recommendations request | id=175e9a2c-acd7-4b25-8d36-4166192f7c3f | GET /recommendations/1 | status=200 | durationMs=2 | usersMs=2 | catalogMs=1
recommendations request | id=6fe2233b-8f2b-46e6-a238-fd946b6913a4 | GET /recommendations/1 | status=200 | durationMs=2 | usersMs=1 | catalogMs=1
recommendations request | id=277719b9-8dde-4631-a28a-4a02d2662f69 | GET /recommendations/1 | status=200 | durationMs=3 | usersMs=2 | catalogMs=2
recommendations request | id=bb7a6bb2-4bb9-4945-9dbd-692983c8cffc | GET /recommendations/1 | status=200 | durationMs=3 | usersMs=3 | catalogMs=3
recommendations request | id=889e11f2-09d5-4b42-bf07-353605c24a4d | GET /recommendations/1 | status=200 | durationMs=3 | usersMs=3 | catalogMs=3
recommendations request | id=3564c6f2-10b7-4096-94a3-052d07ed034d | GET /recommendations/1 | status=200 | durationMs=1 | usersMs=1 | catalogMs=1
recommendations request | id=628093c0-0e86-459b-9209-bb2cdaafd47f | GET /recommendations/1 | status=200 | durationMs=2 | usersMs=2 | catalogMs=1
recommendations request | id=f9aa2fcd-6a2f-4f6f-8905-45a4ed0f36f8 | GET /recommendations/1 | status=200 | durationMs=1 | usersMs=0 | catalogMs=1
recommendations request | id=b0262cfd-5bab-4a23-85b7-c811265d0a7f | GET /recommendations/1 | status=200 | durationMs=3 | usersMs=1 | catalogMs=2
recommendations request | id=4475b70a-9354-4a85-9d42-fad2c9d4762a | GET /recommendations/1 | status=200 | durationMs=1 | usersMs=1 | catalogMs=1
recommendations request | id=bd8c1534-e52c-4c29-91ea-e5228289a810 | GET /recommendations/1 | status=200 | durationMs=2 | usersMs=1 | catalogMs=2
recommendations request | id=5403a5ed-53bc-4a68-9309-a814b0ae49bb | GET /recommendations/1 | status=200 | durationMs=2 | usersMs=2 | catalogMs=2
recommendations request | id=6e8af16a-f902-4d30-8e0f-7b1623399a4d | GET /recommendations/1 | status=200 | durationMs=2 | usersMs=2 | catalogMs=2
recommendations request | id=b45c8680-505f-4a0a-81e7-4509789ce73a | GET /recommendations/1 | status=200 | durationMs=1 | usersMs=1 | catalogMs=1
recommendations request | id=6ae5d932-7c10-4a8e-8e52-5859a600f37d | GET /recommendations/1 | status=200 | durationMs=2 | usersMs=1 | catalogMs=1
recommendations request | id=29a536f2-b4be-4396-8b40-cffe1b9d19fe | GET /recommendations/1 | status=200 | durationMs=1 | usersMs=1 | catalogMs=1
recommendations request | id=283aa9b5-fa36-44ee-900c-915c41067385 | GET /recommendations/1 | status=200 | durationMs=2 | usersMs=2 | catalogMs=2
recommendations request | id=db9ad5a8-4f47-4608-9aad-bf8bf08c5f17 | GET /recommendations/1 | status=200 | durationMs=2 | usersMs=2 | catalogMs=2
recommendations request | id=5131558e-970b-407e-b0c5-aec81ea6088d | GET /recommendations/1 | status=200 | durationMs=8 | usersMs=8 | catalogMs=7
recommendations request | id=2692a0c2-202f-420d-9162-f1199a3e8e36 | GET /recommendations/1 | status=200 | durationMs=1 | usersMs=1 | catalogMs=1
recommendations request | id=34473ff9-93f6-4bb8-8a15-67c56d536f9b | GET /recommendations/1 | status=200 | durationMs=1 | usersMs=1 | catalogMs=1
recommendations request | id=1cfde6be-73a8-46d5-8f87-e99522162cfd | GET /recommendations/1 | status=200 | durationMs=3 | usersMs=1 | catalogMs=2
recommendations request | id=e103e239-2a44-4373-bfa6-bfd2677da673 | GET /recommendations/1 | status=200 | durationMs=4 | usersMs=1 | catalogMs=3
recommendations request | id=bf88e4a3-3da8-451a-bbb7-ec306ab93c22 | GET /recommendations/1 | status=200 | durationMs=2 | usersMs=2 | catalogMs=1
recommendations request | id=baaf64c0-f683-4ac4-a00f-eea3258cba63 | GET /recommendations/1 | status=200 | durationMs=2 | usersMs=1 | catalogMs=1
recommendations request | id=45d33604-4cbd-446a-ad0b-c154970df531 | GET /recommendations/1 | status=200 | durationMs=2 | usersMs=2 | catalogMs=2
recommendations request | id=c2e59a45-41dc-4b2f-9851-2abde5d4c482 | GET /recommendations/1 | status=200 | durationMs=2 | usersMs=2 | catalogMs=2
recommendations request | id=bf120843-19dd-4411-802e-3a52fd127bb4 | GET /recommendations/1 | status=200 | durationMs=3 | usersMs=2 | catalogMs=3
recommendations request | id=ce78b989-baed-4c7f-996c-46286a6286ff | GET /recommendations/1 | status=200 | durationMs=4 | usersMs=3 | catalogMs=3
recommendations request | id=c6179694-7887-4397-906d-c3a13221babf | GET /recommendations/1 | status=200 | durationMs=4 | usersMs=3 | catalogMs=3
recommendations request | id=81530e95-24c2-4f00-97ab-b0ec9406303e | GET /recommendations/1 | status=200 | durationMs=2 | usersMs=1 | catalogMs=1
recommendations request | id=09141875-010e-4af2-98f9-5af5eadfe0bd | GET /recommendations/1 | status=200 | durationMs=2 | usersMs=1 | catalogMs=1
recommendations request | id=b098e081-f83a-4ee7-8cd0-1cd8a905ea63 | GET /recommendations/1 | status=200 | durationMs=3 | usersMs=2 | catalogMs=2
recommendations request | id=2c7a6583-920e-499c-b380-a919b649c999 | GET /recommendations/1 | status=200 | durationMs=2 | usersMs=1 | catalogMs=2
recommendations request | id=e2cecafe-a0f2-4b90-97e7-6e87edcbb5e0 | GET /recommendations/1 | status=200 | durationMs=2 | usersMs=1 | catalogMs=1
recommendations request | id=03b09c81-ec93-4688-9d37-f20b8e367334 | GET /recommendations/1 | status=200 | durationMs=2 | usersMs=1 | catalogMs=1
recommendations request | id=1a49613a-f7a7-48f6-a30c-796da455e236 | GET /recommendations/1 | status=200 | durationMs=2 | usersMs=2 | catalogMs=2
recommendations request | id=434136f8-6b8d-42f0-ad45-d291dedc4b67 | GET /recommendations/1 | status=200 | durationMs=2 | usersMs=1 | catalogMs=1
recommendations request | id=5b511923-a85b-4b6f-ada4-a2890befe85f | GET /recommendations/1 | status=200 | durationMs=2 | usersMs=2 | catalogMs=2
recommendations request | id=b646c943-e758-46fd-8913-a3b6d9e0849c | GET /recommendations/1 | status=200 | durationMs=3 | usersMs=2 | catalogMs=1
recommendations request | id=fcd5f66b-9bfa-45c9-9b7d-492aff3cf221 | GET /recommendations/1 | status=200 | durationMs=3 | usersMs=3 | catalogMs=3
recommendations request | id=c9155495-d5f3-4b7e-8770-61b6dae181b7 | GET /recommendations/1 | status=200 | durationMs=1 | usersMs=1 | catalogMs=1
recommendations request | id=18ae7158-6c6c-4e9c-8c18-9dafe8aca5dd | GET /recommendations/1 | status=200 | durationMs=1 | usersMs=0 | catalogMs=1
recommendations request | id=a73797b3-ea85-405a-b4cb-4fc64b784192 | GET /recommendations/1 | status=200 | durationMs=1 | usersMs=1 | catalogMs=1
recommendations request | id=80484a8c-b359-49dd-8f85-e2e3f517d7c9 | GET /recommendations/1 | status=200 | durationMs=2 | usersMs=1 | catalogMs=1
recommendations request | id=e17bc2f1-4cda-40f1-b771-f65ccd424f4a | GET /recommendations/1 | status=200 | durationMs=1 | usersMs=1 | catalogMs=1
recommendations request | id=bc7dbbd9-c2fe-491e-9c99-e9c4b95a69b8 | GET /recommendations/1 | status=200 | durationMs=4 | usersMs=2 | catalogMs=3
recommendations request | id=7e4389f7-4eb0-4b25-a23a-7ff1bb9c62ce | GET /recommendations/1 | status=200 | durationMs=5 | usersMs=3 | catalogMs=3
recommendations request | id=1facdcda-a10e-4ba1-b2ac-cd1302a8686b | GET /recommendations/1 | status=200 | durationMs=5 | usersMs=3 | catalogMs=4
recommendations request | id=9bf4c2ef-b6a2-4293-a583-2e4a9851b0f6 | GET /recommendations/1 | status=200 | durationMs=3 | usersMs=2 | catalogMs=2
recommendations request | id=2c6c98e2-5c6e-4492-91c9-cac0e42dbeb7 | GET /recommendations/1 | status=200 | durationMs=2 | usersMs=2 | catalogMs=2
recommendations request | id=967ac535-21d9-466b-b2ab-700a33d2e750 | GET /recommendations/1 | status=200 | durationMs=1 | usersMs=1 | catalogMs=1
recommendations request | id=eec45422-925f-4ffb-96b2-07d590d342a2 | GET /recommendations/1 | status=200 | durationMs=2 | usersMs=1 | catalogMs=1
recommendations request | id=d22cfdc6-06d2-4719-881e-0915c0dbd01d | GET /recommendations/1 | status=200 | durationMs=1 | usersMs=1 | catalogMs=1
recommendations request | id=c03b5901-96c4-4ab1-946c-32e7399160df | GET /recommendations/1 | status=200 | durationMs=2 | usersMs=0 | catalogMs=1
recommendations request | id=0ca0301f-b3d8-469f-bc41-0fa576aade04 | GET /recommendations/1 | status=200 | durationMs=2 | usersMs=2 | catalogMs=2
recommendations request | id=1bb7b89e-042e-4192-8806-9e69eadac5bd | GET /recommendations/1 | status=200 | durationMs=2 | usersMs=1 | catalogMs=1
recommendations request | id=aad4da80-754d-4366-8e69-7659a6859be5 | GET /recommendations/1 | status=200 | durationMs=2 | usersMs=2 | catalogMs=1
recommendations request | id=31861c72-258c-41d7-a184-efdfbc00d557 | GET /recommendations/1 | status=200 | durationMs=2 | usersMs=1 | catalogMs=1
recommendations request | id=828b5ff1-f839-43d5-b7c2-610bf3c753a3 | GET /recommendations/1 | status=200 | durationMs=3 | usersMs=2 | catalogMs=1
recommendations request | id=e22440c4-b902-47ad-b7e7-e999215ae58b | GET /recommendations/1 | status=200 | durationMs=2 | usersMs=2 | catalogMs=2
recommendations request | id=e2d0f211-2a3f-47ee-a2a4-e8b86d8229fa | GET /recommendations/1 | status=200 | durationMs=2 | usersMs=1 | catalogMs=2
recommendations request | id=dfa8049f-f2c3-44f2-b8f5-44521eaa77a0 | GET /recommendations/1 | status=200 | durationMs=2 | usersMs=1 | catalogMs=1
recommendations request | id=8098c3f7-65b5-49e6-98ef-d9b43b184ff4 | GET /recommendations/1 | status=200 | durationMs=2 | usersMs=1 | catalogMs=1
recommendations request | id=b146471b-42f5-4973-9d7c-600ef4d10413 | GET /recommendations/1 | status=200 | durationMs=2 | usersMs=1 | catalogMs=2
recommendations request | id=8de05e12-2e54-461c-abca-fc4c5021ef96 | GET /recommendations/1 | status=200 | durationMs=2 | usersMs=1 | catalogMs=1
recommendations request | id=598b126b-e1e9-43dc-9985-9931a32a55e8 | GET /recommendations/1 | status=200 | durationMs=1 | usersMs=1 | catalogMs=1
recommendations request | id=d570f7f2-ed08-4800-b898-648d585654b1 | GET /recommendations/1 | status=200 | durationMs=1 | usersMs=1 | catalogMs=1
recommendations request | id=647d152a-51cc-443e-b6f6-85803215f01e | GET /recommendations/1 | status=200 | durationMs=3 | usersMs=2 | catalogMs=1
recommendations request | id=62a079de-4311-45f2-991a-9acdc4f739a4 | GET /recommendations/1 | status=200 | durationMs=3 | usersMs=2 | catalogMs=2
recommendations request | id=43ccf3b5-5c4e-4cf5-b99a-8b33deeb221b | GET /recommendations/1 | status=200 | durationMs=2 | usersMs=2 | catalogMs=1
recommendations request | id=bad01067-6aa8-4d56-99ca-4e42ad845cc6 | GET /recommendations/1 | status=200 | durationMs=2 | usersMs=1 | catalogMs=1
recommendations request | id=7869dccc-d8fb-46a4-85ec-4b0bf2c2d625 | GET /recommendations/1 | status=200 | durationMs=1 | usersMs=1 | catalogMs=1
recommendations request | id=55174205-cc62-44db-a5aa-5274bc1c7d21 | GET /recommendations/1 | status=200 | durationMs=3 | usersMs=2 | catalogMs=2
recommendations request | id=fc4b301e-dac2-4cb3-8ff5-dfafb0788b4c | GET /recommendations/1 | status=200 | durationMs=2 | usersMs=1 | catalogMs=1
recommendations request | id=f1b8623a-2875-4c13-b5b6-64d81af34b6e | GET /recommendations/1 | status=200 | durationMs=1 | usersMs=1 | catalogMs=1
recommendations request | id=05fe9fc5-f38e-471e-909a-cc4fd67ae5ad | GET /recommendations/1 | status=200 | durationMs=2 | usersMs=1 | catalogMs=2
recommendations request | id=36dc24f7-e2e3-4c19-a047-de8a548422da | GET /recommendations/1 | status=200 | durationMs=2 | usersMs=2 | catalogMs=2
recommendations request | id=15075142-36fb-42c9-8f90-26536404650a | GET /recommendations/1 | status=200 | durationMs=2 | usersMs=1 | catalogMs=1
recommendations request | id=16dd97bc-0ffe-437f-a119-69eb06b06999 | GET /recommendations/1 | status=200 | durationMs=3 | usersMs=2 | catalogMs=1
recommendations request | id=17725dd2-e47c-499c-8c1d-c7f1776eed56 | GET /recommendations/1 | status=200 | durationMs=2 | usersMs=1 | catalogMs=2
recommendations request | id=98c20a1b-6150-41bf-89b5-ad85966427f3 | GET /recommendations/1 | status=200 | durationMs=3 | usersMs=2 | catalogMs=2
recommendations request | id=f3d3231c-d67b-49d6-a82b-e50e600f6ab0 | GET /recommendations/1 | status=200 | durationMs=3 | usersMs=2 | catalogMs=2
recommendations request | id=bcc008d2-cf59-4e9d-bb5e-148be359db5a | GET /recommendations/1 | status=200 | durationMs=3 | usersMs=1 | catalogMs=3
recommendations request | id=e478b863-cf60-428e-9fbc-4b9302728de5 | GET /recommendations/1 | status=200 | durationMs=3 | usersMs=1 | catalogMs=3
recommendations request | id=5794fe9d-d933-415f-a1bf-9bc396421926 | GET /recommendations/1 | status=200 | durationMs=2 | usersMs=1 | catalogMs=1
recommendations request | id=9ac89be5-8447-4840-9a08-5a72928fe586 | GET /recommendations/1 | status=200 | durationMs=1 | usersMs=1 | catalogMs=1
recommendations request | id=17279ee1-7eed-4d32-a18c-ff4c0a4d161f | GET /recommendations/1 | status=200 | durationMs=2 | usersMs=2 | catalogMs=1
recommendations request | id=e52874eb-e4e3-46af-8d0c-214d1e4aca04 | GET /recommendations/1 | status=200 | durationMs=9 | usersMs=2 | catalogMs=8
recommendations request | id=3571dfd0-01fe-4c83-8769-254e17a23bf5 | GET /recommendations/1 | status=200 | durationMs=9 | usersMs=8 | catalogMs=8
recommendations request | id=565b9ee3-5365-4425-816e-9551277bf68c | GET /recommendations/1 | status=200 | durationMs=1 | usersMs=1 | catalogMs=1
recommendations request | id=39683eb0-1c29-468f-bd1e-ac6070ebbf3d | GET /recommendations/1 | status=200 | durationMs=2 | usersMs=2 | catalogMs=2
recommendations request | id=0e1da313-24c6-4c2d-ae12-dc571a01a9de | GET /recommendations/1 | status=200 | durationMs=2 | usersMs=1 | catalogMs=2
recommendations request | id=2acd40a5-d7d1-4642-ac8c-82ba180aed1f | GET /recommendations/1 | status=200 | durationMs=3 | usersMs=2 | catalogMs=1
recommendations request | id=aec4deae-9120-4805-ae74-634066da0f4e | GET /recommendations/1 | status=200 | durationMs=2 | usersMs=1 | catalogMs=1
recommendations request | id=76cfb780-9d35-4167-a736-639542616ae0 | GET /recommendations/1 | status=200 | durationMs=1 | usersMs=1 | catalogMs=1
recommendations request | id=a2cd5ed7-b6cb-4256-858d-497e40747c98 | GET /recommendations/1 | status=200 | durationMs=3 | usersMs=2 | catalogMs=1
recommendations request | id=6524c5ae-01bb-474e-b233-3ce2289199bf | GET /recommendations/1 | status=200 | durationMs=3 | usersMs=2 | catalogMs=2
recommendations request | id=5edab51a-6446-4448-ba0e-079a09413b74 | GET /recommendations/1 | status=200 | durationMs=2 | usersMs=1 | catalogMs=1
recommendations request | id=2cfbaf5a-5874-4d4d-b7ec-b6793f370054 | GET /recommendations/1 | status=200 | durationMs=2 | usersMs=1 | catalogMs=1
recommendations request | id=e72ad000-a3a6-4d31-a09d-74d107456fe0 | GET /recommendations/1 | status=200 | durationMs=2 | usersMs=1 | catalogMs=2
recommendations request | id=c2297edb-eaf1-4c9b-8b8a-80d50d061182 | GET /recommendations/1 | status=200 | durationMs=2 | usersMs=1 | catalogMs=1
recommendations request | id=0b96e318-ad37-4a15-aeb3-05f878cbe57c | GET /recommendations/1 | status=200 | durationMs=3 | usersMs=2 | catalogMs=3
recommendations request | id=e9e5dd06-3cb2-43b5-82b6-228a46edb597 | GET /recommendations/1 | status=200 | durationMs=2 | usersMs=1 | catalogMs=1
recommendations request | id=2e70a1bf-9087-49a3-9fb2-e0fb64c3d865 | GET /recommendations/1 | status=200 | durationMs=2 | usersMs=1 | catalogMs=1
recommendations request | id=51e9a0e4-26e1-42c4-917c-9e56ec26d2e2 | GET /recommendations/1 | status=200 | durationMs=1 | usersMs=1 | catalogMs=1
recommendations request | id=ad21a5d2-624d-4563-a282-280e92c59096 | GET /recommendations/1 | status=200 | durationMs=2 | usersMs=1 | catalogMs=1
recommendations request | id=58a9d9b5-95fc-4c04-9c62-97df009f801b | GET /recommendations/1 | status=200 | durationMs=3 | usersMs=2 | catalogMs=1
recommendations request | id=a1a76bb6-ffe2-4eec-9430-2f98f0b0c1c8 | GET /recommendations/1 | status=200 | durationMs=2 | usersMs=1 | catalogMs=1
recommendations request | id=38a6e6ba-0df5-4639-9cdf-79ed3688b6fc | GET /recommendations/1 | status=200 | durationMs=2 | usersMs=1 | catalogMs=1
recommendations request | id=0a6f4446-bd2a-4be7-8ff3-8258761daa76 | GET /recommendations/1 | status=200 | durationMs=2 | usersMs=1 | catalogMs=2
recommendations request | id=47bbd27a-770d-4ea8-a6dc-eea817e6b65a | GET /recommendations/1 | status=200 | durationMs=3 | usersMs=2 | catalogMs=1
recommendations request | id=dd0acde9-dd7e-4c32-b42c-70b8bb99ff3a | GET /recommendations/1 | status=200 | durationMs=2 | usersMs=2 | catalogMs=2
recommendations request | id=d3f84994-e84e-4b04-9f93-7aaab9b56263 | GET /recommendations/1 | status=200 | durationMs=2 | usersMs=1 | catalogMs=2
recommendations request | id=158b9f9e-f142-4c73-b184-874fb6c77cf9 | GET /recommendations/1 | status=200 | durationMs=2 | usersMs=1 | catalogMs=2
recommendations request | id=9c8c1947-92d4-4ead-8a68-d3d5593dbf3f | GET /recommendations/1 | status=200 | durationMs=3 | usersMs=1 | catalogMs=2
recommendations request | id=9daeafb6-1080-4251-b42b-1a9c032c25d6 | GET /recommendations/1 | status=200 | durationMs=2 | usersMs=1 | catalogMs=2
